02fefe0101ffff00
0102ff00fe01ff01
ffff020000fefffe
fffeff01fffffefe
000002ff010200ff
fe01ff0201ff0001
00fe000201ff0000
0000000101ff0102
020100ffff010200
ffff01fe00ff0101
020002ff0200ffff
00ffff02fe01ff00
020501fefe080500
050801fe00080500
01ff0000fff8fafe
fd00fe0100fdff00
ff0101fe02010101
01ff02fe0000ff01
ff01fe00fefe02fe
02fefeffff01feff
ff02fe0202010001
ff010101ff000202
ff00fffeff010200
02fefffe0101ff02
ff00020200ff0000
0001ff00fe000000
01ffffff0202ff02
fe0000010100fffe
00feff0002fe01ff
fefeff010100feff
fe000101ff0100ff
ff0201ffffff0102
0201fefe03010100
0403020102040502
010002ff04000a08
0300fa0002ff0c08
0301fb0004050d06
0302fcff08080c08
0605f801020c0b05
00fef8fe07030b06
08fbf70106011209
10fff7000d06100e
08ff04010803fa0a
09fe05fe09f7090e
f6f9ee0008f20c0c
03fdf10105f8120d
0f08fcff080a1109
0f0d0501070a0e07
110b0b00090b1003
13051002010a0b05
0e030b00ff010907
0805090002010b09
fffffeff00000001
0101ffff00feff00
02020201fffeff02
0000fffefe0201ff
02000202fe020000
ff02ff02000101fe
0807000101ff0900
fff604020bf70eff
fdf907ff0afb0d03
02040201ff070304
0509fa0001060c07
0209fcfe0308110d
fa08f8ff02070d0d
f407f3ff02fe020f
f408ecfffbff0a13
fc0be5fefe081412
f808e5fe0004080f
ff0ef4001505fb11
0016f3000e0d0117
0715f7fe1706fc13
060ff7001aff0406
070af9010e000a05
0400020100021107
0708080102020900
0507fafe00040afe
0706f9fffd050ffd
150904fffe0f1302
0d06fe00ff031101
fd00f50100faffff
fdfffa0101fafb02
0101020102010002
0101fe010200fffe
ff0102ff02fe0000
01000102fffe0000
0204070200f7f708
06fa0c0009f90f04
04fd0efe050c1102
fa0bf5fff8040c06
0110f601f9060f14
000efa01f8080813
f405f102fa02100c
ee09ea0101000e08
e806e701f6070afe
e5ffef00f2090efa
ea00fb02fdfd0e00
f200f2ff11fd0a04
f603f00115ff09fa
fafef1fe17020df6
fbf7f1ff180108fd
fef3f8010d020bfa
01f1fe00060d1af7
03fdfeff0a0c11fb
0000fc00020912f6
03fcfefefa1012f7
06fcfc01f11410f9
04f8fe01f41317ff
00fff90106000cff
f8f904fe0af801fe
ff07fffe0b040600
0101ff02ffff0101
ff00ff0002fefeff
fd02fe0101020102
fd080b0205f5f80a
fcf80cff00090bf9
fb0c02fe0009090b
f61bf4fefcf7fe13
f215fe01f6f2fe0c
ec05f101f6020105
df06ed00f8ff0414
db06e8fefd06030a
dc06e0fe00070305
e204f0ff050103fe
e806f2000a01ffff
f406f6ff0cf7f901
fa00f7fe05fd01f9
fcfbf4fe0dfb05f2
fff7f00101fd02f2
05f0f300000202ed
04f8f7fd01fc06ec
0907f7fefd0301f5
04fff3fefb0901f9
09fef700020a04f7
0601f9fffe0c04f5
0f040400f61107f7
fff70000ee160afb
eff400fef8100603
f8f7fdfe0a110e0b
0808f5fe010c0f09
feffffff01000102
010001000201fe01
070e0dff01fb0006
fd060e00ef06010b
fc13fafffefa0417
f40d0b020bf5fc0c
ef0d07fe02ff000c
e6060102fc02fe0c
da05fafe0107030d
db06f6fefd0d0705
e108f300ff080405
ec05f5fe03060603
f904f80102060407
01fcf6fe07fe0203
06fff601080001fb
05fbf5020afcfbf8
fefdf3fffefbfcf2
09f5f800fdfffdeb
07f8f20201fcfbef
07f9f701fffe01ef
01fbf8fe020201f2
03fdf60004fefcfc
0605f8fdfffcf7f6
0e11ff010204f4fa
0d0900fff6150300
f9f8fc00fb140f05
0805fcfefc121307
0b0ef8fffb0d0d05
0102fe000001fefe
f60af60205fbf6fc
000001ff070f0cfa
f2040300fdf8030e
f7120202ff01040f
f81305020503fcf7
e9030aff04fefe04
e4fe0602fc03030d
d7f90101ff0b080b
d0fef602f60c080b
e5faf700fd030b0a
f5fcfbfe00040a07
04faf8ff01040807
0bf7f80001fd0804
0df50101fffe0805
06f8fffdff020502
fff5ff01fd010603
fbf201fefb0107fc
f7f00601fefa05ef
fbf30703fa0104e5
03f30801fe0204e9
00f703ff08fffefa
04fd030102fdf5f2
070905fffd06f502
0f1005fe000b04fd
060005fe010f1205
0e090801fc0b0403
0506fb02f80c1004
0001010002030000
ef0bf6fe06f7fb05
f6fefefe060508fb
f1040bff04f5fd0e
f411000101faf80f
f611fdfe00fff6f9
e9faff000afafb04
e30002fe07ff0106
d9f8f401fb060606
dbf8faff01070a08
eef8f6ff04030d02
09fbf6fd03020a06
0ff6fdfd03ff0808
10f30300fdfd030b
10f8060003fa0409
07f20601ff04070a
fdf008fe01040205
f9f20c00000503fa
f4f20e00010105f2
f9f50c01ff01fee7
fef60dff0303fce7
fef40e000103f7f2
fdfb0c01fc04f2f6
fefd1001fe04f3f6
010701ff050503fc
fe02fc000c090d00
0a0f0300fd0efc03
0404f901000d0c02
040ef4ff00f6f4ff
f307fefe0cfa050c
f504fcfe060800f7
fa060afe04fcfd09
f20d00fffffcf711
f30403000304fb03
edfcfeff0205ff06
e8fb01fe0605020a
dcf2fb00040a0c07
dff5f9ff06080804
f1f8f20107ff050a
07f9f4fd060508ff
11f200ff0aff0503
17f00cfe0cfdfe07
10f20d000ff4fc0b
05f5090009fafc0a
fbf008fffdfeff05
f9fc0f02ff01fb03
f3f80efffffffff9
f3f50afffeff00f2
fafe0e000501ffea
fdf90f01020700ea
faf9080103fffcf2
f6fa09000afffbec
fefa0eff0b0c07f4
03080900081304f6
02fffd01f414ff07
fcfc0800ff070804
f904030103fd0203
fafc090207010d03
f608fbfffffffcf9
effafaff01fb060e
f301f8fe11fc0506
ec01000001fc0109
eef3000100070402
eaf8ffff0c060403
e2f9f700060709ff
e5f1f50008090904
f1eeefff09010a08
0df6f8010c0406ff
12f202000ffffe01
15ed11fd15f3fd03
0ef010fd14f2fd0a
03f50afd05f6f30c
f9040bfff7fdf50b
efff0a01fefcf90a
f2000cff05f9f7fa
f0fd0a0202fd00f0
f20007ff010005e7
fe070d00ff0402e5
f6fc07030b00fee5
f9fb02010803fde4
fffe16000b090af3
fd011602020d10f7
f7ff05fff109050b
f3060801fff6fd09
f808030100010101
ff0002ff05fd0203
fc0005fe08f10204
f3f6fc0006f70309
f0f8faff0d070d02
edf7f8fe02fe070a
eaf5f70002040806
e9fdf6fe0a080705
e5fdf3020a0d0afd
e7f4efff0c0f0bff
faf4f2ff0d0b0903
0cf6fa011106fe01
15f3070013fffafc
0ff60f001bf3fe02
0afb0ffe0cf2020a
05070b01fdfaf708
f50c06fff7f6fb0f
f208020101f3f506
f00205ff03f90104
f003060102fd00fa
f3ff0302030109ec
f50508ff050003e9
fa0105ff0e0000ec
f4f80afe04010aee
f7061e02020a12f0
f6042302fdff05fa
f1f80dff06fa0a04
f1fc05ff05fbfa07
f905000000ff0102
fe09f7010af00506
fdfa040010f70a07
f5fd0bff03fd0a0a
f1f500fe04040f08
f0fdf201fc050707
f5fdeffe03070905
edfcf4fd080a0b04
e5fdf5ff07100afd
edfbf2000a1205fc
fbfdf6000f1102ff
06fcff0011090100
0d0102fe0d07fcfc
09050efe0afe0a06
fc0b0afefbfe080d
fd0e07fef402ff09
f90b01fdfa020306
f601fe0002fb0607
f2ff00ff03f80607
f704fbfefbfc0101
f3fefbfff8fd08fe
f80303fffdff06f3
f50303ff040302f5
f7fb0fff060512f0
eff81a00060a1ef0
eef71a00fffe0af3
f5e70efe050617fe
f8ff13000afb050a
feff03ff03000203
ffffffff07fbff06
f6fb0fff0cfe0509
f9fb0dfffe030e10
f3f2fb00fdfe0e0c
f2f9ecfefd0b0c07
f600ee00070b08fe
f001f5020b0c06ff
ee03f5010f0e03fe
f504f7fe0b0bfefe
fe05f8000b0cf9f6
0d0bfffd070bfcfb
1415fc010100f6f5
0c1603fdf4000601
041008fdf2fe080e
000907fdf305070e
fb06fafdfb020606
f602fd00fefd0909
f903f9fffefc0b08
fe07ef00f2fe0301
0105f0fff70004f8
fd06e800f50b01f7
f906eeffff0a02f7
f5f6f5ff031014fb
ed04fbfe0b0608f9
ed04080107fb03f3
f1f20dff04fb08f7
f2fc0f0007ef0315
0705040100fffb05
00fffbff0300fe05
f6020fff09f9070b
fd02fefef9fe090d
f3f6fafef6040b04
f606ec01ff0e08fe
f605f4ff050806f8
f800f8010a0b00fd
f908fd00090afdfa
ff0bffff060afff8
040c00fdfd09fef7
0e0cfffff505fcf7
1310fbfff0fefaf9
0a0703fee7010404
050509ffee00040b
030505fff10a080c
fc0701fefb08060c
fb03f900fbffff08
ff05f401ef030708
0407f100ea030902
0708ed02f10601f8
ff0ae400f908fffd
f306defe030a0402
f50ae0ff08070d09
ec0ef4000efc0106
ec08fe0106f4f7fd
f2fdff00f9f1f3fb
f8020802faf7f70b
0700fe0008fe05f7
fe0000ff02020300
fc0405ff0df30209
0411fcfefffefe13
f704f700f900fdfa
f70cfa010507fff3
f90afa00040704f5
fa04fffd0308fbfa
fc08fbfd040afbfa
000c0300ff08fcf8
020506fdf60603fa
050602feef0706fd
070701fef00304fb
05050b02ef010205
fe0910fff3020107
fe050afefa020405
ff0b04fefa060004
f807fc01f50a0202
fe08fefff0070904
0507fd00ed050400
0604fa00f5fe08fb
fe06f300ff0006fb
fa0ae801090406fe
f30de5001000080e
f80dee0115f8010a
f7030300fff6fa05
eefbfbfefaeef10e
f8fffefffff5f50e
0700010207fb03f9
faff01fefe0603fe
0614fdff07f5ed02
0315f6fe07faf30e
f80aff00fdfbf9f7
f80b02fe08fb00ea
f90a0aff060203f3
fd0601020407fdf6
ff080200f708fbf7
0005fd01f507f9f6
fe000700ee0800f5
000203feed0d0200
030706fff20c0600
ff080afef0060208
010e0efef503fe07
fb0b0c00ff03fe06
fc0906fffc06fb08
000b0802fa080202
090a05fef4060a00
060af2fdf00007fd
0504f702f9fa0cfd
0205effd01fd09fb
fd07f001020107fe
fc08f30009040cfe
f40af4fe09f20702
f101f602faffffff
eafefafffcf9e8fa
f402ffff00f4f60d
fd0400fe02fdfa06
f905f6fefc030105
f812f30106faf90c
0418f7fe01f7f40e
000b0701ffedff05
030a060008f305f2
fd050301fefd03f2
fe0af8ff02fef9f8
0205ff00fa09fcf5
ff03fdfff207fef0
fcfe0300ec0b03f9
000402ffee0a0207
000205ffef0c0304
ff090900ef08fd07
060e09fefdfdfa0c
021007fe0304f803
ff090bfdfc05fc0a
ff0605fffa060201
0909fcfef6030700
0a0ced01f4fd06fc
080bf201fefb0500
0110e60005f4fa00
fd03e801ffff08ff
fe06eb01fd0208fe
f308f1fe05fb0704
e503f1fff1fff6fe
e4fdf60000f5e4fe
f4fff8ff02f4f60a
ff00ff010001fefe
f705f7fffc000305
f70ff2ff0202f60b
060ffb0005f3fd0c
061201ff00e7fa00
050a000204f104f7
010a0601f8f603f3
02050402fbfe02ea
0603fffff80302ea
03010300f30403ec
06fb02fff2060401
0206fffeee0b0a0b
fd060001ed0b010c
030706feec05fc09
080c0dff03fefa07
01070bfe0802fb03
fb0a08fdfd070102
02080200ff050800
0d0bf700fe030401
0605edfffbfe0703
0405f50101000403
060feffffffffcff
fe08f4fffffc0101
0103fcfefd0106fc
f7ff03fef9ff05ff
e405060002f8f20e
edfa05fffff9ef03
eff6f4fe00f00308
f7f70d000afb070d
fa04f900fbfdfdff
fd0802ff0a01010d
0212ee01fef5fc02
060af602faecf8f9
0008fafefdf4fffd
0102ff00f5fa05f5
000104fefaf801ec
0201fffffefa03e3
fe02ff01f5ff03ee
f8f80200f4020d06
ff0104fde808090c
060b0402e307010c
050b0a00ed05fd09
090b0efe06fefd06
010708fe07000006
fc09040101010304
0206ff0006ff0805
0509f30107fd0005
02ffed01fffe0003
01feecfe04060004
0505ef0007fefbfe
f7f9f1fe07f60101
fbfcf901f7f8fbf6
f103fafef6f9f6f6
e90a0401fcf4f104
f9fc0f01f6f9f90e
00090501f5f3f20f
050205fe01fcf901
f4fc0c000df30a09
060904010bfc0801
0310dc00f4f9faf9
0902ef0001f2f9fb
0100f701f9f7ffff
0300f9fefff800f3
000501ff03f4fbf0
fe03fd0002fc01e4
0003fe00fefb06f2
00feff01f5fd0903
080502fff5ff0405
06000b00f104060c
06060dfef8fefa0a
030909ff0dfcfc02
030800fe10fffd05
0309ff010cfe0106
0109f9ff0bfd0208
0407f0000703fd03
01f6eb0107070103
00f8e8000a040004
faf7ef000501f9f8
f8ecf4ff06f9fdfd
faf3eefefdfbfbf9
fcf4010004fcfdfe
f7fd06ff03f5f202
f60502fef6f3ed0c
ff070802f7faf805
02ff00000102fffe
07f702fffaf707fd
060feefe08fcf9fa
fa0fd4fef5f6eff8
06f7e801faeff8f7
01f3f9ff00f403f6
fdfdfbff00f0f9f5
f604fdff04f4fef5
fa01000107f803f2
ff05f8ff04f607f1
03010101fdfe07ff
0c030401fffd0301
08050bfd04fefe04
ff000c0103fe0304
040405ff0efb0406
0104000214020505
0506f9011000fe04
0309fafd0f01fe01
0404f2000903f701
02f5e9000704fb04
f9fae4ff0100f701
f7f3ec0104fef4f8
fdeef6fe0601faf6
02eaf8ff02fff8fa
fded050206fdfb08
f7f1ff0206fe04ff
0008060101f5f208
070508ff02fdfd05
060506feff00f706
f708f9fefffdfc05
f112f0ff03fcf3fb
f90cec0203f6eff9
05ecf20106f7f6f9
05f3f4000af7f3f4
f6f6010209f1f9f0
f200050208f4fef3
f803fcfe08f5fdf6
fcfe00ff04fcfef9
03ff01ff05fc00fe
07fc060007ff03fc
08fd08ff0c0008fd
04fc050006000a03
03fc05010f000805
03fcffff11050706
0300f7010f0703ff
0402f800060703fb
04feea000c01fbfe
fcf9e0010201f702
fff5e8ff0605f7ff
faf6f4ff0900f3fb
00f6ed0109fef5f6
00eff7ff03fdf1fb
faecfc0104fdf8fc
fbf403fe06fc00ff
0610f00202f3f6ff
0401000102fdff01
080406ff02fef906
ff06fd01fe01f803
f309eeff02fcf3fe
02fcfb00fcfffcf9
fcf4fd0105fef8f9
fffdfb010ef5e8fb
f7f7060105f1f2f3
f1fe0b0002f5f5f0
f7fa04ff0df0f5f9
fdfc09010af3fbfa
00fb060005fb01fd
04f9060005fe02f9
03f50d0105010afc
07f608fe05ff0902
04f507ff07040b06
08fafdff0d050a04
09fdf701070b0afe
04fcf5fe0d0601f8
06f9eafe0c05f800
0702e5ff0405f400
04feecfe0600f303
fe02effe0601e9fe
fff8f30206fbf3fb
02ebfc00f805fa01
f7ed03fef502fafc
01f900ff01000301
0c0ffe00000605f9
01ffffff00fd00ff
01fefefe0202ffff
fffeff01fffefe02
fb0df300fbfef5fb
fafdf302f30a0ff2
00f9fffefd000af5
030601fffbfbfcf7
05080300fef9f5f3
fa0202fefff6f3f1
feff030100fdf8f8
0006060106f6f7fb
08050a0209f6fafa
050305fe03f3fc00
0802080104f8f809
03fcff0100fdfe05
060101ff0c060100
08f8fa000c030103
07f8f601060b00fb
06f5ec010d02fb01
03f4dcfefb07f807
08fcd6020007f506
01ffecfffd07f504
fc05f201fc02ed04
f4f4fefff4fdfd03
f5ecfcfeea0b0807
f5e4f5feed060a01
fdfcfb01f6040200
0d130bff0504faf8
02010001ff01fe00
0002ff010100ff00
00020001fffe0001
fd05faff08030401
f7fff2ff050315f4
fbf3fbff0bf912f9
fdff0afffffe0bf9
fbfefd02fcfb01f3
f6faff000100fef1
f8fb03ff090002f5
fe06fefd0600fdf2
02ff0400050503fa
000101fd0208fefe
fe0005ff020404fe
fbfe0501ff0705fe
fd01fcfe04050300
fdf5fb0106050805
f9f4eaff010c0802
fcf3eafe0cfb00ff
fff6ddfd0101fd01
04fae501fc0cfe03
fdfef1fef90bfe00
0205ed0100fef6ff
02ffef00f505fbfa
01f1fd01ea0a04fd
ffeffefef8f30004
060afc0200f4f201
050802fe0afdfb03
ff0201fe0101ff00
fffe0201000002ff
ff00000001ff0201
000102fff90809fd
fefb0c00060809fd
f8f906fefafe0602
eff501fef4fc0701
eef7f5fff9f805f6
f1ecfd0104fb09f8
efecfd000cfb09f5
faf20200050808ed
f5f7fdfffb120dee
f2f90301ff0f10f5
f4f706ff02030efd
f1f70300fd0809fb
edf20200000a0d07
ebf3ff0000070dfc
e1edfb00000716fe
e0edf60101050f01
eceeef0105090ffd
e9edf2000a0916fe
f6eff80106090d00
01f0faff100b0df7
03fb0102080404f1
05fafe01f70a04f1
01f2fb0206020ef5
fdfdfe00fafe0002
fe01fefe00fefe02
fefeff00ff0000fe
fe0102010000ff01
fffe02020101feff
000101010102ff00
00fb050101ff0402
feeffe02f609fcfd
fcf0fdfff102fefe
f8e90002f40601fe
f9e40501fd0d0f08
f6e9060101071405
f5e80e0106071d04
f0f008feff051905
efee0b0101081d02
e6ef0802ff0d1b06
e3e610fe06062600
e3d90dff04072307
f3e807fe0dfe12fe
fce60cff06ff1b06
fae61000010a1f0e
f5e20c0107051d0f
f2e305ff1cf21a0b
f6dd04fe0a022612
fdea03010d051a0e
f7f5040110fe1202
f6f7fe0007020306
01f4fe0202050500
fefe040205010103
02fefefffe020100
0102020002000001
0102010001fe02ff
00ff00000200fe02
00ff00ffff0001ff
010000ffff0202fe
fe01fdff04fbf802
01fffe0104f9ff02
01f607ff080108ff
fdf607ff09020704
fbf608020efe0906
fcf8080009f80a03
fbfa13020ef50c0a
fdf2130202010f08
fef00f0006001003
f9f8090011f40909
f4e7160205fc1414
00f00efefc01100d
03f506ff03fd0e11
faf605000ff40713
faf5070008011013
fdf000010402080e
fcf8010108fe010d
fc07ffff0bfc0509
ff0b00000cfc0408
0208ff020df2f7fe
01fe02ff000201fe
01fefefefeffff01
000002fe00000000
000201010201fe00
fffe020202ffff01
010102020002fffe
020202fe02ff01fe
ffffff00fffe0102
fe01fffffffe00fe
01fe02fe01fffe01
fffffffeff02ff02
010200ffff010102
0100ff020002ff01
0201ff010001fe00
00fffffe0000ff01
0201010000feff01
f9fcfa04f902f7f7
fcfcfa04fb02faf6
01010201fdfc020a
ff0101fe00010404
010200ff01fffe01
0100fe010100fffe
01ffff00020001ff
010201ff000201ff
000001fe0000ff00
01fefe00ff010102
02fefe02fffeff00
fe0101fffffeff02
0001fe00ff000102
01ffff01010100fe
0002fffe0101fe02
0201feffff010000
0101ff0001020202
ff0002ff00ff0100
0201fe0200010000
ffff020001020002
00fdfd01fefdfdfd
fffefdfefdff00fe
f700f4f8f7f7fdfa
f7fef5faf6faf9fa
f5fff2f8f7f9fff8
f3fff3fdf5fffdf9
f8fdf300fa00f7f3
ff02f5ffff07f6f5
fc00f4fcf804f0f3
fb01ecfdf906f5f4
0004f5fd050204fa
ff01f7fdf5fa09f8
0801f9f9f3fd0d05
0804fafdee040500
f0f9f502f0fff4f7
f0fbf902f2f4f6f9
f2f8fcfef5f3f4f9
f4f4fdfdfafbf4f3
f7f8f5fcf8f8faf5
faf5f6faf9f8fefc
ff0001fe0000ffff
00fffe0001000002
fe02fefeff020101
ff02ff0102ffff01
01fffffefe020102
ff000101fe0001fe
fcfb000000fbfe04
0602f900f20602fc
0002f6fef503fdfb
fcfefc00fa05fa02
f3fef301f4fdfc05
f201eefbf2faf800
f702f4fff0fbfb07
05fcfffcf0f9fd0f
00f2f9f9eff1fe13
fcecf101e6f0ff08
01edee01f1f60402
f8f6e7fffded00f9
fef0e0fdfcf4f900
f2f0ebfdf3f5fe09
eff1f5faf4f0f80c
f5f3fbfaf5faf008
f4fe06fff900f0fe
f3f60400faf9f100
f5f102fefaf6f505
f4f1fbfef9f8f605
eef3f5fcfaf7f5fe
eff0f5fff5f1ff07
01fb0104fcf90108
030305fffffe0305
020101ff01ff0000
0201fffefe020100
ff00020000010002
0102000100000000
f603fdfffcf70cf6
fd01f6fcef0604fb
f003fbfbf10bfdfe
01f9fe09f9f80113
f4f7fb06f7f5000a
fdf60306faf303ff
fcfa0205f4ee03fc
ff02f9faf0f00303
0604fefcfaf30506
11ff02fe03f10207
0b0000fffef50606
05fef6f7fd000401
0ffbfaf7fdfefa08
0bf6f8f7f4fef800
06faf1f8f4fcf307
0200fefef402ef09
fc030406ed05e904
f7fcfe0af8ffe901
fbfa04060300eb05
03000a020b0eec01
05060504020ff309
03fcf703fe10fa03
01fbfbfffe06fe04
0707fb010606030c
04fef7fe0207fc08
ff0102ff01ff0001
ff02ffffff01feff
feff0002fcff03fe
f801fe06fef50df7
00fe0b0efcf806f9
f9f5ff0bfcf801f9
fef2fd06f9ed0301
04f30400f6f60500
0bfa09fafef903f5
08f7ff00fbf40afb
0b02f9f801f60bfa
0e05fdfdfdf70afa
0d0702fd01fb0afc
0a09fefd03ff0b05
0806f8fa04ff0cfe
0803fefbff0606f7
0a02fffafd0505fa
09fcfefcfe03fdf7
0afc03fefb0bf8fa
06fc0304fa07f7fd
04fbff010303eef7
05f9fef90903edf4
050105f70808e9f3
080402f50d04ecf5
0007fff5130fe7fe
110805ff0b1df300
150d0702081b02fe
0b0502fd011508fb
0df5f3fcfe0efff9
00ff00020001ff01
feff000102ff0100
f8fffa00f7f80cf7
07fafd0004fe0dfd
02f2f603fdee0e05
f3ee020701f0fdff
f9f3020306f4fcfc
01f3030101f3fcfd
fef705fc03f5f409
010501fb06fcf606
030803fd09fd00fb
050b0603fe0407fc
07070603020404f9
0402fa02fe0503f2
0801fc00fe0901f2
04f8f2fdf90509f8
07f9fcfafc0703f9
07fdfcfbf90900f5
04fbf5fcf908fdf7
06f7f500f803fdf3
08f7fbfcf709faf6
08fef9f20006faf2
0b0200f60000f6ed
05fb01fdfeffecfb
04fffdfafe0bf4fb
130703fcfe160303
0efdfff9fe14f9f3
0bf4fa00ff0bf9fd
fefe00ff010101fe
08010a07f9fa00f7
fc080f081003f7f9
fff6050308f20407
01f8090003f4ff03
fdfa0dfd0ff3ed01
00f4020306f0f8fe
fcf9050202f3f901
02fe0b0607f8f807
fe00090602fafe09
fb060a06fefd05fd
f90b0208ff0101fe
fe060006000701fe
0001ff0afc040602
00fdff03fa040800
04f6f901f60707fe
02f6f601f7060903
02f9f703fc050601
fcfdf9fff50004fe
010000fbf908faf5
fbf9f9f9f707fcf5
fffdf8f6fa00fa01
0b0202f0f905eefa
0e0103f3fb07eff1
04fd07f7f707e7f6
04080bfb0013fbf7
fa050efb010bf8fb
02fbfcfcfb00fafb
ffffffff01feff00
00fb0f11fbedfe01
ff060e041102f5ff
fdf90e000bedfb05
08ef060305e702fa
08f90afc0bf0f8fc
00f60a040eedfa07
fffb0d000af4f3fe
0000110503fefb05
fe060a0407fffa09
f80e030504fefefe
fa0b0306010200fb
f603fd09fefe05fe
fef9fd08f9000c03
00f6fd01f7020dfe
03f7fd01f8090bfa
02f8fcfbff0608ff
0300fb03050301ff
ff06fdfb0103fff7
0105fef90003fbf9
fbfffcfaff01f9fa
fb06fff80004fafc
040704f10007f9f9
0e0604ebff0af5f3
120003f3000ce900
120906f90619f5fe
04070ffa0709fa02
05fcfcf70101fbfd
0c0cfcff090bf9f4
f7000bff07f4f610
060611050c03f800
09fe05020af1fbf8
0ef1020407e600fc
02fb09fc0af3f8fd
ff00080108fafc06
ff000a0201f9fcfc
fd0007070501fb03
fd0907010a06f805
fa0b020407fffe04
f90d020208020002
fd060000fd0100ff
03fafbfff70508fe
05f9fefcfe0309fd
04fbfffcfffe09fd
0bfe02ff03ff0df4
050403fe05fc07f5
0405010309fe05f7
0203fffdfffe07f7
0204050002fefcf8
00030504040401f9
04020a00fcff01f7
0e0b0df00307f6f6
0d150aeb091ae7fa
151511f50c1df3f7
120f0cfc011305f2
090b0700fd0c05f9
f801070006fffd06
f1ff0b0008fbf111
0b05110403f902fc
0500f807fff70202
fef5010308e8fef7
fcf60b020bec01fc
fcf9050803ff02fc
f8fb050bfefe01fd
faff060a00000000
fd0407010502fcfd
f60a02fd09010303
f81004f90703fa06
fd0802fcfd05fd08
03fdfff9f6020206
fff604fbf5fc0805
fef60804fefb1102
09f7080507f710f8
0400090509fa07f4
020306040dfd01f8
0301020205fc01fb
0602050706fe00fb
06040c03040000f3
02001006fefd00f7
0f080eff0404fef5
0f1e08ea101debf9
0f1d10ef0a1df7ef
001308fbfe08fcfe
f7f807fd00f5f80a
fa0104fd0100fd03
fa0503fd05f9fc05
fd0a04fb0ff6f908
06ff050c01f007fd
fc03050005f5fcf2
faf8090205f90505
faf70606fe010706
faff0907030601fb
fb0307fd0008fffe
fb0a07f70307f900
fa0b06f60604fcfe
001007f50901fe03
080e05f7040cfe0a
030301f5f402000c
fd0000fdeefc0c07
faf90202f8fa0c02
fcf5030705f50b00
03fbfd030df805ff
030400030cfa02fd
02ff01000afd0201
00000b0507f9fffa
00080b0408fefcf5
0506090a06fe04f4
0cfffe08fb0704f3
0c1a04ef041ae8f9
fb0f1001110bf003
fd0e0cf00107f9fc
fb01fcfb00fd0106
fe0004fd02fdfd02
030efff80cfbf600
f7040bf70ef3f80c
fefe0107fdf402f6
fbf90906fcf503f7
fcfc0a06020306fd
fcfc0807010e00fa
fb030502020c00fe
fdff06feff07ff07
fe0310fcfe07fcff
01080cf90405f900
040d06fb0805fb06
061103fd0307fc0e
000ef7ffee05ff0c
fb05f602e6fe0c0a
f6fcff04effc0906
faf8f905fdfc0509
fd01f70808f90101
fd02f8060dfa0705
04fdf90809fc0704
fefbfc0b06fc0aff
fc03fa0504fe06fa
fc08fc0e00fb05f7
030af509f70bfaf2
0d17f6f4f720f9ec
0a1107f5fd13fff8
081813f5011504e3
f907f9fdfcfb03fc
fd0100fd03fffc02
fe050bfa09fcf304
fb0207f90af9fa0b
fe08fcf701f901fa
f7f8fe04f8f80bfc
fbf90b07fe0206f8
fe030406040e03f4
01030501040cff02
feff0bfe0604fd05
01020dfd0209fbfd
080110050c05fc03
03080a011009f808
0d1103020307fc0d
0911fd05f406070c
f500f60ae5fb080a
f6fcf808f0fe060c
f9fbf708fefcff0e
fcfff40307fe0607
fa01f80808fa050d
0503fb030c010c08
0401fe0008020bfd
0507f802010609fa
0004f710050504fa
0108f51bf31500ed
1011ec02f30ff8f3
0607fdf1effff901
fa1314f5ff00fef9
f3fefe01fdf1f811
0000fcf9fefe08f9
fd0603ff0afdf9ff
fa0b0bf713f2f20f
fa00f9f9fcf804ff
fafaf402fd0005fb
fefe0207fc0401fd
00fe0004000600fd
04020201050cfe09
06fd080008080208
09050efe0509fd00
04040f060e09f70a
090911050f0bfa06
0c0c0c07050d0106
070b070eef04090b
fb00000ce6fe0b08
f9fefc0ced040709
f8fbff08fbff030f
fcffff0507fb030b
020005040601070f
0401fefe09020906
0206040007010900
01040308040305fa
0607fb09060ffff4
0804f90cf90ef5f2
0508fc02fcfdf404
0801f6f2f4f7f709
0c0412f4f6f7000a
0df806fbf9ff030c
050707f80703fbf8
ff02040704fcfbfd
f20b07f414f1f006
fcf9fefe01f30509
01f8f2ff01fcfd03
0801fbfd0503f7f7
06fef9fd040300fc
0806fdfe0909fe06
05fe02010705fe05
050008010c08f708
03050d060f09f607
0a070e050b0efa07
0c040f0afc080307
06070910f0020b05
fc010a0aebff0c00
f8fd050dee02040e
f7fc030600020311
01ff02020bfe020c
ffff00ff08fd0313
00fffc000cfa0108
fdfdfdff08fb01ff
0000050603fffdf8
0206030a0504f6fe
fe09070303feee06
070f04fd00fef0fe
0dfdf8f3f402fa0d
0ff511f2f6f30819
0dfb08fafbfc0108
050408fb0804fcfc
ff00ff03fbfa03fd
070c07f80ff7f4f5
08fe06ff0afcfd0d
0700f6fa0200fe09
06fbf8f903fcfffe
03f8fdf705fdfefe
05fff6f80907fb05
06f9fdfc0409fcfd
0a0205fc0a09fafd
04020d070e0ef907
08050d0e070dfc06
07080f0efb080306
ff06080deb020c01
01fd090ae8fb0804
00f50807f4fe0013
fff9040404030512
fffd05030e000112
ffff00fe0cfffe0f
03f9fe010df5fd09
fcf8ff0306f4fafd
fcfd080604faf4fd
00fe080801fcf104
01ff0a03fcfef006
0b0505faf2fdf605
0dfcfaf7f106fb06
12ed1901fef5030c
0ef70afcfcf70c0c
fbfbfb0207fcfa04
04fdff05f6f90bfe
03fdff07fcf404fd
100409fc07fe0002
0201f8f506f6030c
02f9f6f504fa0005
02f8f3f70604fd08
06f4eff80afdf908
04fcedf6070afb01
0afef6f80607fdfd
0c03fdff010dfffe
0c02ff09fc0d0009
070e0a0af00b0406
01060b09dffc04ff
fff90306edfa0507
04f609020102fb16
04fa010007030012
04fe090112fffd0f
fefa040311fafc05
00f704000ef3f705
fcfa010009f8f701
ff010c0508faf50a
01ff0a0101fdfb06
06fd09fcf6fffb07
00f908fef1f40004
0ef80bf0f307ff0a
16f018f6f9f50612
0ff90efdfbfa0b0a
0000000000010202
00fe0106f7f909fe
0cf8070808fafc02
070103fffdfc04fe
0702fbf10df90208
01fef7f609fef70a
06fef5f20a0afb09
04f8eff80303feff
07faeeef060affff
0906eee60712fefd
070aefe804100402
060ff7f2f209fc02
000efbfce3030502
fbfe00ffdff60805
fbf9fff9fafefd0d
00f505ff0905fc14
06fd07ff1006fe0c
03fc08fd11fcfa06
f8fb05fd13f8f807
fafa010008f2fc02
fcff01fe03fdf802
04000a0502fdfd08
00fb0600fefdfe03
00fd03faf500fd04
f40505f6f9fefe02
f8ff09f400f5030e
fbfc0dfffbf8000f
130703faf3001405
f500f30108f6f80a
feff0005f8fa0afb
fef9040c09f4fa02
0af90607f8f90603
09fa05f70702fd09
05fafaf80901f608
08fff4f6070ffdfc
03faf4f40509fdfd
0500f2ea060cfdfa
0508f1e7000d02f9
0109efe7fa0d03fa
000bf6f3eb09fff9
000ef8f0e001fdfb
fefefef4ebf90104
fdf401f60400010b
03f301fb0d02010c
07f902fe1300fe08
fbfbfffe0ef90005
fbfcfbff0bf3fe05
f9f7010305fb0406
fcfb050100ff0100
01f80606fffdff03
04f401fef4fd0b03
06fc04f2f4010604
fc0905e8f9050807
f80704eff1ef0903
f4070a08f5eefc13
02f904f6fff40f0c
fd04fdfd01ff05fa
f60901f70ef5f50a
f6ff070005f5f801
0ff6060402f80206
07f502010cfffa08
0bf7ff000600f9fc
0702f9f60707fdf0
0700f8f5050501f7
0606fdf20009fbf5
0102fbf1f707fbee
0107f7f0ef0701f2
fe09f6ebe7fff9fc
fb09f3eae2fefefc
fefcfcf0f0fa0302
00f4fef902fcff07
06f4fafb09000104
03f6fbff07fd05fd
00f7fefd07fb05f7
03fbfd0204ff06f8
faf7ff05040206fc
00f80202fc0203fc
04f40303f9030306
08fa02fbf4050b06
03fb05f7f4ff0d03
f30502e2fa0004fb
f20b03f5f9ef0bf6
02fc0bfd02f61011
03ff00fa02fc0701
0202ff01fffefe00
0b06fbfe070603f9
0dff08fb0bfbff01
14f40807fff20a0a
0cf1fd0407fe0700
08f6fe000303fff4
02fcf905fe0102ee
0803f9fdfa0507f7
050703fff90502f1
020404fef301fdf0
030900fdf302fdf1
010efdf1f4fff8f6
fe09f9effafdfaf8
01fbfdf7f8ff03fd
01f4fb00fcfc00fb
04f8fcfb020002f4
04f7fdfd040104ef
05fafcfc050107e9
02fafbfdffff0aeb
fdfdfdfe000107ee
06fafffff7010bf2
0afa03fef70308f9
07fd02fff50607f8
fff708fdf2fa12fb
f1fc01eefcfa0d00
ef0407f4f50107fa
fffb01fffef70e07
fa06fefa02fd04ff
fc03fef700fb06fa
0501ff02fc000800
14fb05fc09f715fb
10f6fd08fef51503
07f6ff09fe0008fd
fafcfb04010403fa
0002fb04f70108f4
04010102f50109f8
ff020002f50203f7
02060200f307fffa
01030200fb00fdf9
050605ff0001fcf6
02fffefc0201faf8
08f800fe00fffef5
07f9fdfcfb0102ef
09fafefe0202fee8
02f802ff03fd03ee
04fafffc020403e5
fefff7fd00fd07e5
04fefc00f9ff09e5
0201fbfdfb0605e7
05fe0600fa0703f1
12fd03fffd0504f0
08fe09f9fb040bf9
f30409f3070107fe
f40a07f8000004f5
0aff02fb0d06f9ff
0202feff02ff0000
fd04fef7fefd05fb
0102fa01f9fe06f9
0ffc04fe01f616fa
10ff0406fa020ffa
01f7010df30307f9
f9fef908f7f808f0
0003fd05f8000cf8
02020003fc000500
02020203fffe07fd
03fe03fffa0005fc
0700020101060301
0f040700030300f7
08010300030401f7
0bfdfffd010601f1
070000fc020405ef
06fcfffe0601fbec
05fbfdfd0302fceb
0600f8fc050201e3
05fef8fdff0406e5
0901fa00fd01fce4
03fcf701fc0107e6
08f9fffffe0209ec
0cf700fefc0209f4
05040efcfc070bf1
f9040ff7090c07fa
f60505fe040303f6
fd0d08f70b06f4f4
010100fd0100fefe
feff00010102fe01
01fe0001ff02ffff
08fc0c07f7f608f4
10fb0f15f8050bf4
00ff1210fc00fbf4
f802080cfcf9fff6
f8ff0504fdf7fbff
00fd050cfbf3020e
0801040402000a01
0903070000ff07fe
0b060806020405fe
11070702020205f8
0e0500fc030306f6
0d0501ff000109f2
070400fc080101f1
0501fefd050402ec
0703fdfa050601ef
07fdf8fb060204f0
11f8f904fb0107eb
10fdfcff000504e9
05f7fe01010306e7
08f6fbfeff040bf1
07f9fffcf40612f4
050706fef7140bf3
f4fc0b04fb040bff
fb0507f90808fff7
f6090bf506f6fcf8
ffffff010000ff00
02fe01fe00ffff00
0100fefe00fe0101
fcfe00fe05fafcfe
02f6141002faf8f6
faf20f1b00f3f9fd
f2fe080e02f3f203
fefe0c06fcf3f505
fef90406fcf5fc0a
02000503fefd0006
0506040003010102
04060207fb020403
07080603f80502fc
0b0c03f5fe0701f6
0b0b08fdfe04fef9
090508f9ff0401fc
050002fb040203f7
08fc06fe090705fe
05f505ff0d000306
0cfb04fa000a0702
070305ff030b03ff
00fe0003020b05ff
fefd050101fc0500
010308fefa0708fd
00feff05f40e0afe
02fd03faff0309ff
06fbfffb07f9070f
01fbfffffdfc0809
00010200ff0101fe
00fe02ff01010102
01000101fffe0000
01faf805f5050a00
f60c0cf80206f204
fb040a0cfcfaf704
faf20b1ff2ef0105
06f9120cf5f80202
01f60b06f5f50403
f9f3020dfaef0301
fdf90509fff4fd01
05ff110cfcfefe04
fe051408fefcfa0b
f803120cfef3fe05
fc05180600ff0306
fe021004ffff0208
020715f90606fe09
fc0517fe0205030a
fd0316fc06060307
000112ff0508fe04
00040d07fa0502fb
fb000907fc0506fc
f40b08000204fffc
fa0c11f90607f5f6
fe090cfd0013fafd
fb0609fdf80afaf7
ff00fd02fcfe030a
02fc0100feffff05
fe02fefffffeff01
0100fe00020200fe
0201ffff02010000
00000102000201fe
fcfafb0201060600
08f8fb09fc0a0fff
07f1fd18ec010fff
02f2fb13f1030a07
f5f3f30ef7050607
f5f0f810f7fd0407
f4f0fb15f8fc050c
f6f10015fbf7080b
fdf70910fa0106ff
00fd0c0efb0608fe
f9f60e0ffefd0406
f4eb0313fafd0a0d
f9fe0a0903fa0103
f1fe060e01fa07fd
f5f4030efffe08fb
f7f40307fff901fc
f00406ff0beffa04
effbfb02fef80608
eefefc0702f50708
f106ff0605f10107
f9fffc0903f9010b
f8f4f50efcf60c0c
fa0704ff02fefd05
fe020202fefffffe
0101020100ffff02
0202fe01fe010200
ff02fe02fe0201fe
ff02feff010002ff
01000202ff000001
fa0c08f705fcf80b
fc0707f902fef806
f9fefe02fa030105
f6f8fd05f9040609
f4fbfb07fb01030e
fafe00fd04f9fe0b
f30103ff06faf70e
fdfcff05fd020203
ff00ff0100020007
f40d0ef50df3f310
f2fdf40afcfa0612
fafaf50bfaff0906
f6fafc0400fe010b
f4fc02000ff3f716
f8f9fc0704fe0015
f8faf70804fe010d
f9fbfb0309faff09
f4fdfe0411f6ff0e
f106ff040ef2fa0c
f609080310f6f604
fffefe0000020102
ff02ff010002ffff
01ff0000ff010100
fe00fe00010102ff
ff00ff0001010102
fe00fe00ff0001fe
0101fe010000fe00
020201ff02fe02fe
010100fe01ff02ff
01ff010200ff0202
0200fe0102ffff00
00ff0001ffff0101
0001fe000200ffff
02fe01ff02020000
ff02ff00feff02ff
fe02ff0201fe0002
fefefdfd07fa02fe
fffffe0007fa0000
0708040102f4fd02
05050303020002fe
02020202ff02fe00
00ff020000010000
01feff00ff010002
fefe0101feffff00
0000ffff00fefefe
0100fe000102fffe
0102ff02ff01ff00
feff020001ff0002
02fe01fefefe01fe
000000feff01fefe
0000fe01fe01fffe
0001fffe0002fefe
00ff010201000200
fffe02fe0101fe01
02fe00fe020100fe
0102ff0202010000
000000fc00fffe01
0202fefb04fdff02
0a07f6fe09faf802
0c05f4fb0af8f701
0706f6fc0df6fe00
0704f8f80af7fdfe
0003f6fa08fd02fd
fe09f7f709070308
ff0af3ee1305ff09
0006f4ec0e090007
01fd03f8fd00fd03
0908f8f40a06f20e
060ef9050f06fb0b
fe08f4fb1905fd09
0002f2f510f40200
0704eef310f20001
0607f0f30ef4feff
0405f2fd0efafbfe
0706f6ff0afafafe
0503f7fe0802f801
ffffff0000fe01fe
fffe01fe01ff0002
020102fffe00fefe
fe02feff02fffeff
010200ff00ffff00
ffff0100fe00fe02
0509fe000cf9fe01
0505f3fc0f0bf50a
fc05f6fa0c0afa0d
0800fefc05fb08fc
1004f7fc0bf30100
0f07f4fc0ef5fc06
100af3ff0bec03fa
1012f00402e809f0
1115ed0209f803ef
1413f70110fc06f2
1414f2050efdfff7
0e09ed050bf2f7ff
0b06f4fe06ea06f8
1705f5ff08e007fc
1d0bef0610f503ff
12fff6fd0ef605fe
13fff4fc05f9fefd
0ffbf2f709f5f9fb
0c06f0fd0af7fdfa
0b0cf0f60ef90cfb
070aeef70efb06fd
0c10effe0dfa03fb
03070506fff808fc
06040303fcfd0100
02fefffffeff0001
fe010002010201fe
000201fe00ff00fe
02000200fe00feff
0a0aff0a02f2fa00
0d03f40a0f09f00e
08f6fa010afdf70b
0601fd040e06fffb
0efff50512fcfffa
0c00f80a0cfcfffc
1205f4110903f5f8
1707ed11fef6f8ee
1208ea1001fff9eb
0d0cf20d0a02ffee
1109e9110905faf5
0c13e4050afefaf4
010bea04090703fb
080aee07040501fe
090df401040401fd
0605f0020506fcfb
0b00fafb0401fbfa
02faf7fb0afdfaf8
fef5f405050df8f9
04fcfefb02fe00f8
0900fef100f907fa
0b0300f6fffd09fb
0a010601f70003f8
03fe0302f306fb00
fdfdfff9f3010106
0002ff0200ff0000
00000000fefe0101
000100010003fefe
0c0ef90e0000f800
04f6040e070cf602
00fdf2011304fdf9
0c05f8070c09fcf6
0f0bf913060003f2
0a02f712fb0303fb
0f07ef100008f9f9
0f08e9140102f8f2
1406e4150406f6ed
0f08eb16ff07f6f5
0c09e81a0105f9f1
0909e7110800faf5
0a09ea0e01fd01fa
0608ef0d0407fdfd
0c0bf20a0204fafc
0309fb02030203f7
0303ff070104fcf7
ff02fc06fc01faf1
fdfffa07f902fff1
fbf9fdfffc0201f2
fbfa04f3fb0702f0
fdf502eefaf907f5
01f20e06ea0208f9
04f51006ec0205fd
08020efef0070201
f90a02fd01fb0ef7
01fe01fe00ff0100
0002feff0000fe00
1110f50705f9f8fd
0801051001fffafc
0a04fc040b0001f9
0dfdff0c0208fefb
01fffd09060c03f5
0700010a000a02f6
02fcfd09ff0703f8
05f9f811fe06fcf4
01fdf611fe07faf3
04fdf411fb04fef4
09fbf01404ff04f2
0500ed11050406f3
0202ec0d010207f3
0204ef0d050404f2
0509f90f030005f3
0106fd09ff0007f0
fa08ff06020006f1
0007fb02fd0302ec
ff050106f302ffee
020401fef103fcf5
ffff02fef009faf6
f6f802fff9fcfef7
04f9fbfdf8f507f6
09ff03fceffe08fa
fe0202fdedfb08fd
f40601fff9f90bf8
02fe0001ff0001fe
0a080b090007f7fb
faf8070509fc050a
0f0613140700f803
05fb0806070203fe
f9f90305000cfe00
04fbff09fd0bfffe
02f70505f906fbfb
01f20907f806f8fd
07f50e10f806faf7
06f9030ef602f8fa
04fcfd0cfcfe01fe
02fafe0f02fb07f7
01fefa0d020006f4
fffdfd0c01fe0cf3
0101fe0801fe0aec
ff04fd09fdfe09e9
fe080006f80008ec
fd040006fc0003f1
f9030303f7fc01ee
f7010000f50402f5
f30302fdf90902fe
f404fffbf30c01fb
f9fb01fef30600f8
00f3fd00fc01fef9
0cf7fff9e8f3fdfb
00f50205eaf9fb03
0207fdfdf3f402fc
fffe03ff04ff0304
0d090d0f070ef401
f9fb100905ff0707
0c0021120303fa04
0e040f1008fdfbfb
f9fc0303ff05fd00
02fb0d0afc04fc03
05fa03fffb03f9fd
06f50a07f203f7fa
01fe0704f804fefa
03fe0106f400fdfe
fc010203fdfc05f8
01fc0805fffc04fd
fdff120300fb08fe
fb000c0200fa04f9
ff0406fffbfa08f3
fd020001f7ff05f9
f605fefef80605f8
fb09fefcfa0505f9
f60400fff50104f8
f200fffbf30101fd
f50401fcf4fd0a04
fe050403f0020805
f3fe02fcf10e0202
f8f70becfd0b07fd
08fa11f1f0ff02f9
fef80801f0f8fd00
030500fdf0f90403
fd05f4fd0b0af60a
090508060e04fe0c
f4fc0e01fb010500
090410060303fffe
07070a0e07fdfcf6
fef90204fffffc04
02ff0700f9fd00ff
080105fdf901f8fe
fffc06fff502faff
00ff0800f5ff00fb
03050dfcf7fb00fb
00fe13fef9fb04fa
010013fefdff0004
05001200fffc0203
fd011104fffe0207
f8070605fc04fe05
f90a02fdf50cfd0c
fa0bf9fcf20afc0d
f706fbfdef09ff0a
fc06fbfdea050005
fa02fefcf009020a
f5ff04fdf303070b
01070b02f509fc08
020011ffee070108
f8f311e8f60c040a
fff016f3f301fe03
0af90efbeffbfcfb
06ff0401f304f607
02fd040208040007
fdf709070e0b060f
fefc0b0a0108ffff
0e0905080106ff03
0d04020711f7fcfe
08fa0a0706fc0100
04fc08fcf504fc05
03fe05f7fc00f704
05ff0afaf2fff806
fefe0ef3f300fe04
fffe11f4f7000108
fff517f5fd02ff05
00f81dfb0304fe06
00fc13fa1007010d
02050f021108ff11
fd040609fa02fc11
f8070604ee0df714
f8030102f00af818
fbfff803f209ff18
fd04f603f5060214
000702fbf808050d
02030af9fd050208
09061602f905fc09
080814f8f607ff06
fefd06e7fa0d0110
07f617faf50cf00a
11f51e02faf9f301
fbf50d000c01f90d
0300040403060006
030005050705ff0c
ff01070a090c000d
02030a0e030a0002
0cfa02fc0500fa04
04fc0df800fb0705
03ff0ef0f6030407
04ff08ebf602fe07
01fa0aeff0fffd08
fcf90cedfa01020e
01f70ef00600fe0f
01f910f60c02000a
fef90d0014050007
020004fe210af90d
030700021308fd12
ff060202f507fa14
f9040205ef0cf714
fb04fb06f30afe0f
01fffa05f5060217
07000006f7020212
05010c00ff08010f
06000bf40002000e
03070fef0209fc0a
0a0b0bf2fe0cfe07
03f607edfe09fe0d
fbec15fdf808f40a
11fb1704f8ffe90c
08010d0203faf701
fffb04020202ff06
0505f902100bf410
fff603020f03fc0d
07fe0808090cf903
11f706f30a00f203
0af70ae800f704fe
fff906e2f20306fe
02ff02e5f4ff0404
fdfb06e9f6ff070a
00f807f005fb0603
faf4fef813050503
fdfbfc011a09ff08
fffdf9041e03ff05
0604f0ff190af70c
0b09f5010206f80c
0201fd09f003f608
f9f9010af5fff905
f9f70007fb0af902
02f7fb08fc03fe06
03fa040600040005
070009f60103fe0b
040606ec0000030e
07070cec0205030d
0705fef40104fd11
0d00fdf8f100f713
0bf80e02ee02f10a
12f90ffdee08e909
0d02060602f3f406
01fd00020401fe06
fdfc03010b02fe0b
faf7ffff07fd0105
04f6fd060701fe00
08f3fce905fdf907
01effde003ff0000
f4f9f5d9f9060600
f9f9f0e600000605
f5f9f8f209fb0808
f7fff3f61000080a
f6f9ed0119090608
f7fde8011c060507
fc01e906130cf805
050bef040708fa07
100af507fa06f403
05fefb0af0fff8fd
fdfa030afdf9f9f4
00fc0101fe00fdf8
00f402060607fafa
fef906020105fffa
04000afbfe030002
030703f2fefd0703
000602f101010a0b
0608f4f3fe030a0d
0713f8feffff0500
10030e03f5fde806
10f91b07ee04e60f
10080f020bedee00
0406f8fc0102fa02
fcfe000203020008
fcf909050d01fc0c
07fbf8fe0a04f9fd
f1eeefe80901fe03
f4f6f0dd06fe0200
eefaf1dc0c0603fc
f0f6eced01040701
f4fcebf308030704
f600e8fc13050807
f3feeefd19050a0c
fb03f2000b02050b
0505f1ff0308fa03
0d0ef805fa03faff
1109f90cf9fdf8fc
0c00f907f9f7fbf5
05fdfd0afdf4fef4
02f6ff04fefdfef0
00fb02fd030afeef
fefa04f70403fff4
02ff0afafe0108f8
000003fcff020c02
fd06f9fef9001405
0307f6f909030c03
090c000407000107
070d0e07f704fa02
0f0a180bf0f9f608
0a0c09fff5f500f8
06fdfafffd03fb01
fdfb03030306fb02
00fb09001007f50f
06faff0308fbfaf9
ecf0f6f7f9fe03fd
ed02e9eb0a050401
f8fef1ed05040502
f8fef0f3010607fe
fbfff0f309050503
f901f6f41003040b
fc02fdf40d00070a
010902f701020602
090a06fafe05fdff
15090001f500fafc
1806ff0dfcf9faf8
0dfffc09fdf8fdf7
04f9fc06fef101f9
fcf802fff9ff03fa
fefb05fe000707f7
fffa08f8060308f5
00fd04f9060409fb
0003fb0101070702
fc01f9ff03050c05
fefff8010a0cff09
fc08fb080210f313
020d0308f002fff8
14161710ebf0fbf9
07090807f4f70000
07fafafe0201f701
05010204fa04fdff
050000010e09f1ef
00fd020405f706f4
f2f9fb02f5060305
f505f7fc020bfd09
0301fcfb05010102
fe01f7f504070502
fe07ffec02000403
030901ec05ff040a
020907ee06fc0307
090c0bf0fffa0306
0d050beef9fb0104
190804faf7f6fcfc
1a030006fbf7fff5
0bf90508f9f903f4
07fefd01f9f404f4
fcf606fb00fd0afa
fffa0bf8010607fe
00ff0afc0a0504fa
fefe07f9090a06fe
fe0101fd09060601
ff01fdfc0d0c02ff
fa01fc050b10fb06
ff0afd0a0516f00e
ff07f90af2fd03ff
ff051511e9f60af3
0d0c080df8f309f9
ff0102ff04fc04f8
080407050405fafe
0901020d0b07f5f3
0803020701fe01f6
0200fe0bfd06ff03
fd07f90105070008
0504000102fe08fc
fe0704fa0f0109fb
fe0a05f004000705
051309f105f80609
05100aed02f5030a
090f0be1fff70506
0b0712ecf2f707fd
15000cfbf6f5fdf4
12fc08fffef601f2
08f90a00fbfb08f4
05fe05fdfcf60af6
fef90bfbfc030df9
04f909fb060408fd
02fd0a01080502fb
fbfc05ff040c04fd
ff0104ff050703fb
fdfe02ff0f0a0100
0204fb030810f506
0805fe0e0c0dec06
090d010bf2e810f6
070d1315dfed0aff
0b0d0610f5fb07fe
fe02feff02fefffe
070405040204f8ff
0501070d1100fef9
090004090404faf9
0205020afa08fcf9
02fffa0600040407
06050605fe0007ff
ff060803060107ff
040709fc06fc0901
000e01f604f70907
0512feee01f80709
040b06ec00fb0402
08030ce8faf902fa
0bf60af501fa00f8
07f507fdfdf604fb
02f80301f8fa09fe
00fafefafb0306f8
01fa01fd040a0afb
01faff0306ff06fd
030100040403fd03
fffe010001030102
fffd03fd07020002
0000fb040e0a0000
0100f4060b0df907
0802fa0c0509f707
090c0511f2e51001
06060810ebf208fb
0710050bf70bfa0a
020104050703f90e
080606060103fdfe
01f9050b0d03fa04
0a030d130004f9ef
03030405fc0104f7
05ff0613fa0301ff
06010810f8010900
00060806fffe0900
0006020403020903
050bf90306fd0401
0807f60500010400
fffcfbfe000302fc
fef7fff601ff00f4
00f5fffd02fc01f6
fef3010300fd02fb
fdfb0004f90604fc
02ffff04010708f9
0701ff05050108ff
0302fd0405fb06ff
0402f90b02000101
03fdf60a04ffff06
fdfbf9050603fcfc
0406f508080bf900
0609f9050205f902
0c05fc0ef5fbf901
120d010cf6dffbfe
0e000d0df3f300f9
0e11020af4f101f8
0502fffe02fcfc01
010808010e0cf810
faf503ff06ff0206
fffc050ef20900f6
05010407f90205fe
04fc0311f5090100
0701020df00402fe
05060309f8ff04fb
0508fd09fe0301fa
070bf60b060003fa
0406f50d020008f7
fafbf50a070504f6
f7f7f907080800f9
01fcfd0b0103fdfe
faf80209010400fc
03fb0305fb0502fc
07ff0202010602fc
0a07010400030301
0504fb0304ff02fe
0702f90902faff02
0300f20bfefffe03
0001f8080004fcfe
040ef905fd03fc00
0d0a000003fdfafb
0d00f8fffb03f701
1406fd05f1e3f704
110e0d0ceeee04f6
040afc05f6f6fffc
ffff00ff0102feff
f909fc01070a0604
fffe0505fbf70dfc
07080a11eb0001f0
05030108eb0201fc
04fc010af3060106
0c03020df302fcff
0c0c020af902fff9
070aff0bfb04fcfa
0507fc060204fdf9
0107fa06020303f6
fdfff90b010602f6
fa02fc05040402fa
fdfefe040109fcfb
fdfc04020409fef6
05fc0103fd02fff8
02fd03040203fefb
00fdf9020203fbff
0304f50407fdf8f8
0304f90805fafaff
0803fa0aff00f9fd
0104fb04fbfcf8fc
0406f8fefcfbfc01
0f0203fe05f8fbfc
0afe02fefcf70001
0700fa01ece3fb0b
0c0a0307f9f7feff
01feff0001fdfc05
0405fdfb00f7fc01
0807020302010100
10130c0cfef807f5
0d14ff05ecfc00f2
0d06ff01e8fd04ff
05fcfd07edfb0400
0f08fa09ee04f8ff
0b0bfc07f603fbfd
0705fe03fcfd01f7
0208ff04fdfe05fb
ff07fc08feff02f9
ff020104ff0200f7
fd00fe02050403f9
01fefe020304fffa
03fefdfe0604fcfb
01fb00ff0206fffb
fcfa04fd0503fdf8
ff0000020201fbf8
0203f80808faf7fa
0304f90d01fbf700
0200f007fbfbf708
02fefb01f9f3fa05
ff0500fe03f803fe
04ff0504fcf204fa
07ff0403efe90304
04fef70bf5edf907
f807f8070a09f9ff
fd01fd0000020204
0305fbfd00f9fb04
060801010101f900
110f0b0803fc05f2
080cf701f6fd05ff
1302fd00f2fa00fb
0d0cf900edfbfc01
090ef403f101fd03
090bfc08f8fe04fd
050effff02fd0503
040efffc01f90702
ff0bff04fdfc09fc
fe060002fe0207fb
fe0501fc02020b02
fb03fe0005040106
fcfcfaff0505fe04
fafbfafe0709fc04
f9fafff90008fcfe
fbfbfa040104f705
fb00f40604fcfb05
fcfef70a0200ffff
0201f50402f7fd02
fe020103fbf404fd
fb03060201fe03fd
fff80403faf90204
03f80408e8eb0605
fefafc03faf1fc05
f8faf2fb0c07f400
fffffdfd01000201
ff02ff02ff000101
fe020100ff000000
110d090efc0af7fb
03fdfd11fb0dfbfe
12fa0606fa04f803
07fefa00eafff90a
fc05fcfdf305feff
fa08ff02fa0503fb
030bfc01fefc0801
000efd030afd0205
f80afa0809050009
f807040804060305
fd06fd010403030a
fe04fe020106fe05
f6fefbfe050bfb05
fbfdfbff060bf807
fcfcf9ff0200fa07
f8fdf8ff05fdfc05
fcfefb0206fafffb
01fdfc0405f704f7
03fcfc05ffef0afb
fc040606fbef0ef5
040802fff4ed0903
ffff0108ebf10407
03f8000cf5f30208
f8fafd05fbf4feff
00f9f50505f8f0ff
01fffefe00ff00ff
00fe00ff000102ff
01fffe0001ff02fe
02fc06ff050001fd
f9f4060ef510f303
f4f10c0af412f6ff
f5f40002f70dfd04
fdff0908ff08fcf5
f7fa0306070203f7
faffff06ff030101
f9fffd010000fc00
f800f6020003fc08
fbfe000503030005
fb01fcf90209fd09
f8fffdfe0413fb05
f7feff04080df902
fbfcfbfb0804fb09
fbff05fa09f50205
fdfb010310f5fa04
fcfcf9fd0af1ffff
03f602f808e701fa
fdf704f501e007fc
fefe0afa01e60301
f6fd0204fce90805
f3f60109ecef080b
0106080cfaf90608
fe09090909f80af5
0402000507f50101
020202000102fe01
01ff010101000001
fffe01fe01010001
0301fb03feff0203
f9f6fefdf8f5060c
f4f20b08030005fe
f7ee0c0c070805f6
02030f110e0afbf2
00ff0c100e0afdf8
040203140308f2fb
fffe0510fc06f7fc
fdfd0e0cfe0cfef6
fcfb0b0c0408fb00
03fc0b0e0c0af101
fcfa060e0303fafa
faf90c09fef2fffc
03fe0c0002e7fa03
05fd11fe0bf1fb06
0bf80cfe05e7fc06
06f00afd06e7fa05
0bf6060010e7f409
01f305f905e9fc02
f5f3fff604f7fd12
f5f0f5f90702f812
faedf2fef903fd0c
09f6f2030508f511
0102030302fe0700
00030001ffff01ff
00fffe00fe000200
ff00fe00fe00ff01
ff0002fefe01fe00
fe010101fe00ff02
fefbfcfcfcfd0302
f3eff5fbfcf30ef6
f7f0f6fefcf711f9
fceefe0106f60efa
07f508fffffa07fd
05fb0b0103f90802
05ff09fffffd030c
06000afd0a05fc07
02fc02020705f804
fbf605ff0105fc0a
f8f80f030302fe15
f4f50d00f9f60415
00f2070302f3fd13
fdf5060304f4fb16
06f0030701f0f913
06f6080408f2fc0f
08f90d061dfcf71d
02f40a010af3fd1d
f3f60bf904f30515
f1fb08f90efdfe19
0001070009fb0702
fe0703fefbf508ff
03ff0200ff03fe07
fe0001ffff01ff00
feff0100fffe0202
02fefe0100fe01ff
fe010000fefe0102
0102fe0001fe02ff
0002fe01ffff0102
080009060305f50b
04fe03040601f60a
04fc0304fd00000e
fefafb00fdfe030a
03faff03feff030d
04fb060006fffb10
09f80a05fa02f919
04faff00fcfe0013
fdf80003fefa0313
06fa0c041302fb1c
06fe03f900fb051c
fffa00fff9f7040d
fcff010103fc020d
fefa0d030ffefe14
f8f9070003fd020d
fefd04fd03ff0408
fbfa06000ef806ff
f7fb0eff12f7ff05
f4fd0bfd11f9000b
00fc0a010af9f90d
feffff02ffff00fe
fffe00fe00fffe01
0001fe00ffff0102
01fffe02fffefe00
010102010001feff
01fefe020000fe01
0001fffe00fefe01
ffffffffff01ff00
fe02000001010102
fefefffe000100ff
0202fffeff01ff00
010102feff0101ff
fe000100ff01fe00
01020200fe010201
02ff01fffffffffe
0000ffffffffff02
fdfe090009fb0001
feff050308faffff
000bfa05ff0201ff
0102fe05010300ff
fe0100fffeff0101
fe0200fffeff00fe
00ff02fe01ffffff
ff0102fe010200fe
0100fe0200fe0102
0100fe0101010101
0100fe01fe0000fe
02fe000001ff01fe
feffff0001feffff
02020101ff01ff02
ff02fffeff01fe02
020002ff0101fe01
fe02ffffff02fe01
01ff00fffefefefe
0202fe01ff010100
0201ffff0100ff02
fe02040402fdfeff
ff02030302fafe00
fd07fe0707f7fd02
fb09ff0a0df4ff01
f904080910f6feff
fa010a080bf4ffff
f9000e0306f500ff
f6fc0e090cf209ff
f3f9100d11e80407
f1ff170a15ea0907
03f805fbf50405fc
03fdfd08f9f00af9
f912f40e0ff705fa
f909fe0c12ef0600
fd020b080becfd04
f5030c0d11f0fc01
f502100b0aebfafe
f6ff0a060ef0fd02
f70104090cf3ff02
f903040507f6fe02
0000ff00fefffe02
01010002ff020100
01feffffff02fe00
020101fe02ff0102
000001fe02000200
0000feff02fe0000
ff07030905f6ff01
ff07f9090bf50afa
f902010d09f40a02
fb03050403fcfd01
fc05060702f5f602
f809090b0beff802
f50d051106eef4ff
f916fc1303f3f2fe
f718ff160bedf706
f912051b0eeffc0b
f00c031404f9ff08
fdfe0206f2fb03f8
f6080504fbf5f6f7
fffe0007f4f400f1
fbfffa0af6fb06f4
ecff0002fcfc0201
fbff000400f5ff0e
f5fe02fff9f4010b
f1040205faf60008
f00e040a08f0fd04
f5060a0a0be7fd05
f50dff0f04ea0004
fe0cfe0c0200fefd
f907fa07fc0401fe
fe02ff01fefe0101
0201020102010102
ff0001fffefe0100
fe0201ff0200ff00
08f6f5faf9f809fa
00fef20906f60a04
fdfafcfbf9010909
fc000408fff80504
f406ff1000effe03
f105fe08fbebfeff
ec00fb0ff5e80406
ef0bf815fdeafaf8
f505fe0afff000f9
ec06011007f50203
f107f911fcf70806
f4fffc10fef40000
f405010905fc0307
fb05020801010606
fd050006ff0406fa
fafefc06000307fb
fbfa010602060200
fafe05fffd0afdfa
f7f801f9fa060800
f40205fc05fdfffd
f601050407f3f7f8
fefc0b0410e5fb00
0102020208f3fd09
01fefbfbff0207ff
fa03010001f80603
000101fe02fffe02
0200fe0101ff00fe
01010101fe0102ff
0bf4f501f6f80afc
0af4fe00f70b0b08
02fe0c0105f8ff01
0202fe0dfbf905fc
f90bf410fdeffcf8
f302fb0403f20001
fe02010bfcf108f9
f804030a01ed08f1
fe0a010cfdee05f8
ff09fe07fdf20c05
07020007fffa0709
06f9020202ff0404
03fdfe0502fc050c
0302ff0302fe0e0b
0205fe0702fa0a01
fd04010302fc0807
fdfefc01ff030909
fdfc05fef90505ff
f9fb0bfb010501fc
f4f610f4fe04ffff
f8f60dfa01fd0104
f2fd0bf704f8f6fe
f3fa02ef06fefa06
fefafdf70afcf604
0afe02040bf504fc
010d0e0c0feefa04
ffff000200fffe01
ffff01ffff0002ff
0c01f80df4fc01fc
0401f201f60d0105
fe05040a05f5fdff
0a0602fcf1f909f7
030b0afbfdf607f4
ff010cfa03fe02f7
f8ff14fa04fa05ee
fcfd10f800f905ef
fcfd070200f803f7
03f805fc04fcfd03
07f803fc06f6f902
06fa02fa0af5ff04
04fd05f909f80203
09fb02fb06fb0209
01ff010005fb0609
fe03060206fe020f
fc0600040101070f
fb07030902fd000f
f70504030002010b
f5fb03fffd02fffe
f5f601fbfa0b0403
eefc08faf603fbfb
f40209f800fcf601
030605fb0df6fd0b
000a050908f2030a
fb0c0b0809f5f901
000100ff0101fffe
f8fbf807fa020701
010209fb04050103
0900fb0bfb0108f9
f60b0303fffa05f7
f40808f8fafc07f5
f9fc08f9fcfd05f1
faf807f9fdfe01f3
fdf408f900fc03f4
01ef03fd0005fef3
00f0fc00fe08fef9
06f400fc02fffefb
03f501fb05fafb01
08f4fbfd08fc0002
06f8f9fc05fbfb05
06fcfdfb07faf704
0c04fd0307fcf909
090504020a01fb06
0604fe0502040105
fc0303010603fc09
000105fc0003fe08
f9000402feff0509
ea0006fffe05080c
f5f709f6fc040409
eefc05f4f901010c
0308faf703f2000f
fc01f8f5f9ff0c0b
f905050507f0fe0a
02fe03fd01fe0001
fef80209f40011fe
03030afb060101ff
06f6fe01fdfe05f3
f9050208fbfa01ef
f2f70802fef902f3
fefa06fd00fe03ec
f8ed0600fbfc01ed
f7f4ff00ff0101f0
fff205ff010200f2
00f103fe04fffdfb
fff700fd0100fcff
03f2fcfe04f9fb00
03f7fcfe05fefa04
03f9f3040201fc05
06feff040afdf708
0702ff040600fc05
070308ff0804fd03
040309050704ff00
060708010501ff03
040403ff0000ff07
fa0403ff02feff04
f40305fe0102030a
f7f70ef802020608
f60509f307fcfc07
fb0dfef707f5fc0c
ff0200fcf803070a
f806060506f40108
f5fc0c0a0af50b01
030003fefcfc0afd
fc030dfa0204fcf7
05f90702ff0a01f4
fff6060bfdfcfaf5
fbf2090301f0fbfb
ffeb060006f4fdf9
fee406fe00f3fff3
02e9050105fafcf9
00f309fd05fcfa02
02f804ff00fdfa03
00fe04fa01fff900
fcfa02fb04fc0101
fefcff0208fbff01
00fbfc0602fb04ff
06ff0106fffe0300
0404ff0b03000603
04000507ff0502fe
0c010a00030706fa
08060305050303fe
ff05040201010803
fc0304fe0100050a
fd000007fd050804
f5fdfff907040607
f3fb04ec0afc050d
fa0001e906040713
05f502fb02fb010c
02f9f6ff00000803
03ff04fcfffc0501
08f40bf402f708fe
fef80203fd0701f5
05050605030702f7
fff70409f8f505f3
03eaff08ffeffcfd
08e7ff0004f700fc
03ef0001fbf801f9
06f20102fdf8fe01
fff807fd01fdfa09
030200fb0201ff07
01fd03f402020405
000202fd06030702
0408ffff070309ff
0705ff0500fd08f7
0c01f90af80209f6
0afdfe0bf9090efc
0af80403fe0b06fd
05fc0703ff0a06f8
00ff0706060602f8
fd010a040aff03fc
fdfc090005f902fd
fcf9ff04ff020705
f8f6030508fa0509
f6f802f30af80e10
00e8fcecfdf91115
0feefbf2fdfffd08
0ef208f3f40c0103
03fd00fa00fe0000
07fb03f9fcfd03fb
00f30cfafcfa0cf4
0601ff08fc0e0af9
04fa0600fbef05f6
06fbfa0208f0fbff
0afafc0306f900fd
06f700fe00f801ff
03f604fb02f20108
00fc0af702fd0505
050003fb02030803
010000fb02050705
010afafa09080706
0503fffe02fe0c00
0df9fc0301f10cfd
0ff5f9fff7ff0cf7
0cf4fbfffa070afb
03f30501fb0608fd
fdf2060304040302
00fa0403010600fa
fdfd060204fe03f9
fefa010204fc00f9
01fa060504f705fc
fcfafe120af703f9
f2f1fdf106f90502
fbf7f4e5f10f080b
01f3f1f4f5020307
0cf508f9fe0dfefe
03ff00fb000002ff
f9f90e06fcf406f7
07f707fdf6fa0cf1
09fe0500fdfd0afd
0efbfc02f8ec09fb
0802fb0008f3fafa
06ff02fa0cf9fff9
08fa05fc0df3fffd
05fd06fe09f8ff03
01040bf907f9ffff
03fb06fb04f905ff
04fdfffe03f70a00
010101f40af40608
0afc01f603f10b11
13f3fc0001f10a0e
11ecf8f8f6040605
05ee00f9f9070102
05f101fefe050303
fff00203fd070405
00ff0208010600f7
0801010a02fbfff9
00fe010c05fbfaf8
0400030e04f4fcee
fcfdfd0c0bf5fdf2
f8f5f6080bfcf8f7
fbfde9f4f5fe0201
02edf3f3faf40905
09f2fcf6f6f401f8
030001fdfd000100
04fd08f6fbfb05fc
08fd0600fdfa02f3
11f009f700fb06fc
1202fb06fcf205f9
0afe02fe06f1fff8
060104fa09f804f4
04fc05fc08f004fc
ff0607ff04f302fe
fb0403ff07f505fc
f80401fa03f50a00
fb00fff603f00401
f9fe01f504f50408
06fafff9fff70112
0ff3f804f5030315
11effcfcfc09fe0b
0bf203fffc04fa05
06f3030400070006
02f9040201070501
0200fe080604fef8
0501020704ff00f9
070005080cf6f9f6
0303070c0ff4f5e8
0601051515eaf4eb
f8f807121beff1e8
fdf8f2fdf7fbf8f3
feedecf6ef030a03
0ef6fa00f002f9f4
04fe0004f9fe00fe
01fd07fa01fb02fe
05f810f3f6f708f3
0ff30105fffb02ff
11fe02fb02f701fd
03000afe08f102ee
02080dfe05f803f3
000b06fa04fc02fe
ff0a06fd02f703fc
f90a02fd03f805fa
f70c02f906fb0600
fc05fcf609f80103
fa05f9fb06fdfd09
0602f406fd03fa13
0ffcf205fb06fd0f
10fa00fc0102f509
0df901fefffffc05
06fe03ffff090000
01fe040207010500
030000060bfc03f7
06ff020509fffff9
0a0209080ef601f5
0404080b1af0f7f0
fb0c081017f1f6ea
f400010e0afafaf3
03f9fa01ff06f6f4
fe03f006f00efd00
f912f707fe0af3fc
f7fdf9fbf8fe0504
03fa07f9fd0005ff
06f60df2eef70cf7
0f02fa03f70803fa
0806fef9fe0cfdf3
fd020ffe07fb01e9
f90906020705fdf2
fb0d09fc050a00fa
f70d09fcff0801fc
f91006fb010802fc
f80b02f7090400fa
ff0c02fb0cfdfdfe
000bfc030700fc09
0c09f80d02fff90c
0c03f709f800fc04
0c07fd03ff01f901
0b0a00fcff08f501
090203f9050afb00
010503000d0100fd
040408fd0afc05f9
ff040205090205ff
0105040a0cf309fb
050902080cf401f8
0106050405fa06f0
f307ff0501020aeb
0412ff010e05f7f5
ff15ec10f713f4f4
fa0bfa09fe04fafa
f9fef9fafafe0603
07fd0103fe020302
f8f90bf4effe00fc
050b04fefb08fef7
0008fdfc011904fb
f6050406041902ec
f20a03fe0114feee
f5060dfd0a13f9ee
f90b0bfd0812f8f2
fd0b0afd0710fcf4
fc0c06fc0808fafb
fd0d05000a04fa03
ff1100070402ff0e
0c0bfb09fb01f903
0e06fd0600fef5fa
0a0d00fc0206f9f7
0a11fcfe0207f600
080f06f90808fbff
fd0804fb0c030301
fa0a05ff0afe0404
f804040205fc0507
fc03040402f90700
04010a0008f80600
010306fd05ff0cf7
f50cf806000115ef
f614fcf916fffcf9
ff0df6fef71af5fd
ff11f407f406f7fc
05010200fefefcf9
0cfbff08fc030302
0dfd0103ef070803
fa02fe01fc0a0100
fb02f905fa1c0407
f2080008021a00f5
f50c09020a19f6ea
f7080dfe0c19f3ea
fb0413fa0c1af6e4
020e0fff0919f8e3
ff1106050a14f9ef
fc150505090ff7fb
020e0103060efbfd
0807fe07fa0cf8f6
0c0c0301fe05f3f5
070e02fa0305f9f9
091200fd0b03fc02
001103fc0f07ff02
fa0902ff07010108
f20705fc0103030d
f30208fb0200070b
f90803fbfefd04fc
fc08020202fe05fb
f9010100060205f5
fa02f906f70008f7
ea19f8040f00ebed
ff15f504fc17f1f3
ff0ef209f60400fd
01ff0201010101ff
0cfbfd08fb040503
06fb06fffb08fc00
fafcf803f70b0a12
f2fbfe00fe12060b
ef030001051000fb
f10d00ff0a15fcf6
f80608fe0917f6ef
fb0c0c000c15f5e1
000d0e020d16f1d3
fc120403091bf3d9
fc0c04030417f7df
020701070015f8e2
0a040101fc13f3ea
060908f9ff0af3f4
060f03fb0609fcfe
001004fd0b020104
fc0702fd0902040c
f80403fcfe03fd0e
f50304020201ff0c
f8fb08f701fbfe08
f70704f602fc0202
f90600fc03fe01f1
fdff02fb05fd05ee
fcf802fa00f502ec
f50bfa07fdf8f2eb
0404f9fefb03fbf1
f714ea090dfc0901
0af40401f8f90c02
0bfcff0bf9060402
0cf708fef7000305
f700fa04f20e0618
ea07fcff0108fe12
ee04fcfd040e020c
f30dfd001008ff0b
f50e00010e09fdfc
f20e04000a09fff3
fa0b0602080efae2
f8090002050ef8de
fc0704ff0512fce3
f80805fd010ff8e0
fe0707fcfe08f7e6
ff0c04fd0106faf7
ff10030106010102
f90e010307020309
fd09fe0502000413
f90602060101ff10
fd07ff010004fa0f
feff05f901fefc06
fc0403f900f904f8
fc09fb0000fd0aee
f704fd01040001ea
f503fb00faf9fff0
f908f20df4fef6f2
06f9f7fbfa04fff6
030ff30bf708f7f9
02fff903fc0400fe
0cf90702f9f50ff5
fdfa01f9fb010402
f80302fcfa070714
ed08fdfd05fd0116
ee08fc020600071d
f505fd0007fb0513
fe05ff0607000205
f704000203fe0707
f8030003020003f9
fb0afe04070100f9
f30a01ff020201f0
f705020201f907f0
fc03ff07fcfe09f5
fb0a040202fe03fb
fa0d030402fe04ff
000bff05ff05ff06
fd05fa070305020e
f90afb07fd08fd0f
020a02020006fd08
fe0201f9fefffcfb
f80702fbfdfe02ed
fc0afd0104f902f0
fc0df904fa02ffea
fe03fffbf30307f7
ff00ef04ed0bfbf9
ff0ef00dfe0df7f5
060cfa07fb02f6fa
00000002fefffeff
fef80a0c08f806ff
f40afafe0801f9f8
f80ff609fd030208
f60bfd0404fc0418
f204f80105f7081e
fefcf704faf60313
0103fd0804f20110
0100fb04fff40713
fc04fc01fdfa0b0f
fe03030302f20708
f805020001f206ff
fcfe0403feef09fd
fbfd020a03f10d02
fc03050cfff904fd
fc05010603fbfe01
03fffc07fc07fb01
0000fa03f80afd06
fe07f807f6090106
ff08fffdf80afefe
010202fffc06fdf5
fc0300fbfd05fee7
fa04fefafbfefee8
ff09f7fcf50500e6
050bf8fef30dfff2
fe05ec03f00df9f6
0005f608fa05fdf9
0201fbfafb070402
06fefafff90401f7
0801fb0b0004fdff
f909ee150309f9f8
0108f612fc01fffe
ff0cf90100f1fe12
ff07f6fcfdf70211
03fbf70400f2010d
0401f70affeb040f
0700ff02ffef030f
01fe000505ef030f
04fd030303ee0008
fcfb080506f1060b
fffd080806f20a04
fcfc050a07f30405
fcfb040c01f300fe
00f50305fffa0100
fffcff04ff00fdfd
fe01fc05fc00fd00
ff01fc04f70700f7
fd01ff01f40800f2
fdff01f9f606fcf2
ff04fdf5f70dfce2
f60705f9fc01fce5
f709f8fefd02fceb
fb03f0faf114f6ef
f9faef00f10ff3f8
f2f8070b05f7fffa
0000030201fe0300
0500f7fff80400fb
06fdfd06f90400ff
fa0af2140407f9fb
fa07f60b0303fd03
0607fcfefaf6fb02
0800f802f3f2fffe
0afbff0600f30005
03fcfd0201f2fe0a
07f7fd0804f0ff08
02f8fc0704f10208
01fa060409f1020a
02f806060cf5fe0f
fbf908080cf30109
fcf2060808f4ff03
01ef030705f7ff02
01f30a0102f803ff
fef50401fff603fd
fcf6ff00fbfb06fb
fbf5fb01f40205f0
f9f709f8f9fe00ef
00fdfff7f70af9e8
ff0103f7fb07f8e5
fd02fffb0203fdee
fcf8f7f8ff04fef9
f7fdf0f8fa15f3f9
faf6fcfcfa0af8f8
f5f609f8f4fd04f7
fe010101000101ff
00ff00fe000201ff
feffff02ff020000
fb00fb0cf2040707
f6fef00dfe0f0911
f9fafdfdfaf8020a
02f6f8fff6fd050f
02f80500fbfcff0b
0bf8060101fdfa0e
02f9fc0805f9fa0e
01f2000402f5fe08
ffef030406fb080f
feef010405fb060f
00f2010404f5010d
00f1030704f80005
fff2070001fd0106
00f205fcfef90103
feee04fcfffa02ff
fceafd00f9fb05f4
fbefff01fffc02f3
fcf402fb00fbf9e5
00f8fdfafefdf4ed
fefbfc000400f2ee
03fef3090705f3f5
fef7f8010b05f5fb
01fbe703010efb04
f8f3fcfef90efafb
fef0f9f7ed070bf3
0101feff0202ff00
01fffffffffefeff
01fefe0200ff0001
03fc05faff01fdfc
fef10001f709070d
0cff03fef6030e04
0df60af5fa020b03
06fb09f8fe01010d
05fe05fb0103fb10
04f801fe0102ff0f
01f303fefffd0207
04ed00ff04030408
00f003fc05010005
f9f2040006ff0207
f7ea030007020305
f8ef03ff03030300
faf1ff0003ff0000
f8f1000108fafa02
f7ecf706f50003f8
faf8f402fdfff6fa
00fcf9fbfefff0ed
0200f4fd0108f1f5
00fdf400f40bf2f1
fef7f6fffa11f4fc
04f7f4020513f900
fb03eb0d0007fd00
fb04f909fb0bf5f3
0006fd00f80205f9
fefe01ff01010002
01fe00ffff000200
ff02ffffff0102ff
080afa0606080004
fcf309f401f2fefe
050405f8f90406f5
0b020000fb110502
0303f805f90b0910
0802fe04f8050f0a
0e00fb08ed090f05
06fe0200f4050900
03fa07ff0a000307
ff0404fd040008ff
03f9fa04f6fd1101
fefefc07f8060702
03030001030700fe
fcfcfbfe02020502
fffff90201050a0a
faf3f604fcfe020b
fc03f305fc01fc04
0305ed07f80204fe
0509eb06fc0afbfb
ff09f403fa0d0300
f5fef5fcf10e0808
fa00f8f4f70bffff
f9fbf3fcf80104ff
fd03fa020109fc01
fc03fd02000102ff
02010100ffff0201
ffff02fe02000000
fefeff0102fe00fe
00020100ff0001ff
0307fd080502fd05
0213fb060f0cf40b
0412f708070ef40c
0e14f807090efa0b
170c04050402fdfa
1a0a020607fffff9
19fefe0503fe020b
0ffff90cfd00080e
050af80c02020e0b
010af80c09050703
0605fb08ff031104
1208f50a03040a07
0509fcfcf7fc0c04
0a0bfb04fafe0c02
1002fa07fdfe060a
0c05fe08fcfa040b
0905fb09f3fb0efe
0e0df30dfc080101
0f09f903ff040107
0a040306fafe0806
0c0a010301fe0407
0b1000050cfc03ff
01fa06fcfefc0000
00ffff0201fffe01
0200ff00ffff0101
00fe0200feffff02
01fefeffffff00ff
fe01ff0101fe0101
fefffe0200ff0201
f9fb07f8f6f80afd
00fa07f9f9fa06fd
0607fc0501010afe
0909fc0605070bfd
0705fb0300050bf9
07050403fa0208f6
070a02fbf5fd13fb
020cfc05000508fd
020fff06010a04f7
050708f8f0ff11fa
180ffb0aff060a0b
1609fc0105fd0209
11fe02fdfffb0404
100109f9f9f308f2
0e08ff06060102f7
110c010d04fe03f9
1302080300f9feff
16fb0c05fcf602fe
12000b04f9f60800
08fb0bfdf7f40800
0101020200000001
ff010001010200fe
00fefffefe01fe01
000102ff000100fe
00000001ff01ff01
0101000100fe0200
fe0002fe0200ff01
ff0201ff0000ff01
ff02feffff020000
00ff000102fe02fe
01feffff01ff0200
fffffffe00000101
fe02fffffffefffe
020001ff000000ff
ff0100ffff000201
fffe0201ff0101fe
fe020501fff9faff
fb03040102fafbfb
fe0704fefffdff01
fe0100feff0002fe
02010202fe010200
fffe02fe02020000
00fffffe00020101
feffffffff000100
fe01010102020102
01020002ff01ff00
fefffe0002010102
fe01fe00fffe00ff
02000201ff0102fe
000200fffe000202
02fffffffffe0100
00020002fffffe01
020001fe00ff0201
ff000000fffffe01
0100ffffff000001
fe02000002feff01
0101040001ffffff
02030100fdfc00ff
020a0b0000f5f4fc
00090a0100f5f4fc
ff05080202f7f7f9
ff060a00fff4f6f6
07030802fdf7f8fa
13fd0afffef9fafd
15fa11fe01f6f6f8
04021101fef7f1fb
fb060000ff00f6fc
0c0a0700fef0f6f6
02100d0005f1fdf1
070b0d0008f1fef5
0e040f0000f1f7f6
140b08fffdf7f8f3
13090b02fcf6fbf1
0efc0701fff4fdf2
0b010aff01f7fef4
0a010802fefbfff6
ffff0200fefe0200
fe00fffe01ffffff
0000000000feff00
fe0002fefffeffff
000101020001fefe
ff02feff00ff02fe
010809fffef4fcfc
0a060601fff100f3
0c01080000fbfaf8
030302fefefbfafd
010c0800fef4f5fa
000e0f01fff2eff9
00130f0209ebf2f5
ff130c0004e8fef5
00141201fdf1f7f0
ff1a15fff9f1f5f0
021509fe00f6f8ed
ff06fdff03f4f3f1
f90d020000eeeaea
040efb00fce8f1f2
0d11ff00f9f801ef
0c110601f7f800f2
0e100500effa04f2
1a0aff01f1fcffed
151205fff5f900ed
120b0d01f7f8fcec
15060a00f5f9f9ee
0c0f0bfe03f7f7ee
fd0a020004fa00fc
ff06fafe030002fb
010102fe0002ff02
fefe00ff00ff0000
0202000200010001
02fe00010001fffe
0800f80009f3040b
0f1407ff05f706f4
12100300020706f9
fa0afd00f90303f6
000b0702f8f900f1
020d0601f7f805ee
fe0b0a01fbf8fce9
fa090fff03f3f8e5
f8110afffffe01e4
f40d0e01fdfe02e7
fe0e0c02fbfefee2
fa02100001f7f7d9
fa000dfff7fbfede
02020a02f6fb06e6
020106fefdfb03ec
090703fef9fe06f6
14090500f1fb03f5
0b0e0202f50003f7
080df800e90e08f7
0606fcfef10507f5
04fb0100fff9faf7
08f401fff4fef5f7
080203fefe06f8f7
0804fd010bfff9f8
fe070400fd01f9f7
0202ff02ff0001ff
0101fffefefffe00
010300fffe0002fe
0609f7020904040d
0b10fe02f80d0f00
0d0d02fef903fff6
ff16fafffefa00f2
040d0201fff607ed
f80102ffffff0cec
f80700fef9fc02ec
f2010602fff805ea
f5030102fefe07ef
f8fd02fffd080cf9
fdfa0101fc050bf8
04fdfefdfefe06f7
02fb0300fbfb0af0
ff010601fcff0bf4
fc01fe01fafc0ef5
fb02000004fc0bf9
fe070001040306f7
0508f90001ff09fa
02fef602fd0203ff
fffef402f90504ff
faf9f7feff0004fe
fef6f7fe01f9fcf3
fc01f500f9050af4
fe02faff00fc08fb
05080200f9fd0802
f7fd05fef4fcfdfb
0001000100010100
00ff0000ff000001
0809fd0004fbfa01
080f0102fe030c04
0708fc03fff9fdf9
0c03f302f902fefc
0df5fe01f90202fa
06fa01fffb0205f5
f9fb0a00ff00fff6
fdfa07fe020904fb
fa010afe010906fd
fbff0902ff100302
fdff06ff020a0503
fbfb0cfe0506fcfd
f7fd08fe030101fc
f6ff0301fffdfe01
f2030301fdf90bfe
fa0102fef9fb0dfc
fb01fffdfdf805fc
0504f901fbf906f8
0402fafffbf907fc
fcfffa0102f6fe00
f401f9fe04f70300
ea08f8ff03f8fff2
f202f800fafc01f3
f2fafe01f7f804fb
fb030400f20401f2
f6030402f101fff9
fefeff0100010000
f809fa00060409f8
08020101f80902fd
090bff00fd02fe04
0e12fc0101fc03fc
0b0cff00010508ff
0fffff01020708fe
0cfc0b00000406fc
00fb0900ff0904fd
fafd0901fb0d03fb
faff0c000309fdfb
f9ff11ff060bf800
f5fe0f010a0bfb02
f70513fe0808fdfe
fe0416ff0208fb02
fd0010fef905fbfe
01000800f700fb02
09fe00fff6fff705
0c00fd00f7fffe02
0900f900fffc05ff
0efbf5ff03f902ff
07f7fafe01ffff05
faf8f90200fd05fa
fafcf400fe0205fa
f60af6fefa0201f0
020cfd02f6ff05f7
fc13fcfffc080af8
fcff01fff7fffcf6
04ff010000fefd03
f60ff9010a0e07f5
01010701fd0bf803
080efffe06010411
0618fa0101fd07fd
000efd01000613fa
fd010300000708f8
0203030104040af3
f7050b00fc0607f7
f4ff0c01030701fa
fbfd0e000704f8fd
f40012fe0a04fafc
000213000d09fafe
fe0011000d09f7ff
020a0eff0208f7ff
040008fff809f501
07fffefd0005fb08
0dfdf7fffd03fc01
0afdf9ff0401fe02
07fbf70000fd0105
08fdf6fe04fe0205
05f9f70107f90004
fcfcf10103fb09ff
02faec00ff060206
f9fef800fa07fdfa
ff09f801f90604f7
f91af600fb070cfc
fd03fffff903fdf7
f50107ff0ef6fff4
0103010011fdf7f8
fb0308fffe070401
fe0afa01ff00080c
0117faff03fa0902
fd08000000030dfd
ff050202030208fe
ff040001040208f7
f40110fd0007feff
f2fc0c0103040201
fcfe10ff03fdfbfe
fff712ff0603fbfc
04f609fe1002f9fb
06fc04ff0e03f703
050503ff0b05f503
050201ff0508fa04
09fbfd01010cfd03
09fdf9fe080600fd
07fbfefd00080605
02fafc0004ff0501
0002fafe050307fd
fffff60002000402
ff05f102060408fe
00fcf0fe0a000301
0501f2fe0110ff06
fa0bf20100150e02
fd0df70201040e06
0805f90007080804
04ff00ff0402fbff
06050402050bf505
faf901ffff0808fc
faff0302fe030103
05100100fafcfcfa
0005010202000afd
0001fe00fd0804fd
f8ff02ff0307fdfc
f0f808ffff080101
f9f60bfe0104ffff
fff10efe0003f7fc
01e809010307fbff
00e800020f04fa02
04edf5ff1501fb09
08f8fbff1302fc08
04fff6010908fc0d
0101f601060f0605
05fbfdff0b0f0603
00fa0301080b0806
02f8feff01050d04
fe00f8ff000608fe
fdfff401fd020802
0504eefe01030404
00fff10004fe01fe
0b03ff01ff06fd02
050df700fd160b02
0209f9fe080b1006
01fb0d010b0c090b
ff0000fe0100fd04
030401000401f905
06fb0d000506ff01
f40105fffc0b08fd
03fffffffd030500
01fe0500010203ff
fcf40aff0408fcfd
f5f004fe0106fefc
f3ed07feff0701ff
faeb0401ff090102
fde901fe0303fe02
02e6feff0504fc01
feedf00008ff0109
07fcf1fe10010106
0dfef4fd0b03fb0a
0a05f1000509fd0f
06050000040e010a
fffc05010b090806
00f707fd06030a06
01fa020002030605
03fbfefd0006feff
02f9fb01fffdf7ff
07fef600fdfef403
0b03fe01fcfbf3ff
070f02feff06fdfb
0111fb00f61b07fd
05fdff000a0f09fd
08f6ff000b04000a
0300010101fffa07
020105000df1faf8
0b000602030bf809
fdf8fe02fc0908ff
07faf702030401fd
00f000ff0401fcff
f9eb0801040bfe02
feea04000803ff07
fced030000070109
faea00fdfe04030a
fce9fdfef503020a
04f2f401f8030109
fe02f0fff400040a
0b0af4fff4030308
1108f401f503f90f
0b07fcfdf90ffc12
04000500fe0afe0f
02fa0afd000b0309
09fb07ffff080506
06fc01000105ffff
0af30100fb06ef05
08f50201fdfde700
0cf50001fdfae507
14f50b0100f8e600
1a010efffbf7ecfa
0708fcfef70e00f8
15f9f9020b130503
0b0afa0007f4fb06
05fe000103020003
01fefdff0300fe02
09fd0600050aff0f
09f501fffc06010a
0ff501fe0406fa03
07edfcfe0206fbff
fded0800fa07ff07
fdf3010000010109
fbf2ff010202000c
00f0fd02f9ff0309
fcfcf801f5030806
fd04f2feee020703
f113ed00f2fe0e05
fe13f4ffed040a03
0e0cfefeea01ff09
0c0000fff208fd0f
04fc05fef904ff0c
09f707fefe040109
0afa03fefe0c0104
07f50100f60bfe00
08f1fc00f705f702
06edfdfdfcf8f00b
0ce5fcfef7f4e70e
15e30cfef7edde09
01f40cff03deddff
0302fe00fff4f0fe
0902f5020c050307
0e09030108f2f609
0209f80002fdfb03
03fa01000902ff06
06f602010800fa07
0b010602f706ff08
0ff6fe02fb0bf50c
04f6fb00f8020102
fffb00fff7ff0108
fcfefa00f907fd10
fc01f8fdf302010d
fe06fcfff8fe0408
f80f0400f5ff0603
f810f901f6030704
f40ff402f6000d04
ff0dfd01f2020c00
0902fefef8fe0508
05fd05fdf5fe030f
03fb0400fdff010b
03fcff010202020a
03faff01fd0a0706
08f900fef707fdff
07faf9fff504fa09
09f8f9fff9fdf80f
04e6ff00f9f0ee0b
feef0b00f7e8ecfc
effb0d0105e6ecf6
fa100000fff5ee0b
fa0af7000cfcfffd
fb0707fe08f600f7
fa0606ff01fd05f9
01fffd00fe040307
09fcfa0209fcfc00
040bfe01f5040006
0103f801f40e0207
fdfefa00f7000a04
0002fffeeefdff06
f9fefeffef05000e
f90dfefeeaff0109
fc1003ffecfc0104
000f0600f90000ff
fb0bff01f9ff0100
f405f900f8010602
02ff00fff8ff0707
04fffffefbfa0b0a
04fa04fef9fc0508
03fbff01fbfb020a
04fbfaff0005040f
060102fefe07fd04
09fefb00fc05f807
0bfffe01fa07f707
080101fefe01f907
fef80100fefbf508
f1f808fffbf8f7fe
e7080b0101fbfbfb
eb0d0a0204f5f703
fc0c040013f50bf2
fb03090007f8fdf9
f90803ff04fc05fc
fe04fefffb0303fe
f105f0fffef41401
f805f900f2fd0a0d
0002f701f70d0c04
060701fef0020b04
0403fffde7fb0406
01fcfffeebfd0206
0101fc00e5fc010a
0001fc01eff9fd05
01ff02fdf601fbff
f900ff0001fffc04
f8fffcfe01fe0308
fdfafafe04f80704
00f9fdfffbf70b06
00f5fffff5f90c08
fffcf801f9fa060b
0508fafffc03ff0d
0906fefefb07f803
0307ff01f609f8fd
06060501fa06fb04
010704fe0206ff06
f6fcfffffa03ff04
f4050503fd050202
e710120103ff04f7
e90e0c020bf106fa
f60df70114fe1500
fd0b08010ff408f9
03ff000201fbfb07
f904fdfffc0306fd
f407f50201010f02
f412f8fff9000b00
030cfcfef20809ff
0b0c0400edfd0301
07fe0202f4fa0502
02f7fe01f4fa0102
06f5fcfef3fcf508
02f3fcfefaf7f603
02f6000003faf303
fbfa04fe05fbf106
fcfb00000701ff0c
f9fefeff06fa050c
f6f6f901fbf10805
f7f6f901f6f70705
ff00f800f9f70306
020dfe01fc040204
040cfbfef80a00fd
fe0dfffefa0905f7
fa0a03fff90708fe
ed0d020005fd0a05
ef0a0501fefe0701
e803020001030dfd
ed1007fe010206f6
ea120e0011e70df0
f70a04fe19f50ef9
010d06ff0ff604fd
ffffff0000fe0000
fd05fafffb0506fe
f204f900fffe0d05
fb18fb01fb060af8
000bfb00f4040efa
050d0201f3fe03ff
06070001f7fe01fd
0802fdfefaff00fe
04fb00fdfbfff601
04f3fefd06fcf302
05ef05ff0dfeebfe
fff40bff0c00ee03
fbef07000b02f209
fbf9fe0006fdfe08
f9f4f900fef6fc07
fafff800f8fb0203
0106f900fafe08ff
0b0afffff80a06fb
080cfa02fb050af8
020afc01f8070cf6
fd060000f6020afb
f00801fd04fc0dfe
ee030300fffd0b01
effc02ff02000af6
f8fb01000700fefa
fc0213ff14e8fafc
fffffe01130003ff
0c00040116f9f6f8
09f102feff0cf10b
fb07fcfffd0104fd
fefef8fff9050a03
ef18f400f70512f9
fd05fc0000ff10f3
ff0efa00fd0209f5
050dfc00fc0005f4
080603fd05fcfef8
070302ff0703fbf7
09feff000600f9f2
08fd07ff0806f4f4
04fd0d01070afafb
fdff09ff0802fdfb
ff05fdff05fc0204
ff05f401fcfbfdfd
fd0bf701fbfd01f8
ff0ffcfff9010bf3
0d0e0100f90509f5
0c05fc01fa0506f0
ff04fe01fb080af1
fdfd01fefc050bf8
efff030001ff0cf9
e6fe080102fc08f8
ecfa040204f50af2
f4fbfb0107f603f5
04010afe10e6f6f9
04fc020212fdf50a
020ff70213f2ff07
0302fa0003fdfe03
0ef70202020bf6fa
0602fe010603fdff
eb0af601fa0612fc
fa020003030209fa
fa07f9ffff050ff3
ff08fbfe050003fc
0108fc0009f7f6f9
0704fd010bfdfcf5
0608fc010afcfaed
060808010bfeffee
020c0e000d02fdf3
04100afe0a03f7f8
0114fcff0bfafc01
fc13f9ff04fb00f8
fd17fefd00fa01f6
0211fefeff0203f7
060a0100040209f5
0604fd00fa0808f5
fbfdff01ff0706f5
f9f901ff000303f5
eafd02fe01ff06f2
e9fa08fefff402f3
f0fbfd0003f807f1
04f8f7ff010401f3
08fd02ff11effe00
031100fe15ee0803
0208fe000af8ff05
fe00fe02fefe0200
0bf60400030bfe07
effd07ff0ef905ff
eb0dfc0101ff0af3
fbfe010203fe06f6
ff010101040301fb
fd08f20004fd01f7
fb08f8fe03f8f7f2
0108fd0007fcfaf6
0010fcfe06fafaf1
040a06fe0af7f8f4
fe0f06ff0ff7fbf7
ff0f060011f4f4fc
041101fe0cf9fbfb
0116ff0105f9fef7
fd1003ff07fefffd
fc0a02ff03040500
040702ff030306fd
fd050000010306f8
f4fd0101020403f3
e6fdfdfffd0209f4
e404010002ff06f7
ebff00fffdfc07f9
f4fffb00ff000af5
03fa01020103f9f9
080008010dfefe04
0208ff0011f10203
0505fd010400fd03
0308fe0204fbfb07
f80501fe0000fff9
f00409020af700f3
ed05feff03f9ffeb
faf7fb0100fbfef9
fdfbfdff05fcfa06
02fef502fefe00ff
0107f6fefcfbfefa
fe05f70101f9f9fc
000401fe08f0f7fb
ff0803ff08f4f9f7
fe0809000cf4fbf8
000d0afe0df8fcf8
ff0706ff09f8fef8
fc08090007f603f7
fb0708fe080105fd
f9ff0efe020502ff
fb000800fe0104fb
f803020104ff02f8
f10300ff030205f3
ef01fffe030004fa
ee02fffdff010500
ef08feff02fc0cf9
fb03fe0005fb0af8
06fa04fe0f01fdfe
08020500100400fe
f40a0f020bf104f2
010000010202ff02
0507fb0208fafd04
0102fbffff020200
f20308fe08f8fff5
fafe00fefffe05f1
fc00fb00000003ff
00fcfa010bf4f706
03f7f90108f9ff06
02fcfc0003f70301
02fcfbff03f7f804
ff0600ff06f5f7ff
fc05060001f6fc00
f80404ff04f90700
000109ff05fe0100
02ff0b0105fe01ff
0100090105040200
fe030b00050501fc
f7ff0d02ff0a00fa
f6fb0200fa0501fe
f4fe0401fe0103fe
ec01fc00fd0009f9
ec000101fd000000
f107fc0000fc0702
f505fbfffe0008fd
0002f902ff050afe
fff7fdfe0409ff02
fd0200000806f905
f806f900ff030cf8
01ff0300ff03fd01
fe0001ffff0001ff
02fefffeff020102
f30cfb01030008f2
ef13f9feef1216ec
fe0bfcfefb0816f3
020401fe030408ff
fcfafc0106000404
fe00fc0001000608
ff01fbfffffd0407
fe06fc0205fb0606
fa0afefd02030a02
fc0afeff05040a02
0101020109ff0304
fffd010106030704
fb0109fe040a0400
ff0107ff030805fc
fbfa04020305ff01
f6f100fefb070003
f2f9fefef8000702
ecf8000102fa0801
edfc0501f9ff0604
f1030201fefd0504
ff0706ff06fa0001
0103020201060402
f8f90bfeff0afbff
fd0402fe0605fffc
f812eeff08000a03
fffefffe0200feff
0001ff0102010200
fe02010200000000
05ff04020403fc00
f70ef8fff0130ff4
0005fb01f41606fc
0bfb01fffa110107
fdfffe02fc0e0802
fa04fe00f80b0a04
0004fc02f9040906
fa09fcff04020705
0106f7fffb090509
0002f500ff060608
030100fe05020bff
03fe00ff060a0bfe
010006ff09090df6
03fa0b01000901fb
faf00800fd0905f7
f9f20201010600f3
f6f40afe06ff06fc
f2ef040008ff0506
f3f108fff708ff01
f30406fffb020502
f7050302f9050505
000108fef9080306
ff08180210fa01f8
f707fffe09f602fb
fc0cfc0106fb0200
ff02010001ff02fe
01fe0202fffffeff
0002ff01fffefeff
070403fff807fe03
05030bff0c04ff0a
fe020101040ffc07
fef80100f71efb06
fb01fcfffc0a03fc
fe030401fd0e05fd
06fb03fffc0d0101
03050000f8120001
fcfafcfff4150500
fff8fbfffa130100
05fbfefff90c05f6
02effafffc0c0af6
05ecfe0000070400
05eb0601fd0a06f9
09eb05feff1003f6
0cf20afeff0b02fa
03f707ff000c04fe
05fe09fff911fff5
06fc0700ee10fdff
08f81102f20efe01
fffd0b02f30605f7
01fc0200f60b0afd
03020a01ff1102f7
feff05fffe0001fe
ff000101000004fe
ff0202ff01ff0000
0200010001fe02ff
ff0002fefeff0000
02fe0200ffff0202
040101fffc04fc02
faf70101f101f50e
fcf80100f20fee0d
01f404fef913ef10
10f00701040fee0e
10f60afe060df210
12fa0a02f918ee09
0dfd0600fa18f401
0af10401fa17f6f8
0bf806fff815f2f9
130408fe011debff
18ff1601fe21e207
0efa09ff0213f4fe
14010a01fa1af700
190007fefc19f402
13fc0b000016fcff
130316010510f7fb
1c061602f018f502
14050effef11f70d
0e010d01fb09f608
010104020406f80b
ffff07fe0209f40f
05fffd0206ff0302
0101010001fffefe
01ff01fffeff01ff
fffe020002010102
0102fe01010001ff
0100fe01ffffff01
fefe02fe0202ff00
fbfefa010bf804f9
ffffff0108fa07ff
0a0001fe0c03fa04
0afe02010605f907
0dff06020906fc06
0aff06000506fa01
0c0002ff0a0cf606
0cfc03ff030bf900
09fd0afe0008fd03
07f805011001fa00
14f60cff040eea0f
100007fe0c0eef12
130109ff1009ee0c
0d0105fe0404ef0c
0dfe1001fb0af009
0c000c020207f410
0b0103fef502f20f
09010600f604f113
0d0205ffff05f410
0401f9ff04f7f60a
00ffff0001000000
0200ffff0202fe01
fe020102fe0002ff
02ff00010000feff
00010002fe000002
fffe0201000000ff
ffffff00fe00ffff
00010002fffe0100
02feff0201010000
ff010102ff0100fe
0102ff01ff00ff00
02ff000000fe0100
010201ff02fffefe
00fe00fe01fe0102
020000fe00020200
fefe010002feff00
080002ff030905fa
06ff03fe030903f9
0001000100fdfffd
fe00fe01000002fe
fe000001ff01ff00
ffffff00020102ff
0101feff01fe01ff
02ffff0002020002
00fe0100fe02ff01
000101fffeffffff
00000101ff010001
0101fefe00010001
feff000200fffeff
fe0001000101ff01
02fffe02fe020102
010000feffff0002
ff02fefe01ff0202
ff02fefe0002ffff
0100fffffe000000
ff020000fefeff02
030202fe01ff0000
030102ffff0300fc
080106fafe0906f6
0aff04fbfa0809f5
090002f9fc0b09f9
0c0105f6010906fa
090005fa010406f7
fe0105f9030c0af8
02fe06f3fd0f0ef7
01ff0cfbf9120df2
00ff0506fef8fdfb
fd0209fefdfd00ef
fcffff02f90b0bed
fcfffefafa0c08f0
0aff0af0ff0b07ed
0f010df4fd0f06f2
0b0108f2fc0f08f0
0eff01f3fe0f09f5
07fe05f5fa0c08f8
09ff05f4fa0506fa
ffff00ff000201fe
ffffffffff00fe00
fffefe00010002fe
ff00feff0002fe00
010001ff0002fffe
0000fe01ffffff01
02010400ff0407f8
f8ff0afbff0a0afa
f8ff06fa010a09f9
0602fefaff0305fd
0aff01f7fd0608f4
0b0206f5fc0d0af2
0bff05f4fc090af4
020102f3f60b12f8
00ff08f2f60f0df4
0aff02f4fe110cfa
0d0003edfd1106fc
0b020bfbfffafff1
130003fff40604f3
0e0212faf4f903e9
0b001afff2f5fdea
120216fffaf601f9
0e0118fe00fbfdfd
09ff10fd07f8fdf4
07000aff05fd02f6
0a0204fafd0405f5
190005f0fe0607f3
0e0004f2fb050af3
0001f902ff0606f8
fefffb01fe0203ff
0100fffeff00fffe
0002020100010101
ffff0001020102fe
000101fffe02fffe
01fe090209f601f6
f7020df4fe0208fc
0dff02eefff5fd0b
fcff03f70409f906
09fe05f2ff110000
030005f4fb12ffff
fe0008edee0bfc03
06010eebed030703
03010cf5f307040b
ff00faf5031a070f
ff0004eeff09030a
02ff03f4fa0608fc
0000fb07000f0204
fe00090c0608ff02
ffff0a10fc07fdfc
06fe0811fc01fbfd
0c020e050200ff04
0b0205ffffff0000
05ff05ff00fdf608
13fe09fa0801f90a
110009f90905fc04
0f0008fb1209fc01
05ff03f807030102
fa00060501fdfe08
04ff01f9f702fa06
0101fefe0202feff
ff010200fffe0000
fe0100000404fe03
fb01070607f9f9f8
ff00fef50501f209
ff01f7f5060dfb02
f8fff9fc0809fafc
0002fff9060603ff
070000f9fb030109
0102fefbf80eff03
020005fdf60e0008
010106fcfc0b020a
030005fc0208030c
03ff0400ff06050c
02fe0204ff070403
00ff0a0602050006
01fe090d0502ff06
07020b150b08ff01
06fe0a1504030205
05fe0a1204fe0504
02ff090e05ff03fd
0501010cff06fd00
09ff02030003fc06
02fffe0806020206
0efe03f707fc0305
0ffe0af50ffef816
0d000cfe0800f816
fe0008fb0b04ff0b
0000f8f7010f0c02
01fffffe01fffe02
0200020202ff0001
03fe0c0504fe00f9
010101fd01feff07
f7fffdf8020d0305
f8fefb0206fef4f7
fbfff9020607fdfb
0001fa00030efcff
05fff600f40b02fc
08fefdfef9050001
0c01fffcfc010607
090002f401ff090e
06fe05f50202070d
ff0204f703010407
03fe05fc0103ff05
00fe0500ff03fd02
02ff070701060107
06fe070b09050706
0500031201000c02
fdff061405050805
f902090901020408
fcfe090aff000700
fd02030700000003
02fefe00fafe0104
0a0106f90602fe06
06020afc0d0afe11
010100f4040a060f
0200f7f1fe080b06
0201000002020101
00000708f8090005
0102fff808010003
f9ffff05f80902f9
fcfffdf7f90b02ff
fefff7000606fd00
fafef800ff0900fd
fd0000fafe060200
060001fbfc050105
09ff00fafb070606
03ff04fcfeff0404
08ff03f607fe0601
050105f903000602
0000fdfc02fc0403
01ff00f201f90208
010104f2fefcff08
01fe00fafefe0204
0300ff0502fcffff
02ffff0cfbfa04fc
0000040e01fc0600
f600020b04fb0801
f2fffc09fdfd05fc
f5fe0008fbff0101
fc010702ff03f705
070108f2fffcf90a
0e000ff304fdfd10
0b010af303f9f70e
04000001fb06fbfd
0100fe00fe0102fd
f402fb0ef20bf1f9
09feedfe040001f8
f601f809f30bfef7
f000f006f7160200
fb02f702f9130307
fd00f705f80b04fd
05fe0403f60902fd
09000afffc030209
07fe0104020405fe
08fe0402030008fc
0700020103020bfc
01ff02ff03fd03fd
fa00fffd04feff03
ff0001f200f90202
03fe03eb03fdfc06
020200f400fdff00
ff00fd08fbfefbfe
fb01fd12fc0000f9
fefefc1403fe01f9
f7fffd0d00fd02f8
f700010900fe01fc
fb01020803020101
f30102050305f706
000203f90301ff0a
0c020aee02030b10
0bff06f206fcf711
0600ff02ff03f801
fcfffb0c010d07fb
fc00f702f40503f5
0c02f009fd0e0203
f2fefa14f91afbfb
faffef06f31804fd
0601f9fff10f0102
0a000106fe0800ff
05fe060b0208fffd
0aff060703000401
07fe0209080509fc
07fe0008070304fa
0500ff0503fe03fd
f9ff0407fc04fdfb
f1fe03000305f9ff
f2fefdf1000000fd
f301fdeaffff00ff
f400fff903040101
f5fefb09fa02fffa
f601fd17fe0300fc
f5010013000403fa
f3fffb0bfc0301fc
f500f90506fc0402
f401fe07ff04fa02
f10200fcf805f807
fa0103ef04fefa0e
060207f40fff0718
020208f60e06ee14
fd010cfe09fff70b
0102f801fd02fefc
fd01f300f705f8f8
f801f609020f0006
f8fefc15fc1101fa
fb02f6fef10b03fc
03fefd02ed0b0401
05fe07060101ff01
03ff060105fb02fd
0500080c06010100
07ff0306050001fb
0600040202f803fd
08ff0605fff6fa01
f20003fefaffff04
e30202f8fe03fd05
e2ffffe9fe05fa00
eb01fde2fdfcffff
ee01fafafe0601fe
e9fef60f000502fa
edfff215f80205fb
eefff514fe0402fc
f000f413020bfefc
eefefd090408fc02
f1fffe030207f904
f60101000009ff05
fdff07ec0bfef90f
070211f509fef715
05010efb0400ed0d
0600f9fff3f606f4
02fefc03fd04fe00
ff01f402fe03fbf9
f6ffec08f50a05f8
f2fffa0bf90b0a00
02ff05fcef05fd01
04010504ed040bfd
03020600f7f80aff
02000203fff80100
0a01060304f9fb03
10ff000105f701fd
09fe07ff03f6f902
03ff0701fbfafb01
f50209fbfafdf90b
e5fe06f4f403f902
e5000ae6f501f3fc
f6fe06eaf5f9f9fa
f8fdfcfdf8fbfff9
f300f114fb0603fb
f101f713fe0805ff
f801fa13ff010101
f4fefb0d040302fe
f1fffa06010505fd
eefef5050809fc00
f500fcf91006fe0a
020105e301fbf912
09000bed02eefb11
0b020ef5f9f9fc0c
fd02ff03fd00fff8
fe00fb03fd010100
f3fff310fa0dfef7
ff02ed05f4fc02f3
f5000204eb0bfef8
ffff0dfde9fffefd
07ff0bfef6f90503
070102fafdf40604
05ff010200f8ff00
0bfe00ff03f70203
1302fe0009fd0103
0f0103fb03f8fb03
08fe05fcfbfffb07
030006fbfe04f70c
f5ff0bf2fb08f603
fd010eeafeffeefb
09fe0bf0fcf9f2fd
0e0001ff00f8fd03
04fdf90dfcfcfd05
05ffff0efefb0404
0800000d01ff0605
fdfefb0a0bfe05fc
fa01f80405000cf7
fafeef00070405f7
fbfefced0e02ff05
fd0106ec07fffb11
01ff13effff7f819
05011bf509fef619
f9fe0401f9fbfdf9
0001fc0200fffcfd
ff00f906fd07fcf8
0301ea02fbfd04fd
fffe08ffea01fef7
030208f3eaef08fd
030204fbf5f7fe01
030103f801f60503
070101fc00f9fa03
0afdfbf906f50100
080104fc05fb00ff
06fe01fd05fff807
0b0006fd0003f808
03ff0403030df10b
f90006fb070bf108
fefe0bed05fcecfb
090003f304f8effd
0c02fb0303fdf301
0801ff0bfe00f900
08000008fefdfa01
0c00040b07fe0506
06feff050d0004fd
0a00f9050b0308fd
0300f10109060bf3
f800f2f511060900
fa01eefb001d02fc
fa0102fdf703f802
feff0cfbfbf2f208
f301f804f2f404ef
fc0009ff07f9ff00
fefef409fb06fffd
fc01e509f406fef5
fafe0cfced0102f4
0700faf4edeb0bf9
080000f6f2fa0601
ff01fcfaf7fdff00
04fffdf905f3fe07
010001fe08fa0004
03fd05fb0a02fa03
09fefffe0801f904
09fe04010808f104
04fe05ff0a0af40a
faff05f90706f00d
fa0009f50afdf102
020005fc0fffea02
0702fcfe0602ed00
04fffc08ff03f204
0affff09fb02f804
0b01060405030205
1101ff0107ff08ff
0f00f40203ff0cfb
08fff30002051000
ff01eefbff0d0f04
f8ffee00ed1707f4
f9fef60af40e00f6
f5ff040cf104f9ff
f8010805fc0809fa
07020500f8fdf807
fc01f805ff05f5fd
fb00f20cfa00eff0
010104fff2fb05f4
0f00f2fef2ef08f9
0bfef3fdf601fffd
0b0000f9f0fe0203
04fefcfffbf80307
060101fb05fb0000
010101fe08fefb01
03ff00000307f601
080001020a0cf803
fb0000050c09f706
f9ff07fe0d02f709
fcff0bf91000f705
00ff04fa0b01f304
0a0101010a01f104
0902fe0a0006f005
0afefd03f500fd01
0902fb03f80406fb
0dfefa01fafb0efc
08fff6fff6020cfb
0cfff3fef8010efe
fc00f5fbf20507fa
f700f8fdeb0808fc
f900fa0ef21908f8
f400090cf10909f3
fafe0506faf908f6
05020401f8fff703
f800fa040307fb02
f8ff0118080beefb
0902fb08fb00fefa
0dfef100f7f605fd
0602f2fbef0001fa
0afffff8e9fefc01
0302fbfef30206ff
06fffd02fb010700
03ffffff000a0301
01fef9010408fe01
000100ff060bfd04
faff03fe0b07fe09
fa010cfe0c050004
f9fe0efe1005f805
01fe04010c03f404
0b0000020906f206
0a00fb080105f3ff
07fffe02f701feff
0702fa03f20507fa
0201f5fdf0ff10f6
02fef7feed020ef5
03fef605fa0a03fc
fdfef4fdf80afb00
f701fffef20903fb
02010600f0150a02
0002f70cfb050a08
fcfefd04fc030af9
fd01fc03fe02fafd
fafefe07060afdff
f90207160a0ef8fb
07020708f7070004
06fef803f5fa01fa
04fff4faeafd07f8
05fffcfbeb0301fb
fe01f504ec0d00f7
05fff600ef0b05fc
f9fefb01f70f06fd
f400feff020e0501
f700fdff03070609
fafe05010d06010b
f8010d000c060203
00000cff0d06f900
0cfe01020a09f302
1301ff020a07f700
0bfefc040207fefe
0101fb02fc0504fe
04fffc03ec0809f6
fe02f900ec010cf7
fefefb05f0060bf6
f9fff9fef30403ff
fc02ff02f90cfb01
fb020502f60b00f9
11ff10fdf8121002
fc020411f40812fa
f6fefc01f90209f9
01000101fe01ff02
f502fc060409f8fd
0301fb120415fc04
03020dfff6010503
01fffd0df40bfafd
ff00f8ffe8fffcfd
05fffcfaea01ff02
fdfef900eb0b03ff
0201fa03ee0c07ff
fa01f502f30a07fc
f200f9fdf9040d00
f1ff00ff02080606
f10004040704ff03
fffd0a01050300fe
08fe07fd0804f8fb
100200fe0701f3fe
1400ffff0808f902
0afefdfd050305fe
07fffefdfeff09fa
fefe00fbf20609f8
02ff02faf20606fb
f8fe00fbfb080201
f702fefafc0c03fb
fefe0003fc0ef9fd
02010405fc08f9f4
1900f7fff4fa1dee
02fef80df9f907f4
f5010d0af8170af4
fc0105f6f8f301f6
fafefc0b0605f9fd
fc00fe0dfc0dfafb
f8fe0705f5060107
fd010607fb06fd05
050102fdf704f70b
06ff00faf2020110
0001fd02ed040a03
0101f702ed060afe
f600f907f2060bf7
f0fffa01f6fe09ff
ed01fdfdff000704
fbfd0104fb060403
0bfe03fe0104fd00
14ff04fe0400fc02
0aff01fe0606fd02
0701fc0107050602
06fefdfb07fe0bfc
04fefaff02020ef8
f7fe03fbfc0209fd
fb0108f7f7010102
f90002f8f2040302
f9fffffef20803fb
fdff0407f60c0001
0bff0707f80100fb
16fe01fcfcf414ef
09fff50205f605ee
06ff0404f7010bf5
fdfe060403fe00fe
f602f30bf20009f3
fdff05f6fef902fd
f8fffc0cfe08040d
01fe050302060108
fd0105fffd07ff10
03fe07fef9040308
fc00fe05f3050dfe
ff01fd09f00509ff
f4ffff0aee050bf4
f0fffb03f2030dfd
fcfef5feedfd11fd
05fffa02f1ff0bf9
0c010300f90307fc
0ffffe0103060203
0b01040007050402
06fe030207010d00
000202040a020bfc
0002050109fc0c05
f60107fc00fb0503
f70004faf4fe0402
f90101fcf2060506
fbff0200f60a05ff
fb020a05f5040202
07fe0afef3f8faf8
10010df8fbe906f5
01fefb06fe020bf8
fe00f801f9fb09f6
02ffff02fffffffe
fd00fb0c010c09f6
07ff04fe09fe0e06
02fefb0fff0a0a07
01ff04090a02080a
02fe05ff07ff090e
f5fe0800fd000603
f4fe0308fe0a0501
f6000204fa010500
f9000404f5010bfe
f2010203f50208fa
fd00fc04f3fe0cf8
0dfdfa03f3020df4
0ffd0101fb010800
05fffd00030709ff
07fe050106060b07
05ff040108f80e07
00fe08010afa0c06
ffff0aff08fb0c06
fdff090402fa0904
f8fe0b02f3050609
fe010502f3060706
fd020c01f203040a
fd010f07f4fd0504
010004fdf3f105fb
16fe0bf0f9ea0dfd
0400010200fa08f9
00ff07fd04fafcfb
01ff060403f9fefc
0200fa090106fefc
07fffb100a0b0afd
01020315040b0dfa
000209040dfc0500
0602040010f509f9
faff0d050d0404fb
f7020802090701fd
fb020304ff0003ff
fd020602ffff0401
fd000005fa0004fc
fa010204fc050afe
04fefbfef8040cfc
08fefffdfc060b03
090106f901050d07
070008fb02030b08
05fe030002fd0f05
07ff0afe02fd0806
030109fdfcfc0801
fefe0702f3ff0803
03010901edfb0606
06010a00ecf90605
00010908ef05090e
0200070bf0010a0e
140007fff6e60ffd
0a000af5fceb0404
f600fe0bf90b06f8
0001ff02fd0001fd
fd00060302fbfffc
ff01fd0a0200feff
0701f610010b0bfe
050007fe05020c02
fffe0b030bfc01ff
f8ff030c07fd07ea
fb00030f0c0200f2
fa0103090a04fffb
f9010005050105fc
fdfe0201fe0001fe
fb01ff00fe030400
fdfd01060209080a
ff00fd02ff080b04
0000fc0401080e08
05ff01fc00ff0808
010004f801020b04
04ff02f901fd0804
03ff06f9fefb0006
05fe04f7fafd0406
02fe05fef6000502
ff0109feeefb0605
04ff0406e9020208
fafe000bec05060b
05020c07f3fb0114
170109fefdee0809
0a0005fafdf1fd05
05ff07fffefdf702
00010001fe0101fd
0102010101000100
020100ff02ffff00
fa010410fc0f0103
03fe0bf00406ff13
f9fe0ef50102fc08
f8fe02fe02f8fffb
f5fffa0bfe0101f7
f200fb10020a03fa
fd0100060a040507
fbfe020301070100
f9ffff040204020b
f7fdfe0601070907
fdfefd0600090904
fc01000804080605
feff01fe07030807
fefe03fe05010705
010007ff05fdfc07
00fe0300fffefe05
fbff00fbfefeff0e
000003f9f3010108
060208fcf2fd040a
0afe0302edfe0a12
0d000bfff2fe0a13
0d0011fef8fa041b
0dfe07f5feea0a09
0b0205f901f20108
03fe07fef3f4f5fa
020201ff0100feff
ff0101fe00fe0102
fffefffefeff02ff
050104080200f900
01fe07f60204ef0c
fb02f1f9fffbf004
ffffebfbfcf8fcf9
f901f905fd04fcfc
f3fef8020501fe01
f20101fd0602fe06
fafd03fd0402040b
fa01000107020408
f900020708080309
fcfe040702070708
fc0001070406fd08
f80200030008fd0c
fd0203000202fe08
fcff04030107fa0e
faff0200f8f9ff06
050205fefbf7000e
0cfe0bf7fcfbf708
0eff05f8fdf7060c
0eff03f8f6fcff0b
0d0103f900fa0817
0c0003f805f60b19
0d0000f9fcf61006
0500f407fa010bfa
0202fb03fe0001f7
00fe01ff01020102
01ff02fefe010200
fe00000100ff0100
020002fb0afb0906
07fefefbf4f3fc03
0701f3fcfaf8fbf9
0501f0f9fcf607fb
ffffff01f906fe04
fa0201fffe01fc07
f6fe06ff03fff101
000008fd09fcf704
fe0004020802fd0a
00ff040301040103
01010b0600fff901
01fe0e0204faf60c
08ff0a0307fbec09
0c011005fffde909
03ff0e090300e806
0b01100001f8ec05
11fe0ff703f1f305
030112f100f5faff
0b0109eefff1050a
180108eff8ed0607
18ff0debfbf0fd0b
18fe08f404f4fc17
090209f2fef6fb07
02fefcfe00fe0900
00ff0000ff0204fe
fefffe0002fe01ff
02fefeffffff0000
000200fe0000fe02
fffeff00ff0100fe
000101ff02fa0005
0800fffe09f80a09
0301f4f8fff20efe
07fef2f9fef509fd
03fffa0202fcfb01
02fef80403fbfcff
0bfffdfb02f3fdf9
11ff03fb03f405fe
11020af905f80006
050107fb08f50809
030105fa01f20101
050004fa06e8f601
04000801fef0ebfd
000107fc02f5f1ff
feff0cf80dfbebff
ff0208f90cf8f0f9
fa01fff2f5edf7eb
ff0203f6fae807f6
050101fcfcea04fc
000104fbfaee00f7
fb01f80101fd00fa
f600fc000af90ef6
fffefe010000ff00
01ff01000001fe01
01ffff010001fefe
02ff02ffff02ff01
0002feff02ff0200
020102ff00fffe00
00ff00ff01ff0202
0000f808f80bfc02
fe01fb07fb0afcff
0001f8fdfffafeff
fe00fafc00fa0004
fbfef4fafcfafffc
fefef7fef9fcf8fb
fd00f7fcf6f9f5f3
06fe05fcfef5f5ff
04fefefdfef7f900
fbfef409f100f4f2
ff0100fb00eef1f4
04ff040008f8ed02
0000fa0e00fbf3fc
f8fee40bfcfbf6f2
fd02f80307fd00fc
01fefd0201fb03fa
fb01f105fefafff6
f900ed06faf8faf2
fa00f301faf5faf1
f5fef70efefef2f6
0202ff0101020202
0002ff0201020100
0100000202ff0202
fe02fe00fffe01fe
0200fe01fffe0000
ff0100feffffff00
01fe02fe00fe0102
000201fe02ff00ff
fe01ff02fe02ff01
0100fefe00010201
02010101000001fe
0201020100fe0202
fffe0101ff01ff00
0100000202020101
00020201ff000100
feff01020201ff02
fe09070005fd0401
fd0908fd04fc0400
02ff05f8f9050202
ffff02fdfc050102
ff00ff0200fffe00
00fe01fefeff02ff
ff01000200fe0102
ffffff0101ffff01
02fffeffffff01fe
fe0102000001ff01
fefe01ff02ffff01
0000ff00ff020100
ff02020001000002
020200feff020001
01fefefffe000202
01ff02ff0002ff00
00fe0100fe000000
0001fe00feffffff
0101fffe01ff0200
fe02fe020101ff01
ffff04ff02000300
fefe02fa05010302
f7000cf30afd0c05
fafe0bf60fff0d04
f8ff0df80cff0805
f2000af60b000703
f10009fa09fa0601
f301030002f50102
f50603f902f70504
ee0c08f905f30605
f605ff0b02fe0306
f4fe0f00fa070808
f1f707f1f405fa0a
f9f406e9fa07ff06
fa0a0aeb0ef71002
f7040cf40df50c01
fa0e0df20cf60d03
fe080bfd11f30901
f6010bf90ef70c01
f9ff0af90dff0802
02ff01fefe000200
02fe0200fe00ff00
00feff00ffff0202
ffff010001fefe01
ff01fe01ff02fe00
01010100fffe02fe
000107f908010908
f60200eff50208fe
ff0103f5fafe0300
ff0207f803fe0502
fa010ff609ff0d01
f7000ff10eff1104
02ff11ed0a010f09
0cf210eaff000909
0cf213e406ff0e0c
08f715eb0d010f09
fffd0af907020d07
ecfa110809050f0b
ebf415020d021307
f0f715060c0c1b0b
f9f80906060a1513
fc01040609001412
05fc000005ff1511
060b07050802100b
041009fd04030b08
02160bef06030e02
ff0d0af70bf51100
02090cf307fc0e01
fb0204f5fe03fe03
fcfdfffdfc06fc04
020201ffff000000
00010002fe010202
fffeff0100fffe01
02ff010001fffe02
0307fe08f70a0a08
020802eff6090b04
0c06fd0303020b01
fe090004090009f8
fd0706fe100115fe
040201fb0f020d04
12f6fefc0b050f06
11ee07f207071510
14eefffe06050d0f
18f9feff0504080d
0efe0103fe0b0b12
f9f20300ff000d13
feee020402f60207
00f5fd0402f50907
f5f9f90601fc080b
f50bf109fcfc050f
fb04f00004fc0b15
0206000607030d07
0c09fd1205fb04fd
0a00020604fa0afb
04f805f505f90c00
02fa08f50cf51000
0dff09ff03fd0202
04fefc02f707f505
0aff030701fefefc
ff0101fefeffffff
fffefffe0000ff01
02020004040101fe
0808ff09ff0b080a
0b0df30b0901fcf8
f90e020212fb07fd
f9100a0810090704
fd0c06fd040a0a08
fc0500fc0003060a
fa00050109000c09
fdf6060104fd0c13
f9f6080106030e0d
02f90204fc020716
fcf8060200fe040c
fafd050801fd0505
faf6010200ff0807
fdf9fe08ff03040a
f8f8f60602030c0f
01faf3fffefc050b
08fef802fc00050f
0402fffd04030b0b
03fc000407020800
08fa030908fd07fa
0bfcfe0308fffff9
060204f8030005fa
11f8fd0cfcfffcf9
0eecf30ffb03fbfe
07f5fc0b00f90706
020109fe0cf60bfc
01fe0001fffe0001
fefe000100020101
f40a03fc060a0e10
09090001fe0b0c12
001010fa12040d07
010c110c0b10ffff
fb0310070904fcfe
f6050e0508fbfd00
fafb16ff04f4fcf5
f9fd0d00fffbfcfc
f6fe0901fdfafd03
f7fb05fefbf8fa05
f1fa04fe03fefe02
f8fbf7000101feff
fa00f8000207fe01
f903010504090006
fdfb0200ff060709
faf8fcff03fb0a08
fdfdf601fff7040a
faf6f50207fa0809
fef3f9ff05010b0e
00fc03fb040b0b0f
08fefffcfd0b050d
070d0af9050d07fe
090705f907020c03
0cf1fcf802f80705
08fb050307f71000
040a09fe0af50cf8
0201ff0002ffff01
09fa0201fe0c0907
15fcf90a0701f6f5
0ffffa02ff05fa05
0602fcfb0d0508fd
fe090701fd04f9f9
fdfd06040000fd01
fefa0c0001fbfdfe
0800090001fbfefa
0afd0802020200fd
03fb060400090005
01ff030303060004
fefbf3ff0304fdff
0101e701fd01f701
0200eafeff05f8ff
00fafb030005fd06
00fd0a070203fe05
fe0206030400fd06
01fdff040100fd08
00f7f9fb03050003
00faf3ff07030102
03fff7fefe02f800
0807fef9fe07fd09
0405feff04070304
150cffff03091100
18f604fd02001702
10050004fdfe0d02
090607fb0bfe1105
000100000000fffd
0af6030bff0f0005
13ffff02030bedf6
0e00f504ff0cf9fe
04fef9ff0d0b0600
00fffc0205fffdfd
01f7fe04ff00f7fb
04fa08ff000100fd
0df805fdfd000700
0bf90d020004fefd
09fa0c03ff0cff00
0bfa00030009fe03
0dfbf106000bfd00
0afcec02fb0df9ff
0a03f206fb0dff06
05fefd05fd09ff02
07040904fa05fb06
0a0a1004fe0bfa02
080002020307fb0a
0bfdfb00030bfa03
0a00fcff0209f7fe
0502f9f50403f802
0601f9f5ff0af807
02fef5fffe0af903
07fbf70000f601f8
0bfcf706fbf60bf7
0c0c020302060b01
0e08090005fa0c05
f60000f4f401fd03
07f807fff211f4fc
0203f8040109f5f5
00fdf4000605f901
fdff020011050101
05f7fc0006fdfdf9
02f5fc0001fefffa
06fc0200020e0500
0cfe0201000202fc
09fd0f0200030000
0cfb0d02000cff04
0efc0206030affff
0ef4f10301130005
0cf7f10204100106
0ffffd05f910fc03
0e030709f70af9fe
0a040b05f503fb08
0b080e03fa0cff0c
09fd00050107f606
07f4fbfd0409fb07
08f5f4fcff05fa03
06fbf2fe01fcf4fd
09fbeefcff09f604
03f1f3f6f70ef603
05fbe800f8f8f8fd
ff06eafcfaf603f9
0a00f0fd030d0c09
0602fd01fd070808
03fd02fff904f6fb
08f80806f60bf1fe
01fcff060005f8ff
00fdfa00030cfb02
0603fd000f0701fc
08f4fbfa03ff00f9
09f6f101040401fd
0afefe03010e0302
0cfc050702060505
0cfe040402070003
0b010104fc05fb03
0dfdfc060103fe02
0ff6f102fc040000
0dfaed05fe000104
1004fb09fb0402ff
0b0d0b0cfa000000
080a0d04fbfbfe04
03050507fe01fb07
0300fc0300fef802
00f7f0fd05fafa02
fdf4f0ff07fcf902
fbf6ecf603fdfafd
06fcf2fafc0af803
faf8eff7f80dfa09
fdfdeaf4f3fbfa07
01f8e7fdfcf90313
f7fcfcf800160404
0b020bfef80df5f5
04ff0301fa05f6fb
05ff0105ff05f9fe
01f20902f70df3ff
07faf408fdfef902
0404f8f9050004fd
11f8f6f5fefdfefa
0eeef3f9fe03fc00
0bfcfa01000b04fe
0800020500020102
09f70203fff7fbfc
06faff0002fdfe03
0afbf20200f7fe02
07fbe702ffe90202
0e01ee08ffe90803
050cfe05fdf30601
ff0d1209fdf80700
fe050d01f9f50001
fb010403fdfbfc02
f7f8f50004fafc05
f6f8f0ff05f5fd03
f7f4f0fc04f7fb02
f3faf5f5fafdf703
f7fff8fcfb06f104
e901f3f5fb05fe0d
e304fbeff8fffe0b
fa0bfb04f10af505
00fefefaf2150402
08f60303010bfafa
02fd01030102f2f5
05fe05fdf40af900
08f7fc100204f2f3
02f2fd0505f9fc03
07f3fdf807fa0806
0bf5f3f502fa05fc
09f6f1fdfef9fbff
0400f20103fefffb
0203ff0204ecf9fa
00f7fefd09e6fff9
01faf70504e7faf6
05faee0501e000fa
0208e40401d007f9
fe0ff50305dd0802
f910070207f80901
f90b0f0303fb05fc
fb04090105f305f3
ff01f90604f6fef5
03feef0307f7feff
fafef0fb05f90203
f4f8f8fe01f4fdfd
ebfd05f4fdf8f9ff
ea0205f8fc01f4fa
e7faf8eefbfb01fe
defdf1e4f8fe0608
0007f2f7f10c0410
05ffe6fff90b1510
00f7020afe0bfb07
030103060003f9fb
04fb0104ff06f8fc
01fd030802fcf5f6
02e9060102f3fe08
06edfb0104ecfffa
03ecf2f804ea01fc
fef3e7ff01e500fb
fa04f30204e503fc
ff03fb0104dafefc
f500f4fc04d0fe03
f809f10200d4fcfc
f60eec0403d401f6
f618f40100db08fd
f41a00ff01f50804
fa0e07ff09060c05
ff0607030cfe06fa
020306020ef708f2
0304f7040af504fb
0e03f10505fdfdfc
02fff701fdf7fdff
fdfd01fefcf7fcfd
eefc0cf604f7fbfe
e9fe0bf703f0f9ee
e7fafff609ec00f1
daff04e505fc03ff
fd0408eefb09040e
fefaf6faf00dfc08
fbf60f01f60cf701
fb08020604010906
02fd0407040bf6f9
02f50609ff0ff3f9
ffec0603fceeff0b
f5e7fa0d03e1f1f2
f3ebfefd0adf01f8
f8f9f00207d303fc
f20af10803d1ff02
f30ef00105cd0303
ef09f5fdfed7fe05
f311f5faffdefaf8
ef10f6f7fbe502fc
f21bfef7f9f60604
f81303f5010e0d03
ff0b06fc09110c02
ff0508fd12040bf5
0508080211f907f0
0806fc0809fb00f9
0904fd0004f7fcfb
0706fffd01f600fd
09fb040204fafdfb
fbfa12ff07fef9f2
e7f10df505eefbec
e9ee10f106f102f0
f2f20de9fbfffffc
fef60bf3f602fa07
f8f403fbf00a0209
f7fc0af5f7050c03
06fa00f7fc000807
040200070708fcf7
0bffff0bfe0cf8f6
01f6050304ef0701
f4effb0b02e4f1f2
e6efff0204defcf1
f0f3fafe03dc02fd
edfefe00fedffd04
f008fc0504e40004
f412feff01ef0001
f41201f8fbf6fefb
f31102f3fdffff01
f51708f6fa0b0504
fa0f07f603150808
00060bfb0e100f05
00030b010c020cf9
02070a0510fa0af2
0707010709f9fdf9
0708ff0005fbfaf8
0d06080209fdfced
09ff060706fcf7f0
02f40a0605fdf8f4
fbee0afe01f9faed
00eb0dfdfff6fcf0
ffee0bf6f4fafdf9
fbee0df7fdf70102
feee0af9ef0a040d
f9fd09f8f7080a02
07f701fbfbfe0307
0000fe040300faf9
0205fc060f010bfa
fefb04ff00effef8
f702f609fcedf1f4
f1f1f803ffe8fef9
f4e9fe0004ed0300
efea030103f8fe04
eefb060406feff08
f40b04fdff02fe04
fa160200fe07f9fd
f6140bf7010c0105
f91209f6ff14060a
fc0711f20b160e0d
fdff0df7110a1306
00fe08fd09fd08f6
fd0505020af807fc
040b020508fbfcf6
080c02040600faf5
0500030808f9feef
0df4000b05f7f9f1
0af8050802fcfbf3
03f2050a05f7f9ee
05ed0e0200f8f7f3
05eb05f8f2fdff00
f1ed06f8fdf80903
fb030bfff502ef00
04fd09f2f40c0107
020202060502f9fc
01fffe0508080100
030afe090a000800
fafdf6fbf6f90201
f300f604fef9f2f7
faed0201fff6fefd
f9de0701030205ff
fee10804020bfc00
fcee0d050408fdff
f7f50a00050bff05
f80503fe000b0207
f91003fa030d0306
fc090af403160107
fe030ef30b12090c
f7fe0cfa0b090c03
fdfc0a01060003f5
fd060502050104fb
060902030200f8f5
080607090901fef1
0cf704070500fcf4
08f20508fff9f6f7
08f903fffcfcfefd
02ec06fcfef6fefe
f9ee07fafbf70602
01ec04fa00fe090b
ecec17ec00011509
faee15faf104fc09
07f807f2f40cf80a
02feff0100ff0200
0207fe050a05fefd
fc020304080201f9
0106f603f7040402
f7fbf502fb06fbfc
fce80101fd01fef9
ffe20800fe07fff8
01e80407030efefd
02dd0505050dfd01
fbe308fe000afe03
f8f50503ff0b0006
fafa05f8000e0106
fbfd09f402110304
f7ff09f30a0a0805
f7ff0b050a0409fd
fcff070b05fc03f6
fe0200060006fef8
0bfefc070102fbf7
09fe0609060202f5
04f20108060502ff
04f004020000fdff
04fb08fafffa0500
fff30bfbfff90201
f4f80af8fffa0500
f9fc13f9ff06fefc
05fb31e2f60c0404
08fa1df9f90af501
f9f7f8e7f203f40c
06f50509fa01f7fd
0407fb05080a0103
01fbfc060802f6f8
0a0c0106040806fe
00fdff01fe0802fd
fef0fa03fc0b01fa
ffedf800000301f8
03e80201fd0dfcf7
05e30802f70dfbfb
f9e50503fb0afefe
fce8fe02fa09fbfe
fcf5fffdfb07f9f5
f3fb08ea050a00fb
f8010af5080606fa
fb01090c050302f5
02fb090d030002f8
03fd0207020704fb
09fc0308070406fe
03f80809070305f9
01eb020904080101
03f0010402000503
06ff090100000302
00fd01f9f8fcff04
f3fb0bf2fbfc0407
f3ff10f7fb070703
f7fe2bedfa150f06
0d081cef0314f6fb
f80911f7f90a0910
fe06ff0103ff0406
07f6fe0cf3f4f201
0dfefffefafdf6fe
0d1106070601fef9
0802fbfd000903fd
0101f701ff07fff6
00f7f800000702f6
fcf20002fe0c01f7
03eaff04fc0bfef9
00e90505ff0b03fa
00e6fdfcfb0202f6
fef306f6fe03fef3
02fd05ecfd02fcf7
000007fe01040400
06ff0b11070305fa
0101080c03060bfe
fe03050806040c01
fff7050506090706
fdf6020b0506070a
00eeff0d03090806
01f40004fb060709
00fc0400fb030308
f7fa04f6fdfd0a11
f6fd06f5fe070f12
ee010400fc0c0808
ee041801f7141311
fc0313ecf7110210
f8090ffb01090109
00ff0101fe0201fe
0007f90afbf3f602
0310fff5f7060404
081703fffd0b0605
020cfdf8f90c0604
0309f1fbf604fbfa
0005f104020803fe
fffafc00050e08ff
04f9fa03fe0605fb
05f8fd01fd0008fd
01f5fefafe0008fc
04f900f2fd0501fd
03fc04f0fd030304
05fe0303ff040206
0401090e0a040a04
01fd070805020e06
ff00030c07fe0b06
fffc070d02070c0c
f8fd050803091114
f9f7000c01050a10
faf4ff02ff010f17
fbf5fffdfe010b16
f2fdfef8fefc0e17
f7fc00f9fe0c0b1a
f001fafdf707010c
f004fcfcf60c0812
ff070ff0fe0b050c
030a050301040707
f905050404020509
ff0000ff03080202
fd10f6f4f70e0f10
f81402fdfa090f14
fa11fcfdf90d0b0d
fa13fcfef808fbfe
f706f10200050304
fe01f5ff01060908
0309f6fd09ff0800
0205fbf403fe0b04
0406fdf305000a02
05f9faf102000605
0afd00fd02030307
08f8010107070a0f
02fb04060a050f13
00ff000506000c0c
02fc020802fe0809
fbf9ff0408030d0e
fafef90804071015
fcf5fb0603040f14
fbf60203fefc0f11
fcf502fefc060a0e
fff9fff9fd020713
f9fef9eff7090016
fa03f7f0f309fc0e
f80bfffbf4090509
f90113f1f103f207
ff00ff02ff00fffd
f808080402030808
fe02040403040604
fb10fcf8fa0d0710
fe08f9fbfafd0c1a
fd09fefe000f1013
f90bfafafa120711
fa05f4f5fc08010b
ff04f6f2ff01030e
0109faf000fdff0d
010bfdee03fe050b
0008faee07ff0306
01fef6f50701030c
05fdfafc0202ff08
fff9fb000502030e
01faf9060205010d
00fafb080700050d
05f5fa070205030b
02fcf6070203080b
fd00f60703ff0a0f
00fefc040106080f
fdfe000502040d0e
fafafeff0100080b
04fbfcfcfc01fa0c
fb01ecf1f803fa15
f8f6edf6f106f90a
f1f4f7fbfa0a0101
f40b03f8f90308fe
01010000fdfefdff
00ff010001ff01ff
fe010102010101ff
05000103020f0d0d
0b07ef0504f40411
0e08f6fd020b0a11
0f0cf7f7fd09040d
0f05fbf3fa09fa09
0507fdef0005f809
fa0df3e601fe0014
fe0bf7ec01ff0313
0209f4f4fcfdfd0f
0106fbfbfa04fa0f
f90503ff00060012
f7fb02060109fe10
fbfcff08ff05fb0d
01f3000903080111
fcf70006000a0511
00fcf60800ff040e
fe03f20509fc0c09
fafef50407fd0d08
fcfcfa0007fd0b08
fbf7fefe01f80308
fcf7f7f7fbfd0414
fdf9edf3fc010210
feffe7fbfb09f904
f5fff5f7f7050203
fe100901fa0f100c
00fefe010101fe01
00fe010002ff0101
01feffffff010201
0500050a060d0201
1304f40707fdf9fd
1c10f708050af6fa
180df8fe0300eff6
0f01f6fa0600f900
090bf6f507fdf6ff
020af5ef0503fd07
ff09f8f20408010b
fc06f0020afcfc05
fbfcf7060900ff06
f6f8fe02fe050011
fcfbff08fe01ff0f
fd000104fd05ff0f
fef7fb0300ff010c
fcf6fb0302fe010c
0003ff07fa00020a
f50bf500f8f0090e
f607edfd01f60908
fb0cf20604f9fe00
010afbfffef7ff06
ff08f201fcf70106
010eef0702f5f803
ff0400f7f40bfe0a
f80d07f8f9040406
f90c0600fd050502
ffff000102000200
0000ff0200000001
ff01fffffffe0100
fa0301090df403ff
0bfe03fdf911f6f4
0b04020700faeff1
0a0ffe0b14f5ecef
0afbf9ff0cfbfc04
0cfefefe0c06fc01
0907fc0414070206
0905fc0c110b0104
04f8f9071102fdfe
06f8fe090801f8fd
0bf5f60f07020605
06f6f40d01f8000c
02fbf70803fe0105
06fbf9fffdfa0204
0bfff4fff7fb0207
05fef7fdf8f60808
0202ed05faf40600
0800e108fef90207
0107ee0302f502fb
0603eb08fcee01f8
0a0bf300f3f70901
0b0df705fafc0402
1100f803f7ff0707
fd0300fffefffe01
fdfe05fcfd040301
ff010200fe0201ff
010202feff00ff00
fffffefffeff0001
020102fefe00ff01
fd04ff0202fffdfd
f50dfc030ff2fdf9
f70cf70812eff1f7
fa03f70a17efe9ec
fffc030a1103f7f3
01f7fb0c1402f9f1
05fcff131103f5f4
0802fd0d0d00fdfd
0400f90702fdfd08
02fcf202fdf8fa04
10fcf40900faef00
0f07f11305fef5f9
0f07f910fbfd00fb
0f08f71c01f3ff02
090df01407fe0302
090af31002fdfdff
1604eb0cf3f9f401
0904ef1202f2f7f8
06fcf61607eef6ee
03f9fa0d03f5fdfe
01f8fb0d0c03f2f6
ff00040c0501f6fa
04fd0202ff0601fa
02fe0000fffffffe
0002000002fe0000
feff00ff01fe00ff
00fe00ff010100ff
ffff01ff01000100
ff00000100fefeff
0af90403f807f9fe
06fd0002fc06fafe
0801fc08fe06f9ff
0203fb080509feff
0900ff08ff0bfafc
09fa0107fa08f8ee
0df7030bf70df0f7
04020405fa18fe00
05030100000ffe03
12f6ff08fb13f6f8
0803f011010ceffa
fe0d00120e0afcf7
030005110909f5f4
11000011030de9ee
0609fc100603f0f1
0607ff130801f1f5
04fb00110bfef2f1
fefdff140ffcf1f1
fcfaff100cf7f2f9
0701000c0b03fffe
0102fffe01000102
ffff02020001ff02
01fe0201ffff0102
0100fe0202ff0101
010001fe01ff01ff
01fffe01feff0101
00ff0001fefe00ff
01feffff02fefeff
ff0101fe01010201
ff0101fffffe0100
fffe020200feff02
02ff02fefe0000ff
01fefeff00010000
0200fffe0100ff00
0001fffefe010000
01ff01010200feff
0200040300fc0503
0203060600fd0503
00010009fefffc03
010101030102ff01
fe0202ff00ff0101
02ff02ff00fe0101
00fefefe0002fe01
0000feff02010100
010100ffff000200
fe0100ff0100fe01
fe020000ff0001ff
01fefeffff01ffff
fe02ff02fefeff00
0001010201fe01ff
feff01ff0002ff01
02fe0000ff000000
00ff0102fe0001ff
00ff02ff02020001
fffefffe02fefe01
01fffe00ff0100ff
ffff000001ff0200
01fd010001fe0000
02f80b0402f50a07
03f7090200f70c07
fff1090301f70c09
fff705ff01f60b07
03fd07fdfffa0903
020209f7fff70705
00020cf501f40c0c
fe010dfd04f50b09
0100fd0301fffefb
f904000402f30207
fa080a0b00f1f912
fc07090cfdf4000d
fcf80afe00f40904
fef40bfdfff70d0d
fcf80cfd01f5090b
fdfb0af800f90d06
04f8080200f80e04
02fb06fffff80802
0100ff00fe00fe01
ff0000000201fe01
01ff0100ff00ff00
fefe010102020200
fffe020202feff02
ff01000101000102
0000080101000409
ff09ff06fff8f706
fd08030604f90107
00f804ff03fd0403
02f409fdfef70a08
01f50bff07f40c09
08f70cfd02f00b11
04fc0e01faef0113
fcf71400fce90216
f9f81802f3e7071b
f5fb1409f7e50414
f4f0020bfae70403
fae61207f9ec0905
f9e20701ebf50bfe
f7e90302e3fc0900
fbec06fc04fe0d03
05ee01000bf90706
f7f100fa0bf30efe
f2f108000cf20607
f5f30e03f9f00811
f8f20900fbf3110a
05f40cfefef60f0e
0103050300fbfe08
050703010000fb06
ffffff01ff0201fe
0201fe01ffff01fe
fe0001000202fefe
fe0000fffffe0201
08fef80c000af6f6
0209000501fb0106
fe01fff20bf00ffd
f5f80502fbff000b
f8f00bfd00f3070b
f5f2090003e6050d
f5f6030b04e40615
fff4000a0be00915
f7f8fe0710e50a12
eefd040602ee0418
ecfcfe0b0be90617
eaef02120ce40b14
e3f20013fff10811
e9f4fb0cfefb090b
e6f9ff0ffe010607
e5fbfd0bfe030308
eef4fe020304060e
f7f203fd08020d07
fafcfbfd08010904
0afbfdf905fb0a04
0ef8fdf4fdf50b05
0af9fff3f9f70701
0401fbfd09f4000a
090afa06f8fdfa02
060a05ff00fa0503
02fe0001fe0102ff
fefefefe0000fe00
01ffff05fe03fe00
0cf8f60f070ff5f6
fe00fc060a0cfc08
f9f4030003060304
f2f30900fe03f60f
fcf8080705f8fa14
fe00050b04f40313
fff80e0bfff30013
fbf9070803ee0710
f5f504070bf60c09
f0f9030f03fb030f
edf7060afefc0109
eff8ff0ffbfc0105
f3fcfc0ffbfe040b
f4faf51307fb0506
fbf7fa0f05020903
04fdfb0a02fc0a06
02fef70606fe0c09
02f7fd0302020ffe
08f7fffefefe0cfb
0cf6f9f409ff0df6
0dfaf1fc11fd09f9
0cf8f0ec0cf514f6
0f01f5e60f0709fc
1905fcf01308ff02
070c0afb0f06fe10
f9ff10f902000a0f
fe00fe00000000fe
000002ff0100fe01
01f8fb00ff020500
faff02fffe030701
f8f20f09f40000ff
f9fd00070f09eef6
f902010a0503eff9
fe040804ff02f507
04050d09ff00f707
fd0203070aff0001
f9ff050808020609
010605060302fb0b
0606010a0107fb0a
010afe1506fefc0b
fc06fc13fe040105
f701f915fd05fa02
fd01fa1102070005
0001f80706040708
02fcfa0507ff0407
02f8feff09fd080b
07fafdf809fa0c0a
07f9fbfb05fa0aff
08f8f7020efc0dfe
05edfafa0bfe12fa
08effdec04ff1000
160406f207070717
01050af305fe0c0f
fafa0df7ffff0c0d
fe0202020101ff02
fdf7f90705070605
f90af403fc0607fe
fa09020bf30c00fe
01fb0604fe0005f9
0605f10f0802f8f5
020602070604f3fb
020108ff09fffa01
020702030b04fc04
000805060709fb06
000bfe0a0705fa03
040bff060507f701
080efe0b0202fb03
030f01110502f60b
020d05150601f80f
fe0906140600f60d
fa0408140b05f00f
010a050e0c04f10c
0209fd100efef70e
0708f6060dfffd07
08fef8ff0ffffd07
090101040b02fb02
0303fdff0cfe0400
04fbfdf407030bfa
06f4f8e70ffd14fb
15ffffec15fd1004
0bfe02f011ff1101
02fb08f90ffc0708
0201fe02020300fd
0500fb120613fd07
0110fe0cf50dfdfe
060b0605f60ffffa
04f505fef808fefc
07f5f8030506f5f7
010602060606f0fe
0704fc03090300ff
0508fe0508040103
000bfb030905fcfd
fe0cf6060902fdfb
fd06f70605000101
ff0bff070501fd01
ff0b08090602f905
fb04090d0dfbfa0d
ff060f1109fdf40e
020704171201f30a
000bff120c00fa06
0c0ef9110efef706
0908f90e0e04f903
0703f9090e07fa00
0c0202010602fb00
0b040100fe01fc00
080a01f6f60001f3
0606fee906fb06f9
090500ea16f90cfd
07fafef2170111fa
000107fb12f60608
f30dfd0cfff60b04
090efc0f0005f5fe
0502fdfdfb07fcfa
070400fdf80dfbfa
0df20af7f909f4fe
09fa03f4fe07f2fb
070b00f50107f9fe
0a06fcfb030803fc
080dfe050503fb04
0109f9030704fffb
000afefa03ff02fa
fb04fcf7060104fa
ff0700f607ff01f9
ff0309f6060001fe
fe080e0208fbf701
ff060a0a05fff402
020b03130301f609
0209fa0efd04ff00
0210f612fe06fcff
0804f80ffe03fb01
0b0af90bff0603ff
0406fd02fe02fe01
0408fa06fd05f802
0f11fef9f801fcfe
051104e4f8f704f5
010a07e1ff010bfb
070008f417fa07fe
0c08f6fe01f40101
0406fc020002fcff
0a0afe0afe0af2fa
0101fcfd0508ff01
060805fef908f900
0ff8fef10106f6fd
0e0504f10007f1fe
090bfef7060af8fe
0703fdfb050406fd
0905fbfd090502fd
000700f70700fffe
fd0903f304fafffe
ff0700ec08fd03fb
030706ec0903ff00
06070ae80204fdfa
03070bf2f403f6f8
02060804ea04f5f7
0209000ae606fdff
060bfd0fe40500fc
0408fc0de90702fd
fd05fd0fe9060004
ff06fe0deb08ff07
0304f704f107feff
0308fb07fa08f9ff
070efffaf202fd02
051000e4f9ec0af7
0a1502e7f2f70a00
0e0a02ec09fefffa
040bfdfa0af7f3fa
0302fe000002fe00
0408fd03ff04fdff
000afa08030af4fd
00070201070bfe01
1206fbf20201f9f3
130b07f20303f9fd
0c0d05f60202f800
0a0701f0050402ff
0c06fef408ff05fa
0906feec05fe00fc
0a0303e8fdfeff00
090506e9ff01ff00
0a0707e1010203fa
090a01e4fe01fef5
040bffeee5fbf8f4
ff02fafcdf03faee
ff0bfd06e304fefa
fd060008e50204fd
fd040909e603ff06
fe00030de20afb00
fd02fc0fe309fa03
0107f60ce403f9ff
ff0ff30ae503f1fe
fb0bf0fbe2f9fb09
070df2e5dfec0e00
0213f9f3f3fb08fe
1014fbf614f203f9
030c02fe0801f0f6
01040003fd01fdfd
fe0df909fdff02fc
fb0dfbfaf70af6f7
fe08fcf9fa0df7fb
1209fdecff04f3fd
130606ea0403f8fd
0e0d04eeff00fffe
120903f1f80204fe
0d0603f2f8010003
10fc03edfc0300fd
0a0104f1fd03fffc
0e0504f5f705faff
0d0607ebf804fff6
020b00e8f5fdf8fb
fc04ffeceb00f4fa
f7fefff6f006faf4
fdfd03faf806fffd
f8010901fe020100
f7fe0c06fb03fe02
fc000b0def09fd02
fd070a13ea04f105
00050013e7faf504
fd0af40be6feef00
fe09e8f7e5f0fe0c
fd0aebecdeec050c
020eedfae8fd0a05
0914f8f305f803f5
01fefbfefc09f8f5
0202ff01fc0001ff
0806fbfffa05fffa
fd06fff8fd06f3fe
fc0dfff1f90bf2ff
0d0b06ec02fdef01
120903eb0104f8f6
090601f401ff03fd
1105fff7f90403fb
0eff00f9fe0200ff
0dfefffaff040400
06fdfe0002070603
0101feff000203fe
fe00fdf5ff0403f8
f1fffeecfe010200
edfbfff4fa03f703
f1fa07f8fe0bfafe
f6f40efc0009fffb
f8fb0ffe0102fefe
f90210030403fafd
fc090d09fe05fa04
0006060ffcfff506
fb020504f6fdf8ff
f403f9fefcfaf3ff
f805f8f0fef4f707
fc01ebede9f601fd
04fbe6f1e600fef9
100fecf2fa06f7f6
fffcf900fd0bf2fa
fc01fcfa00f706fd
0401fbfefd0400fc
0409f700f30cf6f1
f70e00f8fa07f509
fa0904f406fdf1ff
090400f9fcfffbfd
05fdfdfcfb0204f4
0500f901010008fa
07fbf705fb0106fd
09faf90200040601
fa02fa0401040201
f600f900000701f8
e900fafc06000500
effa02fafe010204
f6fa04fc0107fd01
f5f80ef9010801fb
f4f112fdfe08fffc
f7f30cffff0601f8
f8050d00fe04fefa
fa060c0700feff05
fd0705050101fd02
fd0201030301fb02
fb0404fa04f9fd02
f1fe00e60af107ff
f8fff0ee01fcfefb
fdfcedf5e90bf7f6
0b03f4fdf10ff4f8
04050cfff9fdfd05
0802fbfa08f807fa
fc01fbffff0701fd
0c09f205f40e03f3
fa040301eb0c0601
f402fc0105fefafd
fbfff604f3ff01f7
02fcfa08f9fc00f8
f7fff50b00fd06f9
fbfcef06070104fb
f5faf502020203fd
f100fa00010301fb
e502fbfcffff03fd
e3fc02feff0007fe
f4fb09ff00020406
fdf70602060a0400
fdf50c050508ffff
f9e90a00fe0900fc
f9f60500fb08fcfa
f9050901ff03fdfb
fa080201fa04fdfb
fc05fefe0002ff03
f801fafd0200ff03
fd03fafb06fe0300
f304fff00e0005f3
e707f5f30bfd04f1
f7ff02f5f40800f9
050a100af4fef107
04040a07fbfbfb05
0803fbf909f905f8
fdfdfd050405fb02
03f6ecfdfb0d10f1
fdfd0100f61100fb
ec04f808ecfd02fe
eefff208eefbfd02
f1f9f209f201fd00
ecfcf30afefd03fb
edfaf300050203ff
ecfdfafe050305fc
e400fdfe0800fffc
e6fd08fe02fd0200
f6f905f903f90900
03f80bfa000504fe
fffb0cfc000d05fd
fffb0c060311fefe
faee08040109feff
f5fa0100fb0afdf9
f806fdfdfc00fdff
fa05fcf9fd05feff
f507f8f80006ff03
f905f1fd05020204
fc07f1f7040802ff
ff07f6f4100803fb
f510faf210fc0401
f9fd08f5fbfa0a00
0303020f050df604
0c0a0d03ff04f607
03050afffe04fa01
fbfa060a050cfa04
fff70103080d03fc
fafc0300fb060301
e408fe0be4fcfc02
e1fbf407eafa0103
e6f8f101eaff00fe
e3fdf3fef102fefd
dcfffa01f8fe01fd
e2fc000200fe01fe
e8fd07fd08f6fe02
f8f90dfb0af20704
06fa07fa04ff0404
02f707fb060d0300
06fb0cfa040d06fe
04fc0501040d03fc
05fd0603fd08fefe
0108fb03f606fbfe
fb01f6f9fd0302ff
fc02f5f7fe03fefd
f809f5f0fc07fefb
0106edfa070406fb
fe03f0fd0c030202
ff03f7f40a0708fd
f303fdfc0e090601
09f513fc00f61309
0b08050b0704f402
0c0e090600fcf509
ffff00fe0100fffe
fcf7020a0306f801
02f403fa070ff9fa
000104001701ff02
ef08f709ed03fbfc
e3ffeb00e5f901fd
de01eaf9e5fc0000
e2fceef8efff02fe
e1fbfdfdf2f80600
e9ff06ffeef200fb
f8fa0bfbfaeb0200
0cfb08f800f00601
0ffd08fafbfcffff
0cfb07fcfc0a01fd
0af905fafa0704fb
06000301fd0601fe
05060002f20701ff
0308f701f3040200
02fef3f8010106f8
fbfcfaf8030002fc
fa03f6eefdff02f9
fe00f1f502020af6
0101eff8050003f9
fdfff5f1090404f9
0006fcfb0407f8f8
0ffc1609ff01f906
070a04130008ecfd
0f0b0d0afcf8f306
0008090c0006f502
00f80108fb07f901
05fffc010311f6f8
fdf6ff02140901fc
0102f300ff0301fd
ea00eaffed0004fe
e703f2f7e0fe0406
ecfef3fce3fa0303
f0fffbfee3f40301
fefa04ffdfef01fe
06fc0b00ddef0104
0a0206f7dff203ff
12f906f8daf30afc
0ef807fcd90007f8
09fe04fce90006f7
0801fefff7000501
0104fc05f9020702
0104fa00fc000004
0002f9fefffc03fc
fafefefe04fc02fc
f4fdf9f807fc03f7
f6fdf8f5090306fa
fc05f5fa06fffcfe
fafff6f906fc04f9
0403fafe040003fb
01f20e0d07fcfe0a
0c03010ef109eafc
0bfc090df4f8f704
fdfefbfb02fa08fc
040bf806f605f1fb
0003fa010f0001fe
f6f3f1fa090d05fa
fbfef6fc05020100
f003f0fcf4fc0600
ee00f3fdecf60801
fbfdf9ffe5f70504
0102fc04e3f204ff
07f90305daee0700
0afb0c05dbf10c03
0dfe0601e3ed10fc
11010508dcee09ff
0e000304ddfc0801
0bff0100ec0208fd
07fdff01fe030b02
02ff000306020703
0404fc0003000001
0005fdfc00fc0801
f903fbfd01fd05ff
f601fdfc0bf803fa
f5fff8f5080006fc
f504fbf102f803f9
fc02fbfe03fc04f8
fe01fc050cfcfdf9
03f601090ef70500
0afe0c0ceefcf903
01000606f7fafc02
fe00fefffeffff01
fe07000afbfdfb02
06fffd0008fd0804
faf4f506090b0204
f402f30003010402
f80eedfefef7010b
fc03f302f5f80003
02fcfd02f3f60504
0404fc01f4f60703
05fcfd04f7f31303
09fc0505f5ef1101
0dfc0308f6f313ff
0bfc0507f8f60e00
0600ff07fefc0905
05fa0206ff030c07
09fa01010c050906
03fcfe020f020902
0901fafe08fd0800
03fcfbfb06fa0f04
0102fb0008f90afd
fafefeff09fc05fe
f8f800fa04fd05ff
fbfcfdf405fa06fb
fcfbfcfe04fe01fc
feff04040afdf6fa
08faff020af2fefe
01fa0308fafc0101
f801f8fb00fd05fb
fcfcfbfafefb0af9
fdfc0007f902f806
07f6fa15fe000312
fff7f20b0a020507
f802f1ff0bff0200
f809f0fb08f900fd
ff0af40106f90002
ff02f50009fa0508
00fefdff0dfc0805
07fcfdfffffb0d06
03fa020704f90f03
07fb050609fd1206
05fc030910010f08
05f704050f010d0f
09f705060e020e0d
07f8ff0210050b0a
04fa010a0f020409
0afbfe0103000a09
07f9fa0006fe0902
04fbff050bfe0503
fff7fffc0cfa0403
01f3fffe0bfe00fe
fdf3fdff01ff0905
00fe0207fffffe08
00fffa0808fbf3fc
02fffc0908f90102
040cff0df6f40907
ff01fe0102fefd00
f9fbfbfafefb08fc
fbfcfa01f802fefe
00fd0619f900fe11
fafbf7000bf8040c
fffbf5ff0d010afc
03fff9030dff05fa
ff0ff9040a00fa01
0311f8010605fa05
030afd080c01fd08
0505000808010209
fe0002070d020509
010002071608090f
050106050e06040d
09fe04030e010910
0b0003080d04030b
06fc00040704070a
04fd000809fe030a
04fdf90206000608
08f803fd04fe0304
01f5fdfc09040a02
ffee02fb1100fc03
faf108fd05fffffc
f8ff03040301fe00
0007fc0904fffc04
fe09fd0cff02f508
0702fb0300030101
f9fffaf6f5fe10f4
0002fe000100ff02
fffefe02ff000101
02fffeff01fe0100
faf7fc0e050d0709
f4fff4020e070416
0305f1fe10090e02
0802f2fd0aff0601
040cf8070b08fd00
0213ff09070ef400
020801020602fe09
0709fd030a04f903
000dff05110afc09
000b03091009fb0a
050603020d07fc09
090503020c05fd06
070300ff0a00fc05
0903fdfa0900ff03
0602fcfb04fa0104
04ff00fe06fa0004
06f90afd0002fe0a
0af40afd03010205
ffef0aff0b01fa08
ffef0e01ff04f80d
04000c07fffbfa12
0a040809fdf9f812
050d000bfbfdf810
0902fcff00030500
f5f0f1f8f70510f0
00fe00fe02fefe02
000102010201ff01
01fe0002ffffff01
0505ff0cf80905fb
f809f60f0f0f0107
f512fa160f12fd00
f512f90e090bf5fc
f907fe06150ff000
f7070302170ff101
fc0603021107f502
0000f8001003fdff
fd01fc040f06f303
0506fe000e0ff601
090bfd020e02fa05
050efa010b03f906
070afdff0b05f906
050600fa09fffd0a
020103fa02fefa0a
0300fdff0afefc0b
0f0203fb04f5fd0d
150403f6fcfdfb03
090108fe05fff705
04f309080201f709
04f604ff00ffff08
02fe0506f2fcfd07
140a030df2f1000f
04f2060cf7030404
fff4fd0001fb02fc
00fffefe0201ff00
00fefe0200ff0200
02ff010002ff0001
f6fe080005faff07
0c0efd0207ff02f8
fe06ff08060bf7f6
f101070a130bed01
00ff06031a0def07
0000030a1c0dee03
fafc0511180aed04
f6fafd0d1709f103
fa090105130ced09
020d020b0c0df007
0405fe0d120ef604
ff04fe000e09f804
070606ff0309f005
0808fcf90501fb06
0210fdf90001f607
0e0afffc03fcf305
0f06faf9f9fef405
0d13faf801fcf606
01090404fff8f506
020b010306f7f306
0304f4fd10f30302
f601f90303f40304
fa0af60205f00106
fdfd000107fa0303
01fffe02fefd0101
000001fe00020002
010000ff0102ff00
01ffff00fe02ff01
0002fe0200010200
fe040202fefaff04
f2f80cf506f8fb01
eef90ef805fbef0e
f4fa13fd01feec08
0006100efd08eb06
04081214f507ec02
f90b0e140504e805
f7060a160b04ec0b
0008030801fff60e
fe0a020001fcf90c
0412020c0a04f60c
fc13091309fff20d
fc07fd080200fdfe
fa0aff0ef603fcfd
fc0d060ef2fffa02
030f0609fefff600
101b020606fef1fc
00170a080af8f405
fd0e09020900f803
001002020c05ff01
040706fe0a04fd01
f9060301fefff902
0405fd05ff05fffc
0102fefe0000ff00
fe00fefe020001ff
00020202ff000201
0001ff0201010102
0201010000020200
01fefffffffe0200
0b08f708ff0afefa
0502f5040106fefe
0b08050d01fdfbfe
080b070a00fafaf8
0d0b060ffcfffbf6
0b06000bf903f9fb
0e11fc0ef302f3f9
030aff06f3feff03
08080304f5fb0403
1a11fa0df009fcfa
0a110e0df4fded07
fd050c08f8fdfefa
ff070909f4ff03f9
0b0d0108f70cf5fc
f90f0606f6fffafd
01090904f6fff900
fd080a02f307f9fe
fa090b00f810f5fe
fd0a09fff80cf601
010cff01fe0cfcfc
010002ff02000201
ff02020100fefffe
00ff000102ffff01
ff00ff0202020000
