02fffffffe02000002000201fffe010100fe000000ff0100020001fffefe0100
0d070403ff00fe00ff0200010907050307090d0c0e0a0e090605080608080200
fafe080c1314060204080000fe0202ff0102fdfe000705061317110f12130f0d
f2f901fffe050a14050c130bf90a02ff0100fefffff9f7f6fbf7fafdf6fa0400
efefebf2f8fb03070305050d0c0c0c170b060102090b03fbf7f5f7f9f5ecedf2
02f2fae9e5effc0302050407070a0b0b0d04f70f0efafcfe05070500faf6fcf2
020300fcf6f6f2e7e7f2fa050a090b08060208060604f90f0efb0500040305fd
0ef903030407f6f4ecf2eaeaf2f903050a0b0703ff0a04070a06031109f70cff
05060a0209040301090bf7f3e4e5e5e7f0fa0a0b0c0a0301ff0804ff03020906
00fffcfd040507080a0706020704faf0eeece9ecfa04060f080a02fc0103fffd
0e0e01f5fbf6fefefffe070c100906030afef3f0f0f5f3fe01070706090d06fc
0208080c0c0b04f9f7f7f8fafdf8fe040d0b050515f7f3f9fbf7f7f801080906
0efefbfb00040204050705fbfdfaf8fafaf5f3fa130900f70bfbfd060902fdf8
0dfaff02fefefbfdfd0002080607080000f5f6f7f6f3eaf70e02fef90e0e050a
0c0b05fe0afefe04feff0000fc00010a030c070407f9f0f5f8f2f2050e0c0506
ecf5fdf9020dff0d08030efffc01ff03030100020307090c0b01eceaeaf3f700
0503f2e4f0f3fffbf90109010f0e04f6f601fe04030505040606090c0c06eee3
0506040401fff1f2f5f5f6f7f8fafdfe050c02fef9fdf8040303080605020a0c
02fefbff060503fdfcfef9f6f3f0f4f9f9fb05060508ff08faf6f80104010104
01fbfe030000f8fe040602fcf9fdfaf9f0f3fbf9f9fe030601fffffcfbf6fbff
00f8000107030404060701fb0300050900fafbf8f1f3f7f5f2fb02fffff901fc
fdfd01ff00030104fdfaff000301ff020500fefefefaf2f5f1f3f9f9f4010100
08fefefd0200ff01fe0202f5f1f1f700fefd01fefc07fbfdf5eeedf5f8f60102
080a030604ff0202feff02ff0100030006020e120b0f0e06fe07000602050405
00000000000000000000000000000000000001fefe08090d0e1313110d140903
0100fe01ffff0000ff020200fe02ff01fffa0505ffff010201000000feffffff
110c030d0e09010001ffff000b090b100e11120c09fa10120b0b0c0d0c0a0501
0e0a0e10080f0c110ff70000ff00fbff11130f0a09110a04fc01fb08140a020d
0501f9ff0303030401fefe090bf801fe0106010c17101212111a0b080d090a0e
01fbfdfcfb01020406040703fe00fc040100fe010f0e060a0704040101060202
f5f5fe0404050706050808080a0b080803fefc04030cf6fe0d130f03f4f7fc01
0cfc0d03f3f2f7fcfe050302070403080a0d0a0601fbf6f8fd08fb0010041204
06fc0d0208ff0407fbfc00ff00fffbfffcfcfe050805080c02fffbf7fd0005f4
0708070d03020201fd05100afdfe020500f7f9f5f3fdfdfe060a090904040105
0102050a0b09070f0a0a0501fa0a05120a0003090001f5fbf702fefafe090b0a
070806f6fcf9fe0306080c0e0e05ff0205170a1e1202060801060603ff080afc
0907ff06080404fafcfefffd0006080b0907fefb0308030814020104030b0906
0806060804090200040102040603fcfbfb04fffdfe020305f7f3f7010d04ff01
f6e8ff070c07090c070a02fbfefe02060200f9fbfd0300f9f3ed0303f5f1fa01
fdf603fef6e4f6070808fa05060702fcf8fafd030203fefcf90305fff4f901fa
0105fff8fc01fd0703eff2050601fc0407040801fbfafc010a040302020304fa
04090601fb00fff9fa080af9f2f9f1f6fb01fb000000080300fdfd01090d0303
050403fe03070703fef903f8eff907fff8edf2fdfbfdf90001fd0201fdfcfa06
f7fb030307080a080300fefdfef9f3f6eff3fcf7fdf204fbf8faf4f7fbf7fefe
faf3e9f3f4f8010a0a0b090a0201fbf5f5f2e8f8fcf3f8f9fff600f8f1f5f3f7
fefa020a08fdedf5f5f8fb000101fef8fcfaf7f8f3f5fc0a0ff5feff000503fa
09090202fffbf20004fbf6fefefd000808030504fe03fd02fe010b12150400ff
0f01fefc04fffeff00fe000e04040d0d160f0f160d0d090e100d080909050706
0f0c0a090708fff80201fe020001010503121a261a1d1f1b1223261b1d191d14
00000000000000000000000000000000fe00ff01f70405010810070e10140910
ff0100fe000200ff0101000101fe0001fdf808080100ff01ffffff02fffe01ff
080607fbf7ff010202fefe0001010a0b0a0af8f2f7030601030c0805ff000401
090700020806040cf9f7fefe0001fafa030f0504020200ff060d050408fffe07
fbfdf701010706ff02f2f70909f502feff04f800131410090c0d020102fffdfd
fefcfffbfc00fe0606080d0702fff5fa06fb01000c111016110c0a0903fc02fd
06fdff0201fa010102fefd0404030c0b03fe0301f80ffb010d12141504fcfe02
0d0e0905040403030101050404fafdff02030706fffafffaf505f7030c0b0f0b
fbff01fd0714130cffff0701ffff01fefaf4fdff05ff080a050504fcfc08faf6
0804fe07f7f1fd01f6090d0903000400fdf9fcfdf6f2f3ff040109070607fcfc
091112100a070504fdf7f0fffbfaff0a01000001fdf9f3f6faf2f3ff060b0f0d
05fe00000b0c0b0e0c0b0bfe03fefb00fb06fe0a0503fffdfcf8fb0202fefe07
0303ff080a0001fe05090a0a0b080e04fef900ffeffbfb06100a0b00fefcfd02
000400fe05070a06020201030706080a08070700fef302fef7f1f4fc070a0806
f4f9fff20401fdfa000608060303060c0d0807080702fbfbfaf506fbf5eef6f8
f3020001f4f5fffb02fff4fbfd03060504fd080c0a0b0709fefdf3edf7fa03fd
f8faf4ecf501fdfbf0f9f8ff01fcff00fe03050702fe050b0b060403fef6f1e7
fffdfbfcf4f8f7f2f9fcf3fcf3f9f4f9f8f6fe06fefdff0100fe05070802fffa
02fbfefefdfef6f8f4f0f4eff6fcf702faf3f5fcfbf901040703fdfefffcfe04
0101070705000000fffcfcf5f4f1f7f7f6fcfd00fdf5fefdff01fe0004030100
05fb01000505060b0504ff01fefbf3f0f5f1f5fefffc01fefdf3fcfdfdfe0005
010404060bfd02070707020b0306fdf8f3f6f6fdf6f9fb000afefe02fd060002
0808ff0001fdf4f30a05fe0b0c01fb0c050507040805000000fbfef90303fe00
0d060209ff02010000fefe020a040b0909090507070a08030f1208fbfbf8fcfe
01f5f8fe0201f9fb020000fe0002010502fe0502f2050afffe07060d08050707
000000000000000000000000000000000100ff02f2fcfcfe0201f4fd01fcf400
ffff01020102fe0001ffff02fffe000200ff00fefe0200ff01010101ff00fe01
0301ff0a0b0100fefeff000002ff01090708050809080d060702080402040203
f2f601faf8f9f8050900ff0202020100fffefd0002000e1a170e1500fefb0202
0d050c0a0500fdf8f6f6fc0000050102ff0b0a06f4f1fa020a060d18171511fd
ff01fdfe0a08070203fffd01fc020bfeef010201010af8eef6fe02fbfd010001
fd0208fefafefbfdffff010100fdf6fffc0405fffd070500fbfcfbf602ff0402
00fd0c05fefc0103ff010001ff03fd03030401fb070a000104060602f8fc0100
01ff0703fff4080b0a030205fefffffd090f0c0a06070604060203ff04060c00
0a02020d06080500fff1020b080bff010205fef70514150f0c0908060c000111
110f0a070803fc0403100a000506fd02040e0503020301f7fd0c1b13110d0c0a
f3f2f401070b0b0f0b07fdfdfe0c07030a05ff060604fdf8fb0302faf4fb0a0d
eaeffbfbf1eee7f0f5fd06090a05fff6f90903000704070b03fff5f7f2fefefb
1009fff5edf0f5fafaf3eff0eff6ff04030405f9ff0d0208faf9060e0803f9f1
00fcfa09090201f9f0f4fafcfff5f0f2edeef5f7040608fd0707fe07fffaff15
0502fc000200f105fdff05fef4f6fafc03fdefefeeecf2fa02fe08ff0106fc02
faf5fdfafe0afb0a00ff02f9fdffff01fbfefffd0803ecedeef2f3f8fbf80400
f5f5fe0203fff901f40b0d01f5f6fcf6f7070704ff0706010706ede3e8f4f5fe
140e0304fffd0407040000faf508fa01f7f60304fd06050a07070b0c100df8f1
020c060f110f060c0705040808090a060303ffff020106060206040107090f10
f8060606040c0d070d07050505050a0d02050e05fc02fe020202060403090906
ff05f6edeaf4fcfd00fb0d060c0c000403090600fffefbfdf3fbff02000001f5
06f90100010a00f8eaf500f9fc010c010604ff020205060901fcff0b0508ff01
fdf4f1f601010100ff00fa06f70810060a0501000000fd02fffb050c04f9f4fa
020e090e09080404ffff020102fe050207100d0a1c0701060d0406ff01ff0601
000000000000000000000000000000000200fe000d0c0b0804080f03fc051106
ff01010001ff0002fefe0102ff00fefe0100fefe02fffeff010202ff01000001
fe0001ff02010202fe01ffff0000020001ff0100fe010001fe01ff0000ff01fe
000101020101fffe000202ff0101010100fffffe01010100fe0000fefeffffff
fefeff00fffefe000101fefeff02010002fefe010101fe00ff0001fffe01ff02
010200ff0201fe01fe00fefe02fe02ff00ff00fffefefe0000ff00fefefd0001
ff01ff010301fe01fd0100fffe00020102ff020200ff0200fffe00ff01fd00fe
010000ff010100ff010000fe010000fdfdffff01fe00fe01fffefe000201fefe
ffff0201000100ff00010100ffff02ff0000fefffd01ff00feff00fffefefeff
fe00feff00feff0101ff0200010300ff02ff01fffdfdfd0001ff0000ff0100fe
000000fffdfe01feff000100ffff0202feffff0201ff01ff01fe000001ffff02
fdfdfd01fd00fe010200fe00ffffffff00fe0000fffffffffeff00fdfefefefe
000100fefffffefffffdff0001ff01fefeffff0100ff01feffff00ff00ff00fd
0001000000ff01fefeff02fefefd00fdfd000100feffff0002000100fffe0002
ffff02fe0001fd02fdfe02ff00fefefffe00010002fffe00fefffe02fffe0001
00ffff01ff00fffe0101000101fefffdfefe00ffff00ff00ff010001fe01fefe
fe00fe0201ff0000feff00fefeffff01ff0000fdfefffe01feff00ff020102ff
ff010000fffe0100000100fe010101fe01fe00fe01010001fefe0002fd0001ff
02ff01fd0101ff01ffffff01fefeff0002feff00feff00000100ff01fefffe00
01000001ff0100ff00fffffe0202000102fffefeff010202fffe01ff0000fd01
0002fefefffefe01fffffe01000001ff0001010100ff01ff0102fe01ff01ffff
01ff01fefeff01ff02fe010100ff0101fe020101fe00fffe020001feff00fffe
00ff0001fefe02fe010001fe01fdfeff01fe01fffd00fdff0002ffffffff0101
0102ff020101020100fe00020102ff0100010100000000ff01ff000001fffefe
02020002ffff01ffffff000000ff0202000101feff0100fffefffe0201fe0101
0000000000000000000000000000000001fefeff0200ff01010000fffe020000
0101ffff00ffff02ffff01fefefe0201fe000101ff0201000000ff02ff02fffe
fcfa02070400ff02ff02fffe090b100b05fcf1ee0504f7f7f8f8fcfbfa0202fe
efe7eaf1faf6f50e0c070102fe02faf5fe04f9fa0802f9f7f7f3f4e5e5ecf3f8
f4f7f6f2f0e0e8edf1fef4020c0bfeffffff04f9fefcfefcfefef8f1f1f0f2fb
f7f2f8f3f5f6f6f8f5f3f6fa01070bfa0e0d01fff5fd000004f9f7f3f7f7f3f0
05030308070601ffff01f8f8fbf7f601060a05020301f6fef8fcfc00fff8f6f8
f903fc01100c0e0d0c0e0c08060603fdf6f6faf402fffd000bfef601fb080505
fafb090308fd090e09080f0e0a0e0f08090d0c00f4f2f9fb01fe03000afcfef4
f6f7f8fafc0502030805161602070d070a0c0a0b0a101102f8eff5f7ff0000f8
fff6f2f5f4eff2000b04f700050d231e0a050803060502060b0f0f07faf2eff3
070803fcfff8f7f5f5eeecfb0d0fff03130e1a1a0f0303fbfb00fe01070a0e02
f1f4f901050903fbff00fffdf8f4ecfafe0ffb040f0d08fbf5eee8f0eff9fdfa
e5e8f3fafdfefc040a100b01020603fbfffafaf7fc0500fe08fffef4e0dee4ed
fffaf6f4f3f0eff7f20508060c0e0a060307fd02010a02fff6fd0101fefb03ee
fbf2f7fff8f6f1f1ebe8e6f2edfc050b070909050203fdfff8030607f7f3f600
04fffaf6ee02f90df4050603fcf4eff5edf702080b0d0600ff0203ff04060001
02fffefd01f9f7efdc040c05050f04faf9f1efecedf3ff04080e0a040402ffff
00050c0b0401f800fdfbf9e8d4ee020008020601eef4efe8ebf0f9ff00090d0b
e0eaf8f7ff050508060100fc0501f4f2ecf0f9060806ff05f8f6ece4e9f2faf9
fcf3efece5eaf5f7fd07080d060609040b06fbfdfbeefd0600f003fcf7edf4e8
000bfbf5fcfef2ecd6dcecf6fa01ff08050a0603020301fff3f3fffefffe0003
0c0200020102fcfefdefedf1e5ddeaeafbfc05050104fe03fffd0afbf2fa00ff
0500fdfe05010202fffefefbfe01faf8f2eff6fbff02030603fd02fdfdf50106
131308080707fefd0000000102fe04fefe040304050c100c070d10080b080e06
000000000000000000000000000000000102fe02ff00ff01000705060e16090f
0200fefe00ff0100fe000102fe01ff0100ff0805ff00ff0100fe0100feff02fe
090904f9f6070200000201ff0503050b0d08fdf9fefffffbfe05020100000301
ff0609050e100bfdfa0400010101ff000609060708000a0f15160e080b080708
fb0006060406060605151b0cf80802000107f9fff8fcfc00fdf1f3f7fe030000
f9f8f5fdfbfffc0405080605060d0d13060e00ff08f7f4f70401feff07f8f0f7
09fdf7f3f3f0f2f5f8f5f7fafcfafef9fe03131204000a020e05f8091105fdfb
040f0207fdfbf4f6f5f2f2f0f2f8f3f6fbf8f8f800fa111104fe0b0106090010
fa08fc04fcff08fafaf9f9fef5f8fcf0f5f2f0f2f9f8f5f2fbfc040d0604070e
fdf5f7f8f600000806ff01fefbfc0700fd00ff04f5f0edf2f6eef1f9f8f30101
fcfdfbfdfcfdfdf5fdfa0905fcf80406f80105ff0302080c07fbf6f3f6f4f4fd
091016150b0504030100f9f2fbfbffffffe7f7f8fb0303fe04ff010b0e0b0501
07050307050507100c0c0b08000506f60202ff05fcf20404f606060507030206
0d0a06040708070b0509050706050c08040a0c041104000002fd080e0a060a08
02fe010a080705040a0a0b090b0e080702000508060a0b0a1514ff00fffb030d
0f0f0500fffd03080603100b0c090609100e090204fe03050a050a0b18120504
0102080a120804f7f6fa05ff03080f05050b080a070c070606fb0103050a0a12
05fe0303050000021009fc0209fc0a03fcf905feff090609070b0b0b01f80201
040400050301050104fdf3f70f0ff7ff0705fdf4f3ecf7f8f607090908090600
f9fe0200fcfcfcfdfcfffe0300f6f3ec0c1208050508f1edeaeef3faf5040906
ebf802fe02f9fcfdfaf5f6f5f9fbfcfafef7fdf4fc0906040110f4eceff6f6f5
0113fce4ecf405fffcf4f5f8f801fc02030506ff020806f9fd0dfefeff0ff9ed
fb0100fe02080aeff1ff05fefaf6f3f4f501fe0001ff06fbfafefff3ff050202
e4e9f0effb01fe01fe01fdf2fafbf0efedeeededf3f2f7f7f9f7f2ececf7f5f9
f2faf8f6f6f6ff0100ffff0202fefef4f7f5eadde3e2e6e6e8d9e6efeef0e8e9
000000000000000000000000000000000200fefe080b07f8f0f5f6f5f0e7f8f0
fffefe00fe0100ff02ffffff02ff01fffd0105020002ff020000fe00ffff0102
020502fdff08ff02000201ff080e13110f0f03f6090810080006030303010402
e5e8eef40001fa04060201ff0101fdfd0d150705070407060700fff8fcf4f4fa
fcfaf4e8e2dcdbdfecf2f6fbfcfdfdff01fff800040603000301fefbfaf6f2ea
070709fe050601f9ece1dbdae6eff4fcfd0701fe08f8efff0f060904090405ff
07040003fbf7fbff060d0b04f5e5d0d7e4e9f8f7f200f6010b08f90d0e060301
040afe01fefdfefef9f4f9fd0710100f09eedbd9e3e9f6f4f1f6ef00050e060f
eff6faf9fc0203fef6fafdfaf3f3f9fb0510171107f1dfdce8edf3f2faf5f304
e9eaedf0f3fcfff8f3f7fdfff9f6fef2f0f2eff9030e15120df1e5e2eaeeecf3
06fbede5edf5f0f1f5fdfef9f1f1f6f7f4faf5f3f0f0f2f5050a0f150cfae7e5
00040c140dfef5eef0f6f2f3f9f6fffef8f5eeeff7f5f8f3f7f2f6f9fdfc090d
04fffbfc03050a130e04fff9f8f6f6f3fdf60007f2f1ededf5f9fd01fef9f6fb
f3fafe0605fef8fffefe0507050200fcfaf9f7f704fcfe07f8f2ececf5f3ff07
f4eaf1f4fcfd0205060900fcfb01ff0300fe00fffdf9f8f80306fa07f8eef7f8
06f7f7fff4e4e5f3fefd01080a09ffff0206ff0000fcff02fefd030004f8f9fd
0001000602fdfaf7efede4f701fe0604060d02fb010803fd0206030602010506
080000fe000301090306f40500f9e9f1fbf70501020502fc01090506fff8fe02
0104ff080c03fffaf6fd0106fa060702fff6f7fcfaf8fa000104010303030606
fc040403030304080703fcf8f2f60505f9f1f7060700f7fd02fdf7f902040305
02fffe0407060409080407030400fdf7f1f7fffc02f3ff080406fbfa0000faff
020dfdf5f5f4fc010803060708060308050800fefa050300fafbff01010c01f7
fe00ffffff0506ff010202fd04fffcf9fdfdfbfe0002fef8f6fbfdfbf7fd0000
f9f8fcfe0000fffefefefd01050301f6e9ece0e1ebedf1f4f2f5faeff1eeeff8
fdfbfcfbfd0101fe010000010102fe01f6f7fdf6f2f5fafcf3e3e3e6eff0f5f6
000000000000000000000000000000000000010102fffcfcfdfafa0300f4f9fe
020000020002fe0202000200fffffe01040af6f701010001020201fe02fefe01
000502fbfc04fe02010102fffcf5f3f9f9f70005f8faf4f3f5f3f9f8fafafefd
070603fcff0a13fefbf600020000050807fe050500fe080c0900f90208130f07
faf7fe05fcfafafbf50001f9f9f7feff01080c04030901050104090700080106
f3f7f5f9f8f2f2f9fcfb0609fdfcff05fdf70001f9fbfe00fef5f3f4f7fdfaf7
f1fa01f5f5fe0103fe0002fefefd090701fe010307f9f7fefdf303fbfbedf2f6
fd02fe00f3f9fcfaf9f7fffffafe03fefbfe0905fe07fcfa05ff0100fbfbf7f6
02fc1106f9f2f7faf6f7f9f8f7f7f5f4fdfdfeff02040503fc06fdfcf80010f4
fb0605f2fd0805030afeeff9f5f7f3fbfbf8f4f8020506080603fd00fdfcfcf7
0600ff07fefafdf7f60c000206fc03f9f3f4f5fa01fdff0002070c0a03fe00fe
0c0a0c0d0803fd0502f4f8fcfa0b0402fce3f8ecf2f7faff04050109060a0c0e
060f0b0f09080b06060a000809fdfdfbff0ffff911f901f3edfafafd080d070e
06fef8ff08130c110e0005070707080506fcf7030906fdf80c0a0904f2f4fa00
0c0c06050604fdfd090f1212130401060607fdfd05fefe090df5fdfc08190dfe
fe02fe020a120a0407060a0105050f121607ff0609fefd010808050c02fdfe04
fdfc08090302fb0a050f0e02040308020207060c140d05020202fdffff090a08
fcf2eef5f7f0fc0806010afa0c13030704030300060505080c0b04fbf9faf9fa
f4fbfdf8f6f1f0f1f7eef4000a01f9000111f6fb030606fcfcf8f7fd040702fc
e5e5e5eee8eff5f8f6f9faf7f8f4fafd03fb00faff07fa00fbf8f9f2eeebe9ef
f1f4ece6e4e5e3ebeceff1f7f701fcfd00f8f0f9fafaf9fb00fff5fef9f0f1e7
00f8f7fff3f4f1e7e9ebf0efecf1f2f6f8fefe010efff6f4f4f4ff01fef4f6fa
04000002fe090ffffefd00ffff0206fef7fcf9f6fc0302060a0503fdf6fe0100
0707ffff00fe00fe01050af7fdf6fcfcfb04070a090806050b04010103020504
030e0b0e0905060b01fffe0002fe050c0b07080804fcfbfd030d06feff0b0c07
00000000000000000000000000000000ff00ff02040c0e090d15160b06121007
0000010200fe0001ffff01ff0101fffe0402faf7fffffeff01fffe000101ffff
f8fcfafd02fe0101ff0100fffefaf4f4f6f4050d0904f5f0f6f7fdfff9fd00fd
02050303030001fd040c000001000301fff5f6f5f1f0f0f8fef90004fffefdfb
05060c0b0a0a0b0a03050301060d03fe00fc03fefaf3ecebe9e9eff3f8fa0406
fdfd0003090103040700f6f4fcfcfd0e0d0c01ffff0802f3e7ece9edeef7f8fd
efeefafcfa040609070806010105fef8f9f8edff04f70001f9f903f4ecf6fafa
fbfaf5e9f5f9faf9fbff01080b0d0c0500fefafbf3faf802fbf5fefffaf8fbe7
0202f1fd0505f3e7f60101fc0705070d0909080000fef8fbfcfcf800fbf8f6f9
010705fc07f9fcfdf8fcf7ebfe00000001010710110802fdfa03fc00010201fe
fbf9fcff0000060302f8f6fd01f9f0e80404fcff0202050b0c0c00fefefcf9ff
060807fcf8fcfbfdff03060b01faf3fc0304fff9fa05060a07070105090cfffc
09070303070b0901faf7fd02fe00010504f2f908f8fef9f80004090b0c0506ff
eef6fd0101030203040c0b03faf6f7fefe00f7fd05f0fbfb0300f7f4f5ff0509
0c03fbf6f0f1f4fafdfe010500080c03fcf9fafcfbfefffefdf403fc0108faf0
04fc09020b06ff00fbfbf5f7f7fcfd00fb05040400fffdfbf9fd000300040bfa
fdfdf6fd06fa0af8140003fefdfefdf8fcf8fafefcfd0805fc04fefffefbf702
f901fbfb01fdf9fa02f8f5050ffc0908060bff0104fe00fe010101fdff0302fd
020003faf8fdfd020702ff070aff03fe07100b040d0b03030606050501ff03fe
09070303fe02fefafcfdff030908030815150806040e070d1207080b070a0704
0b090907fc0601fcfb05010100030507050c08070f16060500f904070b040305
fffcff0b0b120b0604070401020109060505070a02fbfffb0b08fffefef40307
f20a0001010807090a080505030703050301fe0102040100fcf5f2f9f8fc01ff
060a0f0f06010000ffff03fafaf5ff0602fe0303fe0203fefafefd03040201f7
02f7fe030601f8f800020102fffffd0c01010706fa010807010a040806080504
000000000000000000000000000000000201ff01f6faffff0100f7010906f300
0201ff0201010100fefe0100020000ff01fc0202fe0001020102fffefeff02ff
fafd050306fb0002ff020000f8f8fbf3f4ff04fdfa0206040700fff9faf7fffd
f1f3f0eef3f5f80b06f7000102fffef9f1f7f8f6f900faf0f5f4edf6f0f1f9fb
0506fffffbf7f6f4f9f6edf8f8f5ff01ff070606100f0e00ff0502fcfefe00f5
030809070509050404fdfcf5f3f4f0eefef8ff010e151b1d0f04080303070b03
07050007080005060704040701fdfaf8f3f0f3f4f203fa010b14160bff000609
0109190c0a07040103030306090200fe02fefffef4edf0e7ed02edfe000b1307
f7f9fbff0c131d1a07ff04fefefefcfffe03050102ff0601f9faf3e6f103f40b
0601f9f5f0f6f900f5081d1d04fd00fefcfdfaf7fbfc020503010200feffece8
050507070c0e03f5f4f3fbfdfd070b1a07fefef9fdfaf8f5fafc020c01040708
fefb0607090509040c0e02f8f9f9fcfffb1513200bfbfefcfcfaf9fcfcfe0507
0201fbff04fe040d0b0909080c060400f8f2fdfef100ff0f1505060201fafefc
fe04fffbfafdfe0202ff02080e090805090303fcf3f1fc03fff7f7fd0e0f0301
f7f506fdfefcfaf4f5ff0003fefb02080d0e090907fdfc00fcf7fa04fcf302fe
fcfaf901faf507f4fffdfaf8f3faff0302fafc0b0d0d070afd04faf6fef4f9fc
090f0102f9f4faf600f8f5fe00fdfdfdf2f8fc0605fef6030910120a030afef9
ff070709050700fff8f5f5fff4eeef0501fdfdfffbf3f9000200f901090d0d0c
00fcfffdff020105050103fef2fb06fefcf6ef00ff05030202fffbfd00fcfafe
fffd04fd0201ff010100070201010400f5f700fbfdf701fafa06030101ff0101
070202010104020201040604030600fe0000f80302f6fefdff06000104050706
00f608041406040305010206040101030204ff00f3f7f90005f602020006030c
0605fe0101fcf9030e07fc0b0b0a000702040407050201fdf5f3f3f3fafafeff
0503010a06020102fefffe0a130704050508060506fffff3fcfef4eff5f8effa
02faf9010403fefc00000201fffffef6f9f1f5f8eff9fefafafdfd0601f7fcfd
0000000000000000000000000000000001010202f6f2f6fafefef3fefffaf302
01000001ff0101ffffffff000002010100fdfbf900000000ffff01ffff020002
f2f4faf5f200fefe02ff0100f9f8faf5f2f0eef3f505f9f8fffaf5f7f6f7fdfe
03faf0f4faf7f9f1effc0000fe01fffcf5faf9fafaf9f5f4f3fcfdf1e6eff0f0
fdff040301fd01fbfef6f9fcfcfefcff010206fefe020b03f8edf4f4f4fdfdfe
f8f9f9fcf9fefe02fe090603010601fd04f70200fe01080b130d080903fafbfe
fbf9faf7f9f5fcf7f6fafc00fffe020702060f030810f901fffefefefe0000f7
01070600ff0000ff000105fff8f7f9fe010407030a0e0b050b11fb01fb0100f7
ff030806fd010c0903fc0402ff090503fffef7fd08070a0501080a070a0c0709
03fe0505010f050100fe0a1004fe0406050d0907fef5f6fd07090500fe030b08
0804feff020102fcfd0e0c0200011104fb0608070a0c0d05f8eef40409060300
f0e5f403100c02060404fef8010a0903fc01fdf7f7000406090d08fdefe6ee03
090607fbede6ef050f0e05080500fcfdfc130afefdffeff3f30501080c0807fe
030503080c080b00eeebf0fc0b0f0c070904050101140407f9f6f4fcf9060407
fcfef1f2fc0104060d0c0e04f4e8ebfb070e0a04090503020a0ffb08fbf6f400
fd08f700fbf9f3f1f60108090e11120701eddff0fc0106070a06040607fcf607
05070907f809f808f3fb00f9f5fe02030813111009fadfe3f2040706030a090d
e7eff7000507060c02050e01fff5f1f9f4f4ff00050b0e130d04ebe0ebfa0006
02fcf8faf4f3f3f9fafe0307ff0b07ff0202f9faf4f4f9fc040407070902f0e2
f900020302fb000200fbf3f5f5f701fefe09fc0002fef5fcf2f5f7f700ff0504
fcfcfefcfdff0503060201030301fafffcf8f7f3fa01f9fe020d0007fbfdfafb
000608fbf7f4ff0100fb06050508000302020002fbfdfcfcf8f7ff01010b0409
02f5ff01fffd07fff4fa010203000d0904fffefef8fb03fefcfc020002050000
f7f1ecfc01000202fffefcf8000602fcfa05060206ff00fefefcfffaf5f5f2fc
fd0604fbf9fa0205ff01fefe00fe02fc030502fe0bffff0103fafefbfafbf8f7
0000000000000000000000000000000001ff0000100e110904040f00fafc0d00
0002ff00fffe0100ff0200feff0001fffe01040400fe0102fffefeff00fe0202
fb0100fe000001fe01fe00fefafcfdfe0202fdf9fdfdfdfcff00fdf8faf8fe01
fefcfa05060609fbfcff0100feffff04fffcfefe00fffafafdfdff0101f9fcff
fafbfafdfdfdf800fa00060b0e0602fffffe01ff030402060a06fef8f7f7f7ff
00fcfbfafd00020303fdfbfc0103070300000102fcfd02fff5f5f7f90104fefc
f3f0f6f9fbff030101030a06080606060203fd00030807ff00f9fcfafdf6f2fc
f7faf9f3ebf1f8faf9fb03fb01010809060504050004fc03000411fffcfbfbf7
0704000000fcf5ebf0000400fd03fefffcfcff00020401070201fc040205ffff
070602000cfbfdfdfdfbefeaff0603070204050504fbf9fcf9fd010a0b080203
fbf9fcfe0207060607f7f8fdfbf001ef080a04050003030702fdf5f7f5f6f7fd
080a05020105fdfe01060704f7f9fafdfdf5f5f4090e050b080608050402fffd
fe0405080c0c0e070506fe0001040702f9f7fff901f5f1021b10020003080308
030a06ff00ff02060d0a100a05060101fefdfdfffef407f8fbf4f2020c090800
fc01f7fa0308060301fe0304070a0d0e0e07fcfcf8f7f9fafff803fbfaf2f3fd
ff080600fdf6f0fefc010500000301000206090a09fff8f6f8f7f5f5fc070502
f4f6f8f7070c0501fafff4f6fa0005fe00fdfdfffff9fffcf2e8e6eff8f2f6f1
ebf0f1f2f5f600010400f7fdf608efe8f2fe060103fffefefbf6f4f0f3e7e7ea
fb00f7eff1fdfefffd05000407fbfe01fafdf5e2f7fb03020502fdfffbf9f0ea
00fdfcfffefcfefcff0000020204040908fc02f7fafff4eefdfffefffefdfcfd
fcfeff0100fdfcfdfefcfd000001ff030305080d06fe01f7fffbf8f3f9ff00fd
01f5f904fefcfe01ff04fbfafdfcfffc020600040c040c1015070101fdf7fef7
f80501ff00fffbfa05fe0103fffafffefbf9fdf50307000306060e1b10fefefe
0e1318090202ff00ff0002fdfdf9000707fffcfef904060c080c090d060c1f0c
05fffd070502f9f702ff02010102ff0e09060702ff070e0e09130f0e10151510
000000000000000000000000000000000000010003040403080700040b0af501
02fe02fffefffffe01fefe0101fffe000102fafa01ffffff00ff02ffff020202
eef3fcf6f90001fffffefe01f6f5fdfcf9f5faf9f7f5ecf4f5f3f3f2f5f4fdfd
02fef90203fbfefbf6fd0002ff010501f5f5fb020406fbf5ebe0e7eef1f9fff4
fffef8fe02fdf9ff0904fdff0bfe00ff02f7fbfbf7050a04fe04fef1f8faf600
f5f5fcfcf2fcfa0606030105030202f6fdfa0000f3020705ff0205feff0303fe
0302f8f900f9f7f6f9ffff00020a090b05020d09050f0a00faff03fd0100f9fb
fc0f06030404fffcfefdfbfcfdfdfdfd03030a110d0a0a060e0e0ffffc0e0b07
f8110b07070c110a0d0a0505ff010302fffefb00020207070a08090205110bfc
0906090505040304070810080e100c05020609080804ff020402070605050b01
060c100605080a09010bff04fc0c1004fe090b0b0100fd030200010507060707
f8f6fd030a100d0b05040bfefc070b00f91307f6f5fcfafcf9f8f7f9fff6f703
fe05fffffc00070c110f0e08020002f4f90b03fcfe14fdecf5f7f8fefbf8f4f7
070305fdfc000203050a090f0e0d0802fdf9fbf2fe0704070612f6fcf9fb0304
0a19fa050a0808fffe0005040809080f0d0d05fdf6fdf8f60607ff080811f804
030701000e180b08090a0c010404090109030b0afffdf6edeff3f6f809fffffb
f4f4fa05060400f3030d090503060a010105080705ff00fbf7efeeeeeff5f7fb
f6f7fbfdf8f9ff02060701fd040a04050401060501fbff020101fef8f6eff1f2
fcfbfdf9fd000403f9f9fefd0808fbff000b030205020302fffdfefbfafefcf3
fcf7ff02fefd00fe0502020001fbfbfffd05fffefe010701080203fffdfbfcfd
0e00fff7faf8f8fdff00ff030702030200fdf9010404fafefe020709090306fb
ff0b070b06fffbfefcf9f8fdfe00010007080704050508120f0c00000008050f
0cf8010202ffff03ff080500050405060208080306020405040c080f1400fe01
f3fbfdfbfb01fffefe01fd090c1108090d12161715101812141105020b120b0a
ff0300fbfdfe070802fefefe020204f5fcfffcfb060303060a030e0c0900fbf8
00000000000000000000000000000000fe00fffe08fffefbf7fc02fcf5f40eff
ff0100010102ff0101fefe0002ff00020101fcfc01ff010002fffe01ff0201fe
01fefe0202fb00ff0202ff00f5f8f4f8fbf904010104010002fdfffffe00fefd
ff0402faf6f7f90301030200010103fbf0f3f1f1f6fef3f1f0f0f6edecf2fc02
02030609070502f7faf3f2f5fe01ff0201fe07fbfc0600fafc0300faf6fbfe00
f7fbfdf9f80102070b0805f7f3f3eef2fafffffff5050d08070401f9fbfcfcfc
0102fdf900fdf9f6f6fd01060b0600fef9f4faf8f60801fef4fd07fffb02fef7
fc070900060706ff050600f8f7f6f9030b0e0600fbf6f9eff906fbfffb0508fd
0005ff010b0f15150b020304030504fefbf9fa060d0b09000000fbf1fe06000c
fff7f803ff0a0501f8131d1e08000402010300f7f6f6fd08100a04fffbf9f6f5
0d0803ff03fcfcf9fe040e00010e0f1aff060800ff04fbf5f900030e100b0a03
fc001111080102ff0303f9f808020501071811170a0803fbfd0201f8fc050e11
0100fffbfe000b0c090405fd02fefefa000b0600fe130711080407010301fffb
090600fdfffffffcfd010704070500fe06fe01f8f90b0207f804010804070406
f7edfc05fffefdf8f9fffdf9f5fd0608050202f9fff8fb00fe0c0004fbf5fd0f
01f8fe00f9f0f8f9fdff01faf7fafefaf6f9060e0203fefcf4f8f90104fdfdfb
fafffafaf9f9ff0007fcff05fdfb00fffafbfcfdf5f9fe0e0f0a06faf8fefe02
090702060002f7f5f6ff0904f9070709fcf4f8fbf7fcfbf9f3f4fe0e0b090800
f8f4fb090e09040703fcf6f1f4ff0602fffc0b05fbfaf4f8f7fbf7f6f4f4fc09
fefffaf8faf9f8ff060306020102fcf6f6fb010306fb04fcf7fdfafafdfafaf7
04f7f9fc01fe00fbfc00fd010400fe020203fef7fffc020402ff0a04fefdfe01
ff0905fc07f9f6f7fdf8fd030104050507060301fdff02fffbfcfeff010d0504
0cfa00fe01fbfbfdfe03fdfe03fbf5fc00050b0c08060600f9fefef2f6fe00fe
f3f2f1f8fa00010002fc0006090c0b00040103050702050305fff9f3f6f9f204
fc01fefbf8fe070c00020202010207f4ff06fefb04f4f4fefeebf6fdf7f1f0f0
0000000000000000000000000000000000ff02fe0906fdfbfaf9fcfafafd0d00
ff02ff0102000100fe02010001010101ff01fcf90200020101ff01feff0201ff
f2f3fc0006fcff01fffe00fffaf7f4f2f0f00808ff00fbfcfff8f3f5f7f7ff00
1106fffcfdf401f0fdf601ff02020301efeef4f5f3f4f5eff2fef801fc0005f7
0a08080a0d0e0b080b04fef900f8feffff040701030503fbf7fc02060b0f050b
0604070704080407050301fe01f9f30207f8fe000d0b15110008050504060a09
0e0bfffb01fc0202040000fef9fbfe02fc00fd01fffc08fe0b0e1304050b0808
050412120e04fbfb01ff03020300fef6faf8fe00ff000808fdff00ff02fa0404
050bf1f80912150d0e0400020204050b040503fdf9fafdfdffff020e0906f70c
fafafafc06fdfafaf7000f0f0f02060603020409feff03fdf8f6fdfaf8fcfcfe
0401fefdfbfcfcfbfef703fefbfdfb0c0c050000020303fcfafd030800fafbfb
f6f5090d030801fe01fefbf7fefbfefdf9080a0d03fcfcfe04fdfdfaf6fb0006
0402fcf8f9fb070c090409060400fefafafafd00f3fa06100100050405fafcf9
fe0200fd00ff01f7f8fc060c0a03050508060801fcf2ff050d0c080508060102
0e120d0b0100fcfc03ffffff0001ff0708040a06050306070807ff050d0f0d07
070c00000f160e000601fffc00fe040404ff01070c0c0a0406020202100304fb
030805090afefef513fbf8f4000004fcfaf8030600fbfb000607090704060107
fe01010607070b070ff6f6fd02f4f8fc060401fcf9fbfb0703fdfe0000010505
040101fe010302050802080c140d0b020302f2f303080400fa0300030600fefb
04fe040209070802050102ff0400fa07101405fcfaffeff1ff070a06fd020504
050c08030905060506070b080f0703020200f901100f01fd020af4f308120502
fff6fbf4050708051011070705070d0e110b090800f8f800100801fe01fdf6f9
f6010100000106020001fe00070c050805090b0b07040502fefef2fa02fc0102
f5020708fc000201fe02fffbfefaf4fb0000fdfc02fefcf8fe05fdf90106fafb
fdf3faf4f6f9fcfa01ffff0201fefaf8f9f1eeeff0f7f5f1f9f4f900fdf6f4f5
00000000000000000000000000000000fe01fffff6f1f4f9f8f8f4f6faf2f4ff
00fe0100fefefefe0200fefe00020000fe0200fe02ff00ff010002fffe00fe02
0600fc0d0a010200fffe02fe01fefeff0100090b0e03070908fdfe0001020201
eeebeef8fcfafb0b0e00fffefe0100fcfbfdfbfafbfdfefffcf8fff7f2eff0fa
fdfaf5f1f5edf2f9fbf2f6f90200fe01000600f8fbfaf8f9f8fafbfdfefbf4f5
ecf1f0f3f2f3f3f2f4f3f4f8f6f5fbf9fcfd0000f701fdf9f5f0f2f1f1f7f7fc
f8fbfef5eef1ece9ecf3f4f7fefaf7fdfbfe00fe030afbfef8fdfaf6f7f6f5ee
0300f9fd020504fdf8f9f8f9f3f9fefdf8fefafafd0300fb04070104fc03fbf9
03ff0f0707fb030a08080b0a050a0d0c05070304fafbfbfffeff04f6fe000c0a
07070504020d0c060d010a100609080d1418181411110d0605080406040500fe
0803030a04fefe03030d1006010c0a0d070a0e0f12170f1414120d070a0f0e08
fd03070507080a080500000700050b0606090a13110d0e0b05060205080c0c05
f4eff0f4f5fcff030b0c070401fc0003fd0c0802000f06000d0b0302fafaf8f4
090502fbf5f7faf9f7f8fcff020a0b03fe0201fdf90f0201f8080207030502f8
f9f3ff0e06ff01fefafefaf4f4f5fc0406070a0302020905f4efff0100f9f813
f9f9fffefefff6060600fbfdfbfdf9f6f4f2f4fd060a0905fbfc0803f6f3fef8
0000fff7ef04fe0e0afb01070700020203fdfbf8fefbf8fa02090701ffff07f9
f6f7fafafbfe00fef6061001f8f9fe010200fc0601fffff9fcfbf6f4fc000103
f8f6fbfaf6f6f9faf9ff06fcf0fc04fffcf60401fb00fe0302fe01fcfcfcfef9
00faf8f8fbfbfaf9f7f9fbf7fdff00fff2f5000105ff0b01fc01fcfdfff8fffb
04fdfd02ff0505fe04040602fbfc0203fd0301fbfff2000404ff0704fafe0508
ffffff080703f5fbf7fb05070705050a05090501fbff0a03fefb000101000505
0c0301010101f5080b0501fcfaff04050902050905080001f7f504ff03fdfeff
fdfaf9f60202000100ff00110c1212020905060603fcfa0100f6fcfbf8f2f6fe
1319100d0a0e0a0b02ff02ff020007ff0219151d1d0f13161315150a04070c02
00000000000000000000000000000000000201fe0d0b05ff080d140d0d1c1c13
0000fe02fefffe0100fffffeff0000fe02fd0002000200ff01ff020202fe0101
fc0108faf5fefefffefe0001f8fafbfe0002fdfbf2fd00ff0302fdfef7f8fffe
fff9f8f5fffffff7f0fafe000100010803060cfdf9fe05030706f7ff06030903
fd01faf9f6f6f8f90303fcfdf6f8fe010001fb03090700f8fafbfc010103fafa
0206070504070604fefafc030203fe01faf8fe010e020508070201fffafc03fa
00010202010308090a0c060701f8faf8fbfffe03f805f7010b080807fefafcff
04fd020702080a01040505050804080405fdfef7f9fcfdfbfa07f40302fbfdfe
ffff0600f6fcfe0401fc070200fffcfdfe020200040000faf800fcfcff05fef6
fe0407fa0000ff00f9f3f001fffc020502fff8f7fcff01feff01fef8f7fc01fc
ff050607040604f2f9fcf4fff7e9f4fefefc00010202fef7fafdf90000fe02fd
f8f4faf805060808060600f9fe01fefef4e9f1f7fd0303fe00fef9f9f6f8f7ff
fffefefefbf8fafa050a0807070302fef9fc00faeee6e8050a0a0700fffafdf9
ff0c070908070301fdfafafd0607040507050403faf5fbfb00f6fa010c140c08
090a03f0fb02060604070a0403fffc01030304040501fd0306f1fdf700fbfff3
fafef8ff070a10ecf501030402080d0a0801fd0705030607090800ff01f5fa04
09090104f9fafdf9fa0810f7f9000001fd060a060904000204070909070704fc
04080301040201050002f8fc0100fbf9f9f9fcff010608080402010002040409
fffefc020203fdfcfffc0101010d06feff04f7f7fafcfcfeff0203020200fd00
f7f7fbfdfffcff0300020501fbf80404000701fcfcfefb00fbfcf8f9faf8fbfe
020304fdfffbf7fcfcfe010b0709070504fdfc000505f9fb02f9f9030403faf7
00f0fe0204090e0a04fffcfaf8fbfe030300020803fef9f8fbf7000102f4fc06
06020000fe010a060808030701fffa02fbf9fbfd00fcfc0103fcfdf6f3010202
070e110e03fffeff020107f5fdf8fdfcf4fafcfbfafffaf1fbfef7f2fdfb0505
00f9fb030300f6f50102010102fffe0807fe05fdf7fcf9fbfd04fefcf8fc0308
00000000000000000000000000000000fe01fe00f900ff060402fe020405fb03
01010100020101feff0102feff01010200f4fafafeff0200fffffffffe000001
f5f3fb0a0bf900ffff00fffe02fafaf4f2f405060600090507fdf7f6f8fafdff
02fff603fcfc06fd09f200ff02fffdf8fafbf9f7f5f9f6f5e0eaf2fdfcf8e8ec
07fd000507060208030009040c0003feff010600fdf9fe0dfd0106040507fe05
03000000040204ff040706070a0c0800fff900fffb070202f907020201040204
060c0904fc0000fefefe00fbfe020606060b0c0200fc0700f9fbfef5fc090302
f9f8ff0b0e02fd01010506fffafafbfcfc000403030405fd03ff0efff4f9f301
06080b0404fb010c0709030905090a0c04fefcfffbfbff0201fdfffd0301040a
0203fb000a0c050601f90c0d0705050806090a0d02080704020000ff0004fcf7
0905fbffff03f7000c030b02faff08090c09020802060a0c07080a05020001ff
ff06080c060900fb0006fffd01fd0201f30802000405000304030aff03060a03
030afdf4f7fd0308020505030406fe0104010202ed04fdff0301fd03050700f9
0c0507040307fff1f8f9000502000305060405fefb070603f5f9040003000201
f3f6fd16100c060a0506fdf4f9f7f6fbfafcff0007010b06f7090401f7f00210
040004fefbede80d100a070c050403f6fbf6f5f7f7f5f80001fe0706fe0705fc
fe010301040303030bf2e5090d0a020303ff0a03faf6faf9fbf8f7fc01000408
05000003ff04090209ff0cfcf1f3dffb050b03ff00fb010706fdfcff0301fd02
02090904060304040202060200f70a02f6eee303fd0304fffaff030605040308
fbfa01030604040402fffefd0304fbfdfcf801f7fdf7e3f7f8fbfc00fafd0303
f9fef4f700fc04080905040202fcf9fdfe01fbfafdfc01f90209ede9f2f8f3fb
fff8f4f3f1edefeff7fafd000b0b06030605fdfc0505ff040d0a00000007f1eb
f5ff010002f5f8f9efe9e6e0e7f1f5f5040d13090303000302080d121000ff01
faf6f7f3fd00010000fffe080302f7e9e7e7e7f1e7f2030a080c06080a0a0800
fe02fffffe000105fffefefefe0103f5fbfdf3f3fcf2f0f4f3f602050505fdf9
00000000000000000000000000000000fefffffff9f9f7f8fffdfefcf7fb02fa
0202010100fefffe01ff0100feff00ff0202070701fe0202ff0200010200ff01
0e0b050c0f0cfe0002fe0100080a0e0e1010190f0afd0e1309080a0d0a090400
0a01fe090c120e0a0f02fe0001fefcff0d0e0e0a09050e1008060b0e1009020b
04010801ff040100fb060c13070000fe00f3f3f7ff0002050a04050404090a09
fd02ff0305010504fbfefeff0006020b0105000001f0eceafafbfcf9fc010302
f3f3f9f5f7fcf8fd01010202fcf6f8f8f9fd0007070900fff9edeff8f9f0f1f3
f0f0f0fdf1f0f4f3f5faf8f7fb0000fffdf4f8f2fbfcff0803050704f3eae8fc
01010e08f3eff3f6eef5f3f0eaeff2f5fcfffffdf9f7f5f5f9f9ff0703fb0e0b
f6f60005030907030cfaf5faf6f9fdf8f5f2f0eefa111003fdf7f3f2fcf50611
1a1305f6f4f2000a090f100203f8f8fefe0200fff7f5f3eff51321140c06faf0
f0fa07131c19100900f9030507070b0402eeeef10102000100fcfbf5f002191e
0403fefdf9f9fa030b191308010c06090a0d03010beef5fffe01fefe0106fefd
0a0301060600f9fefdfcf5fe010d100901050af9081003fdf5f0f70709f9fffe
f8e9f2050b0d09090a0100f9f9fbf7f9ff060502040502f5050efa02f4ebf002
04110202f5dff20c080f05040806fcfcfbfef6f2ff0205040f0205fd010b0404
fff8fafc000d0107f7ebf2050b0e0701040604fbf8fd01fa0001040606fe00fa
070206fef8f0f5f9f2060e02f4f3f6f50208060402050501f900020100000603
fd040104010202fbf9f3f3ebebfb0701f6eef1fb03fd00fe02040001fb010108
0108020502060305fffefdfcf6eeede8ecfe020001f9ecfc05fcfbff05070202
fa01fb020204010007050502fefd0102f8f1edf2f6030100000af5effc03f9fb
0005fbf5ebf4fbff050605020605010404090afefaf3eafafbfcffff010cfae8
f8fe0101010709faecfc0101080a100908080402030000ff07fff7f4f5050100
ff06fcfcfcfefefefeff0205f90704051006050b02fe030c04fefc030e0e0703
fcfa06fefdfd0603ff01fe00fffffffb090e040a1d08010402f90301070aff03
00000000000000000000000000000000ffff00ff0a11120e03030f03f90013fe
02fefe02fe01fefe000200ff01000002030100fd0200ff00010102feff010000
fcfcfcfafc0000fffffffe00fefffdf3f3f5fb05f4f8eceef7faf8fcfbfefbfc
0d1011110a0504010a0a00fe02ff0306fef7f6fdf7fcfd06fffe0505010204ff
0d0e111a16151410121307010e0e010002f90201f6f1fb05fbfb020107040511
0206090f0d0d1114111111090a090c041007fffefdfe0606eef3ff070607020a
fefbfd0003060609080c0d0f0c0e10070509050614050901fffdfcfdfffefe06
fd01f1ecfc03fcfbfffcfe01ff02030503060407ff0a031012090ffffd05f900
080a070201fbf3e8ff02fdfcfdfdfcfd050400fefefc00fffd00040e060106fd
ebf0f8fc0e0a05040002fae7f802f9fb030302040902fafbf5f4f3faf7fc0707
01f8f0e9e5e2e8f3080202020204fdedf2eff400060506050202fe00f6f0edef
0a0704060101f6f2e6d9e0e906ff010206fd02f8f4ececf60608070a0901ff04
f7fd040a070c05ff00fdfcf3eddcdde8fe0502fc020703fef3f1f2fb0206010a
01ff01f9f8feff06090d01faf7f4f4f3f3edebf7030003ffff0b0704f9fefcfa
0d110a0a05fcfdf9fcf8fb010806faeef0eeececf5fbfc02040104fe07100808
090d04ff10150b0e03ffffff01fbfbfd00fffbece1edf1f0fa01010b070d05ff
06101305130b06050b10110c0604fd000403fdfa01fdf5e8eceef6fc0305060a
0a0d0b09090d11070eff01fe0a0d0c0e0508050a0b0405040403fdf6fe050304
030204050b06060b0a0d0a08110501ff050c05ff0005080b0903040205090b07
0d0802fdfffe02020408040307090701050c03fb000701fefefe040a08040204
030203040a0604f9feff00fc0204fcff08030000010801fd00070b0304fe0107
fe05050c08ff06050402fffffffe02010808030102fd0006110e0002fdfb0308
fd03fe010005090c0904faf5f8fd03fafb04fef9050201060608020a0eff00ff
ff01fefbfc01fe0000010303fef9f6f900fdfefe00090e0e0c0c101410110c08
00050003000404060100000100ff00fe00f9f90106040703030003ff02fdff01
000000000000000000000000000000000200fe0201fdff00fd000301fff90403
ff000201fffe000102fffeff01ff02020304fefdffff01fe00fe010001fefeff
f4f7fef6f3fe0100fe0201fff7f6f2f0eef2f4f9f803f4f3f7f6f8f6f4f6fe00
f2eaedf4f8f5fdfaf4ff020100ff0305efeef0f0f2f4f6eff5f4edf2f7edf0f3
efeae7e8ebe4e9eff7f9f8f204f90000ffff030600fefef4f7faf0f4eeeae4e9
fbfffdf9efecedf0f4f6f8fd01fdfffc05f5fe01020e100e0204fdfafcfffbf2
01ff0200030000fdfefdfafefd030e0905ff030813070b00010203fb02020101
0008110b020401ff00fefe00060c12080201070a030d030f21100d03fd02fffd
050b0904040e1611110b04fefbfbf90206111213130d08060507020a100e08f4
080e0d020a0705040d1e170614160a02f6f80106060f131d17110e0a05080a02
fcfe070602060a060803f9040d1715070b0f0b0c00fafb020200040d100e0c0a
fbf5efe9e8edf3f8f0f5fdfcfdff0300060f0efdfe0c060904fb0001fdf5f0f9
0402fffdf9f9f8f1f2eee8ebecf1f0eff80900f80f1b0ef8f402030a06020103
f8f9fb04080502fcfcff000602fdf6f0f0f1e9f6ff0903fa09180e00f6f9030a
0815f9fdfcfd01070a0b06fd0500040b0b0701fff7fcf7fb020002fa081703fb
040705fe061301fefb0204050a090b050a080c120b0a09050400f9fe02020702
080806040d050604050805faf4fb030100ff01fe03070a0c06fe01090806fa02
f5f5f6fd03020304050308ff020d01fcf9f5f9f6f9fdffff0001fffffbf6f902
0104fefcf9fafcff020201010a05fc00fc0dfdf800f9f8f2f9fb01020302fdf9
f9f8000400fdfefe01fcfffefcfafdffff0c02fdff03fa0203f8fbfaf9f5f903
040601f5f7f4fafffafafe0100fffffffcf4f9fdf70b01fbfdf8f7040500fbf0
fef5fd00010206fcfcfbf8f9fbfbfefd04fafdfcfffcfa06fd0901fffdf2fc04
fefb01010200090801020a0402f90105fbfffdfc00f6fdff0309000c0606fe00
08fef6f5fc0102fefe0003f2f2f5ff05060a0c110c0c060b0b0e05030c0f0c0b
ff0a06fffb030309fefe00fe0101020307080b0a0d080306070d0f05020a090b
00000000000000000000000000000000fefe00ff0a0b0e0604070d0100030c00
02fefeff010000feff020000fefeff020508fffe0202fe01ff00ff0102010000
070400050509ff020201feff030605070402080e08fd060a0903040605070200
0c08070500ff01f6030a000201fe0407100a0c06fbffff0b050609141315120a
0809090908060807020b05fdf60e010002fdfe010300fcf5fa00050d0a0b1309
07080609040200fbfdfdf9fc00fffd04011002fe0a02f5f2f5faf9ff0203090b
fb0403010304080401fdfefafcf9f5f2f7fbf9fb06f808fe0602fff9f8ff0405
05f8faf7fe050400040905020400fffc01fefef5fafbfc0400fb09fe07f5f7f3
09fcf7fdfff9f0f30007ff0206060b0a07010000fe05fffc01fff90704fc0505
fffffcfa03010000f5f5f6fd0806030704ff03070405fcf8f5fefefffefcfa04
fbf4f8fbfff9f7f7fef605fb01fbecf60b07000100ff0404060700f9f9f7f9fa
fe0a0b01fdf9fff9f9f9eff3f6f7fcfd02f9f80005070600faf7f7f9010904fd
fafbf6fd00090e0503fe00fcf6faf6eefbf9fe0608f9031308060700f9f4fcfa
ff0103fdfafbf8f9ff06090a090201fffefe02f0fafbfbfd0c0a0d0c070600ff
0c05070a010101fefffaf6fef90308050c090907010105f9fd0001fa09160d08
000104020d0d0d0504fe01fcfdf9f9fef9fc00070f10130a0704070003010401
0601ff0303f9060110060c020000fdfe01fafafaf8f5f6030b120e070605ff05
fb060b080601fc01fcf5080211000d050906fbfd020201fffbf3f5f7fc070b06
fcfcfe02ff07070a0c03fc0308fe09ff0a0e06000a0e0100020407fffbf8fcf7
040300fafbfefe00020708050b08fc0614130705fe0a00fe020604030404fdfd
f8030201fe00fbfafbfc0305060b0e0e0b0e0c020c0f08050107feffff05fe00
fff9faf8ff0804fcfdfefdfcfdfe0406070a0e0b0805fefafd0d0202fffafaf8
f601feff02020906f6fdfef7f6fcfbfffcfeff01fe00fffffafff4f1f4fcfffe
f5eef0effb010000ff0302f6edf0f3f3f6f0f8fdfef9fafcfbfdfe02ff03eef2
faf8fbfafafcfe00020201feff00ff0701fbf6f4f9f6f0f5f2f5f8f6fc00fffb
00000000000000000000000000000000ff01fefffcfdfbfafdf9fafffafefaf8
0102ff0000000002fe010100fe0100020507fffefeff0200000201010201feff
0f1008fc0505ff01fe02ffff050704060700fe06090100fffe0007070c0a0200
0d1217120c0e06080d0a0200fe0206030c070b0c0f13121d170b0e1414111010
060a090c0f140f0f0a0f0c00040c000000fd030a0b0904fe020b060908010c11
00fa0105020205090401050207010d0a08110001f9080401fdfbfbfdff03030c
f9f4f3f7f9fdfeff01ff0102040607010204f9050ffa0a02f4fe0904f6ff02ff
03fe08f8f3fef5f2f6fbf6fdfffbfd01fc0301060502f90e0cf90dff02000c00
0efefd02060afff80201f5fafcf7faf9f8fd0501000300ff0802fe0709f409fd
0403040c02ff0303fb1107fe08090200fdfbf8f8fd020000fffffe050304080d
fdfa00fd02ff0a1107ff05ff0811fb030a0306050701fbf9ff0302fe0101fc01
051005fcf7f6f7f5f9f4010804fafd010d120b0d070704070302f9f9020b06ff
fe0002050c110d05fbf3f6f4f0eef4f107fcfc041010100706000304fe0000fd
fefc0000fffefc040d18150901fcf9fbf8f8edec0600fd060a0f070903fd0002
0dfffffffafffefe00fffc070b1a190d090203fefe03f5f200050507071402fc
090507fe0b07090802fdfffb0204fe050812150b090505fefe05fd02080908ff
000605030a010802070609080100ffff0301010002070b0804050004ff060202
fa04070505070405fffa01050e0e120c0604fd0304030702fdfe00feff080500
05fdfdfafd0105070c0c040507fff9ff0411140d0d04000307050a0703fa01f7
0302fffc010301fdffff02070b0f050d0d100804010c070a0f04010803030002
fffbfe02fcfbfbf9fafcfbfefeff040509090d1308110603fdf8040704ff0202
0100f803ff04fc0301fcf8fcfbf6fefdf8f80003fafc07120311fefffff8fe03
f903ff010204fe01f3f6fefd03fcfdfbfbf7f8fbfbf8f9faf7fdf5f4f9020100
07fcf7f3fefeffff00000109faf5f5010b060b0503fafc03fcfdff040002f7f4
04090403fe0404080001fe02fefe03fe00f1f302080606fd00f4f8fb02060505
000000000000000000000000000000000100fffe00f4f7fbfef8fefcff0606fd
0200fe01010202fffefe0102fefffe01ffffff0102fe0100ff00ff02000101ff
02020102fa01000002000002020202fe010400faf9fc0707ffffffff010200ff
03f9f806ff03040904fa00000201fefd040504080b0e01f4f1f7f8080b06feff
0b0c040905f8f1f901f8fc0108fcfffe0203ff0900f8fd00fa00fbfa06070006
0f0f0f090903040203f7efeef7f4f7ff05fcff0104fc0406fe04fffcff090701
090c09080905060904050201fbf9f3f4f3f1f5f7f90301fe010a0b01fb03fe0b
080a0c07080a04070300030508050400fffbf2f0edecf3eff3fffe010a0b0f0c
f7f5fe01030c130d07040a03fefafe0300ff0101000302f9f3f9fbf5f4f7fd01
fffdfff6f9f4fb00030815100905fdfcf8f8fdfcf6f7ff0205070901f9fcfdf3
00ffff03fdf9fafbfdf1f7fffe070b02f9fcf9f9fa02fdfbf7fd000605030508
0b1512080100fcfefcf4f8f9fcf3fc00f80501f7f2eef8f9f7050302050e1108
f7000005090f13090300fafcfef3eefdfff3fefef403f3e8ebe8f6f9f8010605
f0f8fbfff9fd000101040c09fefafcfcfaf2e9f3faf7ff04fc00f4f3eaf0f5f9
fcfdf9eff70000070401ff00f7fa030e03fbf4f2eeeeecfbf7fc0203faf4f5eb
120003fffdf3edf7f5fbfc0b0d080202f9f5f6fdfbefe3e4eaeaf507000302f9
fc0b0c121805020201f1ebeceef102080c0e0c04fef4eae2dfd9d3e1eff6fb0b
f0f9f90705131d161402f5fef9f6f2f0eaeef8060f10130902f7e6e0e3dee2f3
01fd02fdff080f1310131e1808f8fffffaf5f9f7eaf0edfb080f0e06fffbf5f0
f2f700fd00fe05040b080f0f0f0d1112fef8fff702f9f6f2e6e8e7f5fe060601
f9eee5e8eff0fbfdff0203090f0a08080a05fe0203fbfffb00faf8efebe5e2f2
00f3fb04fbf5eeede5f3f4ff0306050d0f0f080e0e0b0f0a110700fffff7f8f9
fe04ff0002f9f30000fcf1f5edfaf802000005070508070f100d03040dfc01ff
fa0b0c0b05fffe0001ff01ffff0800fbfe040b0a02fe0201ff0700050a1002f5
fdfbf6f9fdfefdfd0101ff02010100ff07060701fe0b0a02040704030b0e0bf9
00000000000000000000000000000000fe01fe010000fefff9f7f204090bfaf7
ff01fefefefeffff0100010100ff00010001ff00ffff02fe01ff0001fffefefe
f8f6fd0a0aff000201fe01fefefffdfafcfd06050a0509040900fffefffdfefe
0200fa04fefe05090a09ff01010101fe00fdfd0001ff020600f603fffcf7f2f4
0e0504070c05080800fc05ff0b0a0200fe0607fdfbf7ff08fd02070606030008
000702060202fff9fd030505020709fd010102fefa04f6faf601ff010509080a
040805fefc01fbf9f7fb00fbfefefe0301050705080107fff903fdf6fb04ff01
0107fcfc0603fffffffffdfcf7fcfafbfcfd00010103020105011100fe0c0001
020108050801070506080508030602060304ff01f9fafafcfffdfbfa01fc0a0b
0100fb050a0c030001fd110e050702030206060e0908090704fffafe0100fc05
0a05fffffffffa090a0c0602fe030805030500030003080a0c0c0c0707080501
fe030104040a05020404ff0506020501010902f8fdfcfaff00040301060a0b06
030500fcf5fdfafd010605030203020102080200f90af8f1f4f5f900fe0500fa
060109050500fbf5f9fcf9fcfd00020100fd01fd030c0505f3fdf6faf6f701ff
f7f5fc150c0607050403fbf6f9f5f9fffafafcf8f9fe0204fe000306faf4f70a
0afc050100f1eb08050504070301fffcf9f3f8fbf7f9f8f6f3f60004010803fc
fdff02fe0603040c09fbf202050102fefffd0401fcf3f3f8f7f3f1f5f6fc0006
010003070205070107040f00f7fff6ff010a04fcfaff040301faf7f8fcf8faff
fe040d0906070b070103080402f906fef6f7fb07ff0202fcfdfd02ff04030907
0000fdfd0100040a06000303040102fefff9fd0104fdf9ff00fefefdfe01fdfb
fefdf8f90005060303ffff01fe0202fffe00fffbfdf9000003fff3f6fcfcfcfc
ff0bfafbf5f3f2f4f9020502010100010608fefafaff0502090700010104f8f3
fe0002020005f5fdf9f4f2f1f0f603fa00030302000402fffb010b0e07fd00fe
fdfaf4f4fd0100000202fc04ff0803fb04fc020a050007110803090f0f090506
0813080b0b0a060a020100ff01fe0003040801010e04060c0c0a11070e0802ff
0000000000000000000000000000000000fe0000080802fe03020804020a1104
0001fe02010101feff0001fe02ffffff0302fafbffff01010101010101fe0001
eff5fcf4f5f6fe00ff0202fff6f3f0ebf0eceff7f004eae8f2f5f4f6f4f7fafd
f5f0eae8ebeff801f6f800fe01fe0400eae7f0f6f4f5fcfbf4f5fbf9efedf3ee
fefcfffaf2eeedf1f2eff9f80bf801fffff802f3e5f3fd060a06030401fcf4f7
fd01fefbfbf8f5f6fcf8f9fafef6f9f50dfc00ffeef5fcfef8fd04050503fcfa
0405ff03030401fcfafbfcfaff0805fcfefdfcfa01050201f5f2f6fc030b0202
f403f5fc0202fe0001040400fd01fef900ff0201fcfef9fafe0100fef0fff201
0707f7fc00fb04fc0405000103070500fefbfbfcfffdfcfaf3f4f0fc0a04fcf5
f8f9f0ef0efafdfe0cfff9f8fa02f9ff060a0b0902fd03030201fdf8f8f7eff5
f7f9f9f8f3f9f3ecfdfaf4000d020ff9f7f7fcfe06040607fff1fe080503fdf2
0903f7f5f0f5f5f3f0f8f1f2fbfafb00f4f4fefcf5f4fbfb0607050704f1f1f4
fc0109ff020603fdf8fbf8f7fcf8f1f7fbf7fbfe0203fbefeaf4f6ff04070704
faf4f302fc010a080100ff00fd0408080a05fb0c08f700fe0a0e06faf1f0f6ff
061aff01fff8f9fcfe03080706fe0102040810121314191908fe02fe04130502
0b0804010417000002fefd000301070305050c0e0f14191a19191a1c0a0703fe
09080e080e0006f9fc03f8f5fdfefcfb01030202090a1315171b161517151012
020100fe00fb00fd0701f5040804fef900fdf9fe040100020106080f120e0e09
fbf9f1eff2f2faf4f2f6f7fc0301f8ff020d0b0302f9feff06080505fefefef9
08070000faf3f3f2f1eeefefebf2f7f10109040407050d0d05fe05060a090a07
0403070afe02fbf6f8f7f4f3f5f1f1f0f2f3f2f603070404fef70f1402010d06
02070e0e050500fdfbfcfbfaf9fdf8f5fbfbf5f9fdfcfdf80f04020201fd0a15
f208010001020b0713110b08ffff00faff0302ff0103fd02030102030901fffe
020e0e0c0200fe00ff0109010b0e0d0a0201fe05020706fd00000509050b1104
05fd02050701faf8fffefffffffffcfcfefe0408fbfafefefc0403050200feff
0000000000000000000000000000000001010200f4f6f6f9fe01f3fbfd06ff0a
01fffeff01ffff0101fe01000101fefe01ff0809fffffeffffff0001ff000000
0b0203090b05020202fffffe070c0e0a110b120ff9f515110c060b100d070202
07fffdf5fb00fff906f902fe02fefc02040b08faf900fcf6f4fbf2040e0b0306
020202fffdfd01fc03fdfb05f7f6fe010201ff08100705fafd0200ff0105fefc
0201060506090a060400000403fdf105f6f4ff000f0b0a060401fe01f9ff0202
fcfefe0006020a070705080502fe0000fdfcfafffb04fa0109080d00f6fafd00
06f8070702010200050708060a020504010401fffb00fefbfd06f40107f903f9
03fd02ff0002060a07fd01010503ff03ff02080401000505000601fdff02fc0a
000608fbfcfcfc00f4fdfd0a08ff050a06fffef9f8000706020201fdfb04fff8
030407090d0c08f8fdf6fc00fef5f1060a0404040104fbfaf701020902020202
fcf5ff0403030704080906fc00fdfbfdf6faf50b0b04050201fdfef9f601030a
0b07ffff01fbfd060906030204050802fff601f9f0eff71b150f0c04060100fc
050c0c090a0d05fffff802070c0901ff050707fef7eefdf8fef0ff0a171a0e09
f4f71600050802050a0c08020200fb040a0807080a010401fbeffefafef70e01
f7fbfb01f6fc0ff70602fe0201070f0b03fefa06090a090c0c0a02fafceffcfe
0e100401f2f7f9f80dfbfd000503020102fe090b06fffc0004090d0c090a05fe
0207020307070605fafbf9fcf7faf4fa04000001000102070601fe010505080a
03ff03fe0102fdff04fa0504fd0808fefbfeedf3fa04fdfe00fd03ff0202fc01
f4f7fcffff010706060305ffff00fd00fc0300f9fbfaf0f3f5fbfdfcf8f6f8fc
ff02fbf7f9f4fbff0205080c0c0904040100f3fa0304f9f80105f1f1fdfcf7f6
02edf9010b0704fe00fff9fffe0104040506020501fbf6fafef2ff0000f4fafa
0106ffff01f8fb0005faf401fefdf508030307060504ff0101fefaf6f7ff00ff
0409070f05ff0202ff0001f8f7f1fafcf8fcfc010203f8f6040af4edf8f9fbf9
00f5fa000501f9f60001fffeff01fe0c01fafffcf3fcfdfaf703ff0902fd0307
0000000000000000000000000000000000fe0100f7f9fc000406f9ff05fff001
ff01fffffffe010000010102fefeffff05050300ffff0000fefefe00fffe0201
0b07040d0909fffefeff02000509060b0d080c0e08fb0a0d090308090a070304
100a150f081008fb09faffff0101070c0f0a0a05ff04020a070406141b161311
03050207070c0a0b04100d0100010101fe00fb020404fcf9ff06060608091011
09040200fbf9fafcfc02f8fafafbfc0a010dff020c04f7eff7faf4fbfe010307
f6ff02fc01050203fbfcfdfbfc00fdf9f9f9f8030bfb07ff0809fbf8fafbff03
05fcf7f3f8feffff0105ff040404fefefdfeff0000fd020801fb09fd05f5f7f4
0503f4fcfffbe9ecf907fe020500070b060602fbfafffd01fe00030b02fafe0a
fe03020008faf9faf3f2ecf3050400040603030b0a05fffdf4fbfd0201000809
fefbf9fefcfa000200fd06fbf9f4e5f112050202030301ffff03fefafbfbf7fb
fc04f9f5f6fafffffcfafe06f700f6fdf6f3f4080c0e0c0a0803fef9f800f6f4
0602fffefc0506fbf6f9fdfdfafefefb05f3fa0400f6fd12150c0807080204ff
04080a05fd00f9fc03090d03fbf7fbfcfc02fef903f2f9fb0706010e100b0805
07fef906fd000402fffbf9fefc06090700fcfdfdfdfe06fcfef403fa09100105
03ff0801090404060002fbfbfcfffcfdfa0107030505fffafe02080501030800
0100fdff04fe0b0109fe07fafbfcf6f702fcfdfdfbf9010703030200feff0100
ff040302060002fdfcf902030bfb0d000100f9f90106050301fdfcfdff020200
060c0a03000301040804010409fe0c02070d04fb0401fbf90207070504020702
01040504050c0a08050305020a04fc0112150bfffa0803fefcfafbfffd070307
f8fbf7f7f80100010107080806040708020602fe0b1406ff020b00fafef9f5f9
fff7fe03010900fafb0100fcfc000704040404080100fffd0d0c02fe01f8fcf8
f406ffffff00090d02ff00fdfb02060100ff0000fcfffefefbf8f5fe01fa02ff
05070806080001fe000202fcf4fc030607050402fe010704fdff0008040500f8
05fb03030605f9f80201ff000002fc050306030d09080704fc0a080c0c0c0506
00000000000000000000000000000000fffe0102fd0405030d06f9fd010af806
fffe00ff02ff01ff00fefefe02020000fefa0509ff01020102ffff00fffffe02
09060501f903fe0101ff00ff04040a100c0bfef4fd0517100e0e0a08fffe0304
01fef8fbfeff04fcf2f5010102fffafeff0a0402020000fa0005020305fffc05
fffe0200fe010301fbf4fe0cfef501fe0101fb020b0505010501fc000201fcf9
0300060102050203050710140c0a0204f2f801000e02fd020b0d100b05fc01fe
0906040503fe04fdfdf9fb0100fc030807080803fb09f8000b05050908010304
0600fe090e050303080908fffff3fcfc000305ff06060802fe0a020305f8fa05
06020b04f6020104ff000404030a05ff01fcff020404090506060906070d030c
00fcfa06ff0c030008fbfc0203ff090a070704fef9ffff020300070100ffff04
ff060b060502fbfc05070e0008f1f4fdfe060106040605fbf9fcfffa00030a04
fcf8ff01ff010307050402fb09060801fcf3e9f6fd03010102020100f8fc0101
0004030100f2f4f9fc020206060d0a0201100700faecf20705070502fe040303
0502040208030300fdf7f8fc0202060909060ffefa0d07f9f7f0fa0108080902
f4f6fcf8060a0404050406fc00fdfb0005060a0b0d0304fd040b01f9faecffff
f806fd02f2f5f8f901020308050203000203fe0105060f130d0900f9fe01ff02
00fdfcfcfa08ff04eaf9fa0202000408040302040308010104040e0c080000fe
01fe0000fffdfcfd020107f9f3f7f2fbfdfb0305ff02fe010304070504000604
010502040203fcfbfdf7f8fdf6fa0a00faf0effff9fd020102fbfaff0304ff02
fffcfcff03040508080300fff7f7f6f9f6eefbfafbf6ecf8f7fe0002fff8fafc
f7ff03ff09fbff040a0306080606fcfdfdfff8fcf6f2fdf70307eff0f805fd01
fef9fce7f8f3fcfd02fffd0405070301010300fc0605f8fdf0fbff000109fcf0
09faff0001fdf9ebf4f6f4f4f9f4f700ff0303040300030105090a030005feff
04f8f7fbfd01ff0201fdfaf3f8f5f4ebedf3f6f9fb00fcfa040702fbfef80005
fc0204fbfcfc0707fefffe02ffff06000103f9f3fbfefafbfcf5fbf8f8f9fe02
0000000000000000000000000000000002ff00020b0b0c0801ff0902fcfb08ff
0102ff02000202fffe00000001ff0201020bfffe00ff02000102fe02ff01fe01
090503020707000001fe01000301ff0203020912fdf8fff9fc00010409070202
06050b00050600fafef602000102070c0d060e04fefffffffe08fe0c1218160d
02fdf902090a0402020b02fef4f401000103fe02fc0102f8fefafe050505ff07
070603fffbfdfaf8f8fdfdff010b06050101ffff0dfefafafdf6f6fbfcfe0405
f700000103040504fcf8f4f5f4f0eff4f8fc080b0002fb010c0a0602fcf6fb05
06020d05f703040407030302fef9f7f2f7f1f2f4edfaf705f603f8fe050108fc
05f8f4fff9f500fbfd00030506010004fffbfcfafef8f3e9e4ebf2f6f90300fc
f7fafbfa01f3fbfdf2eee8f8f6f9fc01fffcf8fd01050802fd02f8f2efe7eaf7
fdfb04fdfaff02fbfef7f9fff5f3f7f1fafafafdfaf2f3f4f5f9030a0000fcf6
eff3fafe00040406fc01fe02f0fdfd00f2edfdf5fd00fe01fff0f1eeecf3fc01
00fefef9fafc0205050c0a0a0b0800fef3f8fdfef6edf8f80103000100f9f3f2
060905040405020a0703090b0c0b100d0d09020602f6fafd1203f9000c0402ff
110d140c030103040a080f110d060b110d0c0b0b060a05080bf9fdfe0b151207
fcfbfbff0e15190201080802070911120e0c070e15110e04080c080202fdfb01
0e0d040700f7fcf414040bf8ff0607fb030407100f0904070c120d0c060d03fb
0a0a03040505080803faf9ff0ff90803040904ff0706090e100c070807090b0e
0503fdfe0503040003fc040b0f0af8000c0e00030d0a07020a0a050b0d0a0305
010101fcf5fbfcfdfbfdfe0001fb070c080901fe0105050b09040302080700ff
f80201fdf7f5f6f5f3eff2f9f8faf8f7fcfb0007070afd0000f8fa03090704ff
01f0f3fbf7fefbf8f4efeaeef2f2f1f2efeff2f9f8f8f6fafe00ffff01f6f6fd
f30a02fefe060403f7f7fd00fcf8ecf1f1efeaf2f0edf3f8fefbf6fff1fcfeff
0c1412130702feff010303fb00fe09090503f3fffc03fef904fafe0002030204
0c0a05050907fafbff01fefe00fffa100a04090d0505020b0908050a0afffe0a
0000000000000000000000000000000001fe0101fb00fb020c0801fe090f070f
020201fe02ff02fe02010101ff00fefe0100fefd000201fe0102fefeff000101
f8fcfbf9ffff000002010100f9f7f6f5f5fdf9f90303f1f3f6f9faf9fbfdfffe
ecf5efecf1f4fcfd0008feff02fef9fef5f5f0f1f5fbecfbfff6fdf0f9f7f9f5
03030607fffef8fef3f902020a0b010200fa0101fef6f4f7fafbfafdfbf4f4f1
fbfcfe010904060703fcfcf8ff030afe040cffff010afef3f2f8f4f9fdfdfd02
f5eaf900fc06090c06060803060001fdfaf9f4f60901f800fb0003f4eef5f5f7
f8fffbf6f7f4fa040604070706030303ff00fff7f8fef2f90603fe02f9fc03ee
05fe08030205faf3f5fdfcff080c04040600fefc00020002fefffbff05fc03f5
060a0604060007030e0f00f6f8fcfdfd00050a0a0c0704000103ff06030803ff
040301050806080e0907f9030c01fbf2fc01fefd00fd030c0f0d050101050003
110f06f9fbf8fbff04060a12110804030902fbf8fc04000800ff050511130a01
0301060d100f06fafcf7f9ff000203110f0501040efefdf8060307050202060b
010501ff0401090b0c0c0c00fff8f9f7fbf9fd080f0603f7f9fe03f4fb040a06
fffff6f50104fcf8fafd080a0a0e0cfffdfcfdf9f5f2f60005f807f9faff04f3
fa060c01ffffeafaf9fcf9f3f2fa0009070c0802fcff02fbf7f5f2fbfa0d0c05
f5f3eeeaf70c0b0af704f5fcfdf9f7f8f5f8fc0006060a02fcfc00fbf8f1eff2
f3fbf8f7fef5eeedf8fd0c020306f9f5f7fcfcfefdf9fdf9fffffef8fcf8faf2
fcfcfbfcf8fefc0101fef2f6f8f4fe0006fffffefcfcf8fe02f9fd00fafbfcf7
fdfffeff00fcfcfffc0401070403ffff01f908060200fe05fffafc01fffe0003
fcfdff00f9fbfcfe0101fcfb02010207030a0806fafa060500f2f9fbf7f6fffd
01fef801fe03fe00fcfbfcfe00ff0000feff01020b0202f9f6fbfe00fef5faf7
fc08ff01fe00fbfb04fe000200faf7f8faf8f7f90004010405060d0cfe030101
170e04020300feff02fcfdf9faf5ff0503fcfafffc03fe03ff03060e08030b05
02070707090600f9fefe01000200010b0c0a0f0e090c100a05120601050f191a
000000000000000000000000000000000000ff0108121613110e101116180502
01010101010002feff02000200010000fe01fbfffe01fffe0100fe0001010001
f9fafdf8f3fcfefeff00ff00f6f4f2f1f3f6f5f1f6fcfbf8fdfaf6f9fcfcffff
e7e4e5e9eef1f6f9f40bfe010002fbfceeeeecededf2f2eff2eaf1edf0f0f5f5
f4f0f7f8f9efeaececedf2f6000dfe00fff7f8f7f7f7f5f7f7f5f6ece6ded9e2
f8fcfcfe01fcfd0302fdfbf6f5fafcf904010100fb02fbf4f3fefffffaf7f9f5
fafa05ffff020502fe02fe0200fbfbfdfcfefffc04fdf800f9f2fbf3f20000fc
f7fcf7fa06ff04050502010801fffffefcfdfaf7f3f8fafd1103f503f6f8f7f0
03fc05ff0406020601fe02fd0105fd03040303fbfcfe01fff7fefd020c01f8f4
fcfdff00fd0105040b060202fe0402fe040603050d080902fffcff01fcfdfdfa
090a0a090702fffdff09f8070afdfdfbff03ffff0506060a0f0a0609010202ff
0f0903050306090c0907ff030a0f02030603f8fa00070005ff06090f120f080a
ff060a0b0f0800040403080d1008020c080706030907feff090e0b020004090c
fe08070707040f0a080a070200ff04090e060407060007f9f7fd0bf6fc0b0f09
f900faf702040604fd030d0b0806040804ff050a060604040d01fefcf9f203fb
f805fe00fdf9f0f6fd0105fef7fd040605050c0c06030308020201ff0002fd07
f8f4f5f3f903fd0bf8fffcfaf601fefbf6f8fbff0307080903fe0201fefdfffa
f3eeedf5f9fcf3fafcfffa03070af9f5f2f8f9f8f1f0f5f3f8fd04fbfbf4f2f7
fdf7fbfcf7f4f1f6f2f7fbf6f3ff0700050300f3f1f3f2f5f5f5f5f7f6f801f8
f3f8fbfffdf7f8f8f8f7fbfcfaff06f9ebf3f907030304f9f5f9f7f4f3f8fd00
fefd0200f9fefefafc00ff000000ff04010606fff1f5000402f2fefef8f900fa
ff03fcff0201040401020301fc000404020206070804fff3ecf202ff01f80502
0a03fffffe00fbf80605020106fcf3f7fbf6feff08090506040207fcf4000000
0e100d0e020200ff00fefef7fdf701fff5fefaf6f900f6f600000101fdfc0607
000601060704fff90001ff02fffe020f0b080d02fbff0200fe07fff9f8010910
00000000000000000000000000000000ffff01000a10130f10090c0c120f0003
ff00fe02fe0102020001ff010101000202fffbfa010200ff01020200ffff02ff
eff5fafa00fc02feffffff02fffefdfbf8f7fefdf6f6f1f6faf8f6f7f4f400ff
0201f8fc050003060604ff0000ff0200f7f9fc00ff040001f1eaf3f8f5f7fef2
0b0a060b0c0705020c0700ff0f0402fe01f9f9f8f5fa07080303060306fef7fe
06050d0bfe01fc05030604ff0502fefd0cfa0001fd08080afc04040309060b0e
0505ff0205fef7fbfbfbfdfbf8fd030406080803fe020900ff010401ff03fe07
fd0c04fd0209000201fefcfbf5f7f7fafaf801070a08130704f807fdfc0a0501
0108f5fb080e0eff03080407050600fdfaf5f7f9fbfb02fe08080d090804f7ff
fefc030508fff9fd09100bfd010408080d080606fcfcfbfafbf7ff01fd040afc
01020301fffefc0108f8fafa000907fdf3f4f7fe060a0801fdfb0101fcfe0101
fdff0a0e0708030001fffbfa01fffe00fb0500ece6e5e7efff0503fefcf90304
fd07020103050c0d07060401fd0101f5fffafffbf603f0dddee7f0f7fe0101ff
f7f5f9f7f8fd0402050b07060100010100ff0a0200fc030500ffeeececeef8fa
0815060402fffffbf8f8ff060c0b0703fcfbfd0102040b0c0a140305fd0bf7fb
0a0d0600040e0d060d070a0805000203070805fff1f3f6f5010503090b0f06fb
fe050910120a04f1f603fafe0a0b0d0a0c0a060802fcfef2eeebf3f60001030e
fdfffafcf6030f0912fdf6fefff5f6030a080c0b0a06090b01fd02fdfaf4f9fb
fffefbf4fbf8fafaf70101060a05fe02ff08fe0107020603060809030100fcf7
050204020503fefcfbf9f7f9fe00fafeff00fffbfd02fef90a07060903060605
0a080700090301000102010107fcf7f803fff70305ff02fdff0400fd0a0c0504
fe0afffb04000506080700ff050407030a0a06040604081616080101fd0cf9ff
fffefefe02020201030505ff05060005010d0b0b060507090a0801060ffc0002
eeefeef5fc020002000401020a05fefdff04020306040a05010500010503fbfc
f9f6fafcf9fa0704ffff010101fe03f4f8f6f7f5f7fcf4f7f4e2ebf2f6f4eef2
00000000000000000000000000000000fe02fe00f6f4f1f2f4f0efeeefeafafd
fe00fffffffe0001fe0101020002020100fdfaf9010000fe00fffe020000fe01
f2f4fbfbf1f4ff01fefefffefbf7f4f6f7f1f1f1f000f7f6f9f7f4f7f5f5fcff
fefef3f8f8f90307f7f30101ff0200faf7f9f8f9fcfaf8f8e8eef4f6f1f1e8eb
fffbfe0508fef8fcfff6fa030d0400ff0001ff06fef9050e00fbfefbfbfbf7fe
f9f8fbf9fd01060a10090900020202f903fb0001fcfdfc05f9000502ff03fcfc
02fdfff9fcffff000508080b0b090d09040705fc020904010104f8fcf8f7f6f9
0307060706fbf9fefd0103050908090904040706040706fd010b0efeff08ff02
03080b020804151000040003ff08060c0805030203fd0407020203fa0007fdf6
060802030b0601000c0b1606fe030206050b0f0f0802010407030408070800fc
03030407030b0104090bf1ff040f1b06fbfefd060303090e090301ff04030907
080104fe0203ff0201070606060a0002f4130ef7f8fafd0605080b0a0f030300
070a02fffefe020003fffe0207ff020b060002fdf205f4deedf4f8050b0c0404
f8fb0107050705fbfcfaff01ff00fcff05fd000e04fc04fdf6fcf5e6e8f0fd04
f4fef1ff05030606090703faf9f7f8feff01f9fcfdfb020dfdf403fcf8f5f5fb
06fe05fef6f5e70203fefd07090a04f7f7f1fa01fbfaf7fcfafafd08000103fb
fc0002ff0505010cf900e80000fdfc0207050afefbf6fd0200fefcfffffefe04
02fefcfdf700050206030bfdf2fde6f6f5fcff0508050501fdfbfc020a060003
fef9f9f4f7f7fafcf8fd03fefff90bfef8eeef04f8f4ff0307080202fafbfa03
02ff010501f6f8f8f4f4f0f9fbfefcfbf9f700fb00f1fe0300fcff0204030304
0500fc000001050a0504fefef9f6f5f7f7f9f400fef802fa02f10401fbfc0100
0000050a06fafdfffa000705080a03ff0403fbfd000004081200020003030609
0407fefffffbf6fa08050208ffff060909090a02060902040b0e111613030001
0f130f0104fffffeff0000110b060e10110c0b100a070c0c1315120d0e0a1e0f
0b0c06060503faf802ff0001ffffff09060911181016191a13211d151718180d
0000000000000000000000000000000000000200f7050402070a04090e0e0108
02ffff00fffffeffff02ff02ff0002feffff02ffffff00ff000102ff000200ff
fffefe00fffe0000ff0001fefe01fffcfd000805fefffe01fefdff020000fd01
fdff03fbf7f8f902050900000000030403f5f7f5f1eff7f9fc000300f9fd0409
fcfbfefcfdfefff9fffffef9f809fefefffd0bfef4fff1e9f5f1f9fdf6f701fb
fbfdf9fdff030502ff0102fffbf9f9fffe04ff00f4f900f901fff9fd010404fa
fe000103fff7f6f7f902080a0603fbff00020101fdf80600f1f2f7fa030402fb
f9fbf9faff0307040004fd00f8020d0d0a0703fc0400000106fd0a00f7fcf6fa
feff0504070100010a06020504000801050b0e100603030004030003fffe110e
010401fdfc0504010b08fdff0401fd0001080b060913150f030001ff03fd02fa
f8f5fe0008040403fc030d010b0af6fffcfdff0002060b04050b10080503ffff
f2eaedf2eef5f90200fa0204fc050303070bf7fb00fdfdfb01ff00fef9f5f4f4
f7fd02fdf5f8f2f6f6f5f8f3f9f7f8fbf7080902080cff03f7f7fcf7f6fefef9
fbfefefafcfe00fbf9fbf8f8f9f9eceaefeef7f4f509fe01080cff05f7f9f9f5
0f140b03fdfa02faf6fbfcf9f5fb040101f6efe5ebe7f0f7f2fefb0407130401
fbfffb000f19110101fe05f9faf8fcf9f6fb06070503faf3f4f4edf2f901fc01
05fcfd00f7f9fdff1613140702ff04f6f8fbf8faf8fe060b0c0d06fbfaf7f3f4
0d0b0a0b0905ff03fa06020313121007040201fcfbfaf9f9fbfc050807080607
07050c110f0a060703040403010e03fe0a15110103ff0100fffa04ff00040b0a
0304fe020807090d0c080801fcfe0500030a000404110d01fffd02fd02010303
fffe00fdfdfefaff050505050401060303080b00ff08ff08020b100f0502ff03
020806ff0106fef902f8fb0303040609050205ff010603fbef03ffffffff0804
0cf8ffff01060910f9f9fbf7080601fd00090605fffb04f9f8fcfaf4f0040002
04f9f2f1fcfffe010100fefff6f3f2eef900fffffd00fcf9faf4f8fcfdfcf704
030a0509060c080b02ff0102fe01060204fbeff00500fcfa02fe01f8fafaf906
0000000000000000000000000000000000fe020104fff6f502fb04100c041000
00ff00fe02ffff0100000201fffefe02fefe010101fffffffeff01fffffe0101
0100fe0001ffff02fe00fe0002ff0102ff000000000001feff02000201000000
01ffff0101020000ff000102fffefe00fe0001ff010001000000fffeff010002
0100fd01ff0202feff01fffe0202fffe020001feff00fe000200fefe02ff0002
01fdfe0101fefeff02fefe00ff01020302000001fe00ff00fefe020200010001
0002feff0000ff00fefffe01ff000100000100010001000102000100fffe01ff
ff000100000101fe00fffffdffff0000fe00010001000101fe010100ffff02fe
02ff02ff000201fefe0200fe00fdfe01fffffffeffff01fd010200ff01ff00ff
feff00ffff0000fe01fe000100fe01ffff01ff0101ffff0201fefeffff000200
01fefd000001ff0202020001000000fe010001fd00fd010000fdfe00fffe01fe
fffeff00fe0102010000fefeff00ff010002feff0101010000fffd00fd01ffff
fe010100fdfe01020100fffd00ff000202010000010200fffefefd0000fefefe
ff00fe0100feff01fefeff000100fffefffe0001010200fffe0000010000ffff
0101020103fffe0101feff01fffffefe00fd0100fefdfe0100ffffff00000201
0100ff00fffe00fe000100fffefe01000101ff00fe00fefe010200feff02ff02
fd00000000fffffe0101ff00ff00fd000102ff0000000000fffffdfdfe010100
0001010100feff03010102000202fe01020100fe010100ff0101ffff01ff00ff
ff01fe00fffefe00fe00010201ff000200feffff00fefeff010000fefdfffffe
ff0100fefe00fffe00fffe01fe02ff01ff02fe020100010200ff00ff0100ffff
02ff000100010002000101ffff00ffff00010100fefeff02010200fe00fffdfe
fefffefe02ff010101fefe02fffe0101fffd02ff0001fefefe01feff000000fe
ffff01020001fe02fe02ffff00fe010001fffffe00ffff020002ff01ff020201
01fe0001ff00fe00ff01ff0100020200fffffefe0100ffffffff00ff01ff0001
ffff000201fe0101fe010100ff0002fe0201ff020100fe01ff01feff010002fe
000000000000000000000000000000000102ff00ffff00fe0201fefffeff01fe
00ff000100ff0002fefe0001ffff020200040405020001ffffff00fe01020000
0f0802080609fe010200ff02080a070b080f0d0d070011110a080a080a0b0104
0e0a0f0a0607fd0307f800000002fa020b0a0d05ff0506fffb02fd0915120c0f
0603fe01020106000202fa02fef700ffff04fd030101fcf8020503060a0d100c
f9ff020303080c06090a070a01fef3fc01fd00000502faf5f7f7f4f6f90000fe
f4f9faf5f9fd00081016130f110c09090bfffffcff01faff0404fef8f8f9fafa
fff6f8f8ecf1f7f6f7f9f7fe080e1113120e0c0b0303fdfaff07f90101fcfdf6
03010400f9f7f2f2f0f1f6fafcfef9fd0103040912100c10000200fafa080107
040a05ff050d01000df9f7fff1eef4f8fe03fdf6f6fbf500090e0b0802fe0101
f4fd0003040800f7fe060501fffffb02fef6fbfe02070500f1f4f1f0fe010407
00fef4edf2f8fdff0108fc010106fd00faf9fc0e0b00020101070a05fcf4f4f0
00ffff0405fefdf4f904fcf8fa00fbfe060201f803f5fe0c0cfcfdfc01030705
080101fefb02faff04ff00f9ff0603fefefffaf8fefafd0607f7000d0bfff9f9
08f70c1205ff0405fffefaf8fffdfafcff02fcfcffff01f7f9f0fe0309040a0b
fbf9faff06040e0702050203fffbfef8f9f9fe000400fcfcfe0204fcf8f5fd00
03fcfafcf4f8fc0204fe130102030100fcfafff9f8f9fe070b05fe00fd0002fb
0e08fcfdfcfbf900f6fe02faf7020afb04080301fefc01fcf7f4fd090d07ff02
03ff01060606fcfdf8f20101fc0704fefe0002f7fd080201fffd01fefef9fc0a
0002080e0809060a090301f7f6f5fdfbfe0901fefdff0801fb0001fd01000202
f9fbfc01fc04020d0b090b09040600fbfcf9fafb0008fbfb000f0504fefeffff
ffee020b0206020500fe000407090102fefefcfbfcfc01fcf9fbff0103f900fd
0b03ff0201fcff1808030608040a02080b060000f5f7fcfcfefe01fbf80401ff
07040101010202010201050a020b110709070a0506fefafefbfc000304fc0101
030206060201fffa02fefe020101fd07040d0e16160b070a0916080604060a0a
000000000000000000000000000000000001fffff90506030c100509070c050a
0200000002ff020001ff0201fffffe0101070302fe010002fffeff0202000100
0e0c030106080201000000ff0101fc090b040b100a0602fafd030605090a0301
0d11090b0d0b0a101400fe02fe01060a0f060b120a1011110e0d06151a141313
01fbfdfafd030107010d160d1009030102070402f4fb060d0e0907010200020e
04010103fffdfbffff01fafbfaf503080f09ff01fd080201f6f9fefe08070201
fcf8f7fb0000fe00000405fefffffdfbfcff0c120b0209fe0303fa020801ff02
031a09fefafcf9fdfbfdfdff000a000200fdff0503010e180e010fffff130c0a
fff905ff050d0b01fc05ff02fafbfdfb0205fcf6f7fefc01040508170a030301
f0f4feff01fb0400fb090d03ff04ff00f8fafb01fff8ede8e8f1f6f8ff010510
f2e9eaedeaebf0faf8000100f6fd110f03fef9fbfaf7fc0505fefcede6e9ebed
000c131304fcf0f2f3ededf5f5fdfefe0af90801f5f5f5f3fcfbfa0007080a02
f9fafcfbfd020d0f100f0601fefbf6f601f6fa09090202f4e3e5edf1f5faf7fc
f8f801fffe01fbfbfaffff050b0f100dfe02fe030bfcff06070a10fbefe6f8fa
0b0d0e1005fc0706070608fcf5f9faff00ff0101fc03070205050408030c0d08
180405ff0d0a1210030a0d0a0d0c0d00f6f6fefbfaf6f3f5f7fe0c0c120704ff
060d0e0518fe07f100ff02fbfc0308060a0c0a06fff4f9eff4eff3fb02070d0b
0c080804080807020a02f7020ffc01fbfafefffd04050e0f0b0505fffdfdfe03
1016110f0f0a1008080801fe0dfdf6000811fdf8fbfafdf9fd040a1117131410
030300ff0708070d0808040507fefbf705040508050800faffff04fdfd05070a
0205070001fefbff0300ff01040506fcfcf7fc00fe030207000a02fa03080201
fe1204f9030703fcf8f9f1fa0101fd010a0a060100fa040b130cfe00ff0602f7
030402fe020c0708010504f1eff4f2f0fa00fe010206090404fffb050eff0201
f0f4f8f701fe00000200ff02fcfdf8fcfef7f2ebebeceffbf8fa05fb0301f802
fc00fffffe00fffefe0002feff01ffff0101050603fc0001faff04f8f1fdfaf6
00000000000000000000000000000000ff0200ff0102010100fe010100f6f8fd
fe01ff0200020002fefe01fefe00ff02fefefbfeffff02feff0100fffffe0100
0001030c0a01ff00fe00feff0a0b0e13140e07020cfb04151307ffff00020201
f4f8fafe0200fa120f080202fe01fffd0c1512151a0e0c0d04f9ff02ff00ff00
ff0204fdf8f5f2f8f804ff0d0b06010102fe0808080406080b14090202fafafe
05fbfaf2f6f7fbfdfbfafdf9060d0c0708080000f705fefcfefaff0205fefbfc
fafa070e090c0901fdfef7f5f9fafa000c0f0b0e0908f8fef6fbf2f2eaf4fc04
fdf9fff902fc0508070a0d070402fe00f4fbf4f702fd00060801f604fcfc02f6
fafa060408fdfa0500ffff000207090905050604fffcf2f4fffffd01fefb01f5
f5fc0103f40603ff0102050b0005fdfe020005010408040001fff9f0f8000005
04fcfafcfef90007fd0b0203080501070b0702030100ff060a0d07fe02fdfaf3
0c0efef1fdfc00fbfdfd070f090901050b15071a140c080a060902040b110bfe
080303030509fff4f8f8fefcfcff040f0b0603020e090301150c0608070a0904
f1fe080b09060403040402f4fb00fcf9f900fd01040901fafbfafaeffe040907
fdf6e9e7f4f60106030905ff0000fdf8f901000101040600f8f1fef9fbfcebe7
fbf2fdff01f7eaede8efedfafe0402fff7f6f9fcfb02020602070b03f4f4f903
0805fffdeffefb090cfffcf8efeef0fd02080b01faf9fbfbff05040408060500
0206060701fffafaeb060e03020404f4ece6effdff0c0dfffdfffffd04080907
fd0104fffe040001fbfdfffbebef0bfe02030804f0e9eaf9fb060602fdfc0104
f1f8fbf9fbfcff00feff00fe0102fdfaedf0f80305020803f4ebe4e6f4fd04fc
00f5f1ececf4f6f7fe010200f8fcff02020300fcfaf2010501f40806fbefeeef
fff8fdf801fff1edecf2f6fbfffbff01fcfafefffefc02feeff302fe01f8fdff
05070001fffcf7ff00f7f3f3f2f6f9fa030103030001fa00fafd0b00f705fe00
1001fcfa0402ff02fffffe0301ff080605030c0905050205fffc0306fefbfefe
0c0c0a0d0a0afffbfe0101ff010105ff010e141c131319140e18130b0a0d1210
0000000000000000000000000000000002fe0200040d090b0c0d0d1310140709
0200ff02020201ff0101ff0102ffff00fefdf9fa000002fe0000fe0000ffff02
f2f4fdf9faf801fe00fe00fefaf8f5f0f2edf0edeffbf2f7f8f7faf9f5f6fc00
0f0b0303ff00060bfcf6fefe01fefff8f3f3f5f6f4fdf9eae9f3f1fcfaf4f8f4
0606030c0c0a080309fffc0209f80300ff06080201040a080004fdfc0204fc0a
050206070205070d0e0701fcfffbf70507f90102020b161605060600fd040501
0501fc0100fcff04080803020104060500fd00fff9030501060f110604030008
0111100a0601fcf8f9f9fe00060203fdfcfcfe09fdfd0700f7f8f9fdfd0e100a
fa06f8fc0b14180e070202fcfafcfa01fffdfffbfdfafc01fdff02fdfb03f5fb
00fffd0100f8f900f40d150f050402fcfcfbfafeff00050401fdfb00fd0101fc
07030303000403fdf8f3f700f80c11120a00fdfe01fffbf9fafc020b0102fd03
fdfb080b0807ff00030301fdf7fdf8fdf919191105f7f7fc05040503fdfb030c
0504040002020d0a04040304070001f9f4f5fd00ef0802fc00f3fdfd06010001
fafefbfcfb01050404050906030101000703fdf9f4f0fd07fafff6f40400fbff
f90802fb00fcf5f6faffff060405040904010100ff01fafdfafb0203f6f3f8fc
0304fd02f9fa02f901fff6f7f6fefe000200030b0901fdfcf7fbf8fa04fbfffd
03100b0507fbfdf6f4f4eef4fdfb01fbf8fafe02fefbfe030600fcffff02fdfd
fdfdf4fffe0810080dfdf3fef5eeeffb01fb0202fdf8fc020202000304fff7fe
07ff00f4f8fafe0001030e0a0706f6fef6f8f5f802ff06020305fc000203fcf9
03010605080703fcfefc01fffdfbf900fafdfcfcfbf9fdfb040a060904060607
140b080502060604040808040a00fefcfbf2eaff02fefffcfdf804fd0e0e0506
fffa08091b13120a080e050705070504070b0007faf7fb0813030000fd020509
0306000002f7fa0619170b0c080e060e080c080809080b0601fcf9040c00ff02
01fdfe0905fe0200fffe0007170b070aff05050609090c01030a04010704fbf9
fff3fbfc04ffff0202000001fe0100f6faf7fcf6ebf9fffffd01010906fef9ff
00000000000000000000000000000000fe020002f6f1f2f6fafcf2fc02f4f200
ff00ff020001fffe0000ffff000102ff02ff0305ff0201fe01ff000001ff0000
0a0805090a07fffffe02fe01060809080607080b00fd0d0e0a06060909060000
070407fcff00f9fd0801ff0201ff03060a070502fdfd01fd0304ff060c0d120a
ff000405030200ff0103fafbf2f9fe00fefafe01fcfcf9f600fffbfdff020803
080c0701fdff040709060002fcfdf403ff0000fe0cfff8f80302fcfd030502ff
f70105080604ff02ff020406060406010200fd02020000010b06fefe01000704
f8f70bfff70101020100fbfffc02ff030b08050202040302fe01f102fbf7fdf9
0100f8fef7ee07faf8fa04010300ff010000f9fd03040904ff000104fb020307
010a0bfd0a05fbfe06edf7f9fff9fcfe02050201fffafdfffa03010102ff0403
fbfb0102ff0605fefe02fe01fffcfbf9fefc0502010503fff9f3f9f9fbf901fb
efecf1f1f8f80001fa05fe08fe04fcfcfdf6f8fbff050c050604fdfdf2eef6f7
02f8f2edeaf1f0f4f1f9fa00feff060b02feffff04f2f802090b080405faf9f3
070e0c0e06fdf0f1f3f7f7f7f8f6fb000302ff0805eff5f809f900070f100c08
0a0a0a03fb030e1007fef3f2f4f800fefdfe030706fc0105feeefbf708090808
05fcf8ff09121000fb030b0c0904fef7f3f90201060506050001070100f8fdfa
0a01f7fd01faf9010a071df9f9030206090905f9f3f800ff060d070703fffcfa
110d0b090d03ff01040209000b05140000030301090e0b06fdfcfd0407090b0a
0b09080d0c080b05050609080a0e09ff090b06fa02050504050c0b0d0402070b
0808080f0b0d0b0c0a040403010409050d0afefefc080d0505040706090c0c0e
01060206050400080b080e0b08040105ff0007010c0bfeff0106040f0a090606
fef5010a040a0a0401fffefc07080609090201050301fffcff01ff0101f7fd08
fc09010201010b100b08ff06f700fffafefdfd07030404fefefcfcf0eff90201
fb090e0a0000fe00010409fbfcfd0605faf3ece8e9ecf6f901fdf7f1fcfe07fb
f5f5f8ff00fefcfc02fe02fffefeff0e00000407f7f0ebf1ebf601080005fdfc
0000000000000000000000000000000001020102f2fafaff0300f6f3edf1f4f9
fe0002ffff0201ff0101ff0202fe010100fd0909fe02fefffe000101fe000000
0d06030a0a04ff0202000002050c0f0f0f0b0c0bfdf8120f0c04090b080903ff
1a07030b121109f502f6020101000206050604fdf8fbf6f5f906fa11110f0b09
02050706080b0e0e0306090d01f904fe0202fd03090501fdff000107080f0609
0500050603030102ff01050b0e07fe0dfefeffff0f0400fefc020306fffe0308
03fffdfbfcfafcfefcf9fc00feff07050609060b09010902080a0a02fe000002
03fc03010502fefdfe00fefdfdf9fefd02000403090b13160b000b0106f9fdfc
110f0502ff06fffe0504fc0304030204ff000504fe03050008080f181a0e050d
f8f804050b0a0304f600fefe0907080b04020506fc0503fff6f80001fb010b0b
fff8fdf7f8f4f9ff0bfc0d0100f9eefb06090503010806fbf90103fdfaf6f7f9
f8fc0b0d03fffbf5f9f6f7ef01fd07fffbfef7ff020400fefffbfcf8f9ff0804
03020302fffd060a080102faf3fdfaeb010606f9f4f2031d06060300fefd00fd
050102fb04000601010002090c07fefbf8fe01effb0005fd08040e170d05ffff
030515090a0a02ff05010506030505070b080a0102fe00f6000b07fff9091908
011509010208120b0c0406010805070709060606070e0f0b0d03fdfa070e0a02
04020406060d05f317f9fa080e0c080606ff03080104030408040a0c0b01ff0b
fd0305050504070608f900fe01f6f4010c0804010202fe050600040600fe0606
06070102fe0201010a00ff020afe0cfffb02e9f8040a06fefbfc0201050603ff
fffcfdfd030506040500ff000704f5fc0b0b06f9fafaeaf1fd030605fafbfaf8
fb0502fb00fdfbfd02ff0808090300010402fdfc020b00fb000bebe60105f9fb
00f4f2eafafefefd01fefefd01030809070407040a01f802060fff0001fdf1ee
f3fbff01020001f6f6fafcf7fbf7f90702080607080202020104f8fb0400fffe
fcf5f2f8fa0100fffe02fef6f4f0edf1f5f1f800fdfbfaff0402fcff0106f6f8
f5f9fcfafafa0a0bffffff02010100f9fdeeeae8edf8fbf5f0e8f2f5f8f4f3fb
00000000000000000000000000000000feff0202fef5f8fafbfdfbfbf8ee00f7
fefe0001fffe010000fffefe020102ff000003030200010200ffff01fffe00fe
fcfdff01ffffff000001ff00fafafefcfdfffaf9fdfef9fd030101fcfafeff01
03f3edeefbff04fffe09fe0200fffefffbfefd050700faf2f4f4fffdfef6f6fc
0502ffff02fcf6f8fb060806050704ff02f7010712090800ff02fcfc0600faff
05010901ff01030201fcf9f40306060201040201010b080f070600ff0504040b
fffbfd0401fb02fefe01020307fefbfcfeff06f9f808f802fe040d06fa00ff01
ff0602030303000003fcfb0003000403030302fcf6f8f9f7f304f2fefb0304ff
fc02f7fd090e0f04f8ff06fc00fefa03ff0003fc0307080302fef1f3f9fdf401
fff7edeff9f5fefdf304090b00020402fef800fefdfefefaff0205060501edf1
fb03090300fdf6e9ebf4fafdfdf9020110080104fffefbf8f5f5f4fafb030504
04050703000505060001f5eaeafbfd00f909ff070e07050b01fefc00fcfefbfe
05fbff060f0a070a08080a0805f7f2ededf4fb07f2fbf70011090b0d07fefe03
f2f8f6faf8f5000a0b100d0c0a030805fbf0f6f2f2fafff8fcf1f4edff020307
fcfbf0f2f8faedf0f2f701090c100c0b060400fbf3e9eff7fb0803f8faf1f2eb
f60404fef9f4f8f6f9f3f0ececfc020a0a0d0c0d0302f7efecebeaf5f70a06fe
edf2f7fbf5fc06f8f8f9f4fcfcfcfbf2f2fe05080708050702f9f3eeebeae8f4
edf2eef0f3f9fd02fefef203f705fcf8f6f2f2f7fc020707060401fbfff6f2ed
0603fbf3f3f5f5fafefd070aff0901fff9fefbf3f5f6f2f400090a070703f9f1
f3fc02020201fcf8fcfaffff090d100d040a01030400f9f3f4f2f3f302080a08
f3ece9eef6fafe01010001ff02fefe050a0c070b05010202fdf9fcf6f0efeced
01f301fef8f2edf2f3feff05050704000102010a02fe020104fc0201fefefdfd
f40a00fe01fefafc0500f6fdfcfbf801020004020807040605fdfcff0202fe00
02feff0902ff00ff02ff00fe04fbf8ff00030103ff07040001080903fef9fcfa
fef6f9fc00fffbf8010002ff0000000a01fafcfaf50c0d02fe06010805030203
00000000000000000000000000000000ff020101fefafafe0107fc000800f1fe
00fffefefe020002fe01ff0000ff00010101feff00fefeff0001020202000102
f5f7fafafb0001ffff00fffff4f5f3f2f4f0fa02fe06fbf3f9faf6f9fbfafffe
f5f5ebedf4f2f7eef402ff0101fe0102f2f0fafffdfefffffafffbedf4f2f3f4
0d060400fcfcfdfbf9f9fcf5f5060000fef905f8fbf9faffff0511100c07f4ee
14120b0700fcf7f5f4fcfe00000202f8fd0502fef7fbfef5f708030c0e121515
0208090b0e0c05faf2f2fcf9f6fcfafbfa0000f705f80800f1f4fcf900070a09
02f2eef90508090d141208f4ebf2fdff010204ff0305020609fe0e0001f3f3f2
15090001fef6f4effc07050b131709f9eaf10007050809070b06ff061409020c
030004fc0b080203fffbf5ec0003091314150ffae2e9f8fe0502060c010602fe
fcfb00ff02fafefd0405100303f5ede3f905060d131314fdeae6f4fb01ff0103
f3edfb03fdfdfcf9fcf8fbf3ff02060201f5efeced00040a0d0e0dfff0eaf2fb
040908fefcf5f9ff01fefbfef9faf6f4fc0909ff04fbfdfbf50105050b080b03
fbfeff0103030a01faf9fe050200fefbfff9fdfeff0c0500050c0a00fb000201
040c00fefd05fefd0302080201fefefeff01ff02fef8fb0008180401060c0efd
ff1206010111fd0202fe05000302040202ff0001ffff010004fbfa0308160703
02fafd07050d0bf60a0dff0503fafbfafbfdfdfffefd0104fffd020300faff0d
fe030a0905feff030cf60b040402fc0707fef8f7fbfffb01fefefe04fd010702
01000103040304040800ff090ffe0c020106f8fe0500fcfafc01040200010002
02fdfe00fbf9fdfe040502040205000415100904fd02f0fd0701020204ff0101
070b06fefef7f9f9f8fc040206000105090f0c03fe100a03020bf5ff0b080001
fffef9f5feff02fcf9fb00fffefe080606040306100bfef5f010ff0101fffafe
fbfb01feff0307f9f8f9f8f8f7fe0003000307070701fdfd0205fbf9f608fefe
02f9f8feff00feff0000fef2f4ebefeef1f70009050302060302fdffff01f9fc
fcfcfefafcfd0708ffffffff0100010001fbfcf6f2f9f8fc01fafafbf9fbfb04
00000000000000000000000000000000000202010e01060502030b0e00fb09fd
00fffefe00fe0100fe010101fffeff00fe0003020100000100ff01ff00ff0200
0601fe060a04fe01fefeff00050501080d0afeff09050c060505050204060202
fa0c0e08050503020d09010002fffbf90405040a1018161a12030b0302080205
090a0204050605fe00fff9f7fe070002fe01060308090905050e080a09fb0304
060307070505040502fffdf6faf9fbfd010c02fff8080c0a03fe0201090a0a0b
0700fc0204ffff000400fd050304000100f8f7fdffff0700f7000a06fe030909
ff060a03020201fdfcfdfd000301ff020204010a04f7f7f0f8edfbfe000a0f08
fcf6f3f80c08070300fef9fb00fdfbfffdfd0304ff0002060601f9effaf0f7fb
02060505faecf4fcf90e110701fefdf4f5f2f6fafdff0203060403080607fdf6
0503fe0001020b0d02edf3fbff0e0b05fcf5fafbfaf7f1fc060a060907070006
030b0604060104fb0103040808eaf9fc041b1306fceff8fb00fff9010b0e0b06
06fffcfc0509050504ff0501fdfc00fa0ce5f409f80c02eef2f1f9ff0400fffb
f5f3f6fafbfdfe01040b070001000101fc00f3f204f2f8050804f6eeeef3f4ff
fdf706fff4f6f7f5fafefb00040e0c0300f9fffdfbfff2f1fb01fa040509faf8
0dfbfc01fc041005fff9fbf9fcfbfcff010c0d05fdfefbf6f5fcf4f80707fefc
fd00020607fefc050df8f70400fe000200fefdff00070a0400f9f5faf9fcf8fd
f5fbfffdfe070505fc05f30604f5010704ff020803fafdfc01040301fdfaf9f7
05fd01fafc02040203080504fb04fbfff8fb0d0a0a0201040705020304fe03fa
07090a030806fffb02000603080d040903fbfa0607010b040f0c050b090a0804
0c000409050406020401fcfd01ff02000303030b07f6fd06fffe0a0707090a09
01070507110b030803000307030100fdfeff0200fbfa020e0b04000100070509
fe02000201fbf400030303050b0502040300010402000301f8f9ebf10704ff01
faf2f4ff01ff00fefe00fc09080d0809120f100e100a0e0b0404080601fff0f3
05f7f7f4faf8fbf80002fe02ff01fefcf8040103ff080c07080405070a03fdf8
00000000000000000000000000000000fe00fffff7f3edf1fdf8e4fa0400f4fe
0200020200ff00ff010001feff01ff000001ff00fe00fe02ff0201fe01fffe01
02ff02ffff01000000fefffffffeff0101ffffff02fffffe01000100ff010102
0001010000feffff02fe01ff0200ff0100000200ff01020002000200ffff01ff
fefffeff000100020002ff010001010101ff00ff0000feff0202feff0000ff00
ff00fefffefe02fe0001feff01fffeff01fe00ff000000fefeffff01fffefe02
01feff0000ff00fe01ff0001ffffff0000feffffff02000100010201fe02fe02
00ff0202010100fffe010002fe0000ff00fefe00fe00020001fe020000010001
fe01010201020201020100ff0101fe0001fefeff00fefefffe0001fffe0200ff
000201ffffff01fe000102ff01fffe00fffffe0101ff0200ff00ff00fffefe02
fe0102feff01ffff0002ff000202000100fefffe010100fdfe00fe02fffeff01
00fe00ff00fe01fd01010202fe010001fe01ff01fefe01fe00fffd00fe01ff00
01ffff020000fffefefefd00ff010000fe01fe0001ff0101000000fe00000102
00fffffe02fe0201ffffff0000ff0101fe00fe000100010201fffeff01ff0001
fe020101fefefe0102ff0000fefe01ff01feffff02ff02fe02ff0002fe000000
02010200fe02ff0202fffe02ff01fe01fe0001fe0000feff01fffffe0202fe01
01ff0101fe00fe0101fe0001fe02fefffefffe0002fefd00ff000101feff00ff
feffff0100fe01feffff02fefffffeffffff0001fefefe01fffffefd01ff0001
fefffdfd00010000fefefefffeff00ff00fe01fe02ff0100010202fe01ff01ff
fe01fffe0001fefe0100020202ff020202ff00ffff00fe00010201fefffffeff
02feff01fefeffff00ff0000fd01fe010100fffe000101000100000000010101
02fe02fe0000fe0200fffe00feff01fefdfffe0100fffefefe01010201ff0001
fe0000fffe0200000001fffffe02ffff020200fe0001fd01fe01ff02fe01fe01
fffe010001fe02fefffffe02feff010101fe01ff01fffe01ff0000fe02ff0101
fe00fefe00010100ff0102fffffffe00010101020102ff010000010102fffffe
0000000000000000000000000000000002000202fe000001fe02fe00ff01fefe
ff01ffff0102fefe010000000201fffefe000608fe0200010201ff0200ffff00
0b0a06f8f8020001ffffffff09070e0b0f0afcfcfd000102fe090c090a080303
ff0306fe0309fc0df70100ff0001fe000e190a07090e120b0e130b0d0a00020b
01000203030102010700f8fffffbfeff0104fa050f1113050b0c06fffe0002ff
fd0506020003ff06090c080500fbf8f70103020100fe0d0f0e02090502050607
fcf5f2f6000203010101000508030906fdfafefcf90100020201060a02fdfcf9
060b0c00f3fbf7f7fefbff0203fffa010708070905fdfbf0f609f401040b0e07
f8f8fd01fd0206faf1f4f5f3f5f6f5f4f3f2f1f90507070a050a06faf20cfcfc
02030402f2f6ff02060507fdf6f1eef0eeede9eeebe2e3f208060705030503fb
080f130b050707fff5fff3fefd0b0902f5eef1f4f8f1f3f8f6e5e5f50309100a
09fef9030b06080a07030303ff03ff00f90501fdfbfafafd0805040e09fdf503
0b0a040702fafa040909030104ff0807fafcfefcf3fefafaf8030a060c08080c
fc0c080d090a090a00fcf9fb08030106040b0b0f01fbfc07f8f5f9f8ff080f11
fc0002f7fd03020207070a0b01f9fafa00010306030a060d09f8f805faf4f9f7
0303f501f6fc11fbfcf9fefe04010b130c00f8faf7f4f905fe05040607f9fafd
000605fdf8fcfafcf5021902fef7f802fe070a141008fff1f1f2fa02fd05ff01
fcf0f4fffc03fd01f8fdf6fd0609160bfdf9f9fbf70406070a140bfbedf0f601
07050f0dfdf2f9f6f4f502010207fd02fe011007fbfbf9f7f60000060b0f0c05
fe03070507090804fafdfdfbf7fa06000107020100041601fdfdfef8fdff0005
05fa04ff02050304010500fffdfbfdf9fafbf8ff0507fffd00f60a1402000603
02030b0d0d0d0a0600fb0001fefefcfdf7f9fbfdf2f5f8f903fa020100050a17
0702fe010002050d0c0d0e0e0c05fafcfdf8fcfcf9fafaf2f3f9fffb0105ffff
0307030800ff0002fe0002091818180b03110b030c08010100fe00f6faff0507
06fdfefbfe00fe00000200020101fff6fb0005fffafffe000405030511110b02
00000000000000000000000000000000fe010002f5faf9fb01fdf80004fffb04
0100ff0000020102000101fe0102ff00020200010200010002fe0101ff020000
04010200fe08fe0001020000020101030102060a080605040201030504050200
0d0f100604fef8010408020102000403010002080b1112130b070b07090c0909
0a07050c160d13090a0804fdf80afe01fffc05020000fbfd07150f0b07071312
090a08090601ff020503fcf500feff0712100101fc06fef9faf9fa000b0f0b0f
040900020308060506ff01ff0405fdfafe01f9fd05f50701f8000503fe0d0f0e
0501f7f8030702fe030a02060206ff000300fd00fdfbfd00fef605fd05020200
02fffefb0809f9fd0304fd0307060c08fe030605ff0400fc00faf90101f5fc03
fe00fafd02fffefbf50413070903fd020202070400ff04000203030502fdf9fc
faf6f9fafbfffc0603f300f5fa02050b0d04030203050201000103020203fc02
fa0504fdf6fc03fcfcfbfcfa08f6fcfb07101008fefafffd03fff5f3fc0102f9
fdfbf9f0f5020304fcf8050302fcf8f20bf9f90601080efff1eefefdfffcfbf2
f0edf4f0edf8f9f2f905080401fb010404fdf1f201f6f707030907fcf0ecf2fb
07000300f3eef3f1eff5f6fcf6060d0a05fd04080400f9f4f8faf907020d02f9
02f9fd000a09090b02fefdf7f4f1f5fbf5030c07060705ff00fffdf7010000fc
f7f8fafdfef803fd0c0104fc000100fffff5f7f8f6fd050406060301fdf8f9fc
f3f6faf9f7f6f6fdf9fe010610fb06030704020301f9fefbf8f5fafbf5fefefb
06040604fdfcfdfbfffefa04050402fe0910110812110809060a0601fefa00f7
14150e090c130f07050204000804fe0d14100209070c120c1a17161710140c06
150c0b0e0f0f0b0b0d0d0e080c060b0d0e0b11131a100408fd07090e16130e11
010c03041014080808090e11110d10120f0f131409090d11110dfffffffe010a
f4ff00010002060a03060600080e0a0c0c0f0f1106050b07ff00f6fafd010101
f3ecf7f9fd010100ff0101070201f8fb0700080704050c05fdfe04060104eff1
00f7eefcfffffefeff00ffff00fefafaf6feeef801ff0202fbf9000408fdf4f1
0000000000000000000000000000000001020202fef9f1f1f5f1eef4f7faf803
ff02ff00ff02000001ffff01ff0102fe01020404ff0101ff020102ff0001ff00
110d0503080902fefe02ff02080c090d0c10fffa08030605010607080d0c0303
080d150f0d15090b0b0afefe0200fcfe0e110e0b101514151b130f0d0f0e090f
04080504070e0c0c060a0707fc0801fffffef502100c0a040d0b050809020d0b
08040a0700fefefefafdfcfcfdfcff0d0c0e01000b07fbfc05ff07080b05050c
03fdf80100fdfdfefdf8f7fd000000fefdfdf908faf609ff0c10070c07050b0b
0c0b0b01f9f8f8f7fafbfafbfffff9fdfefffe0700f7fd06f9ed00ff110d1711
fbf8f1f6080c03f8f6f6f4fafbf6fffbf9fc0100ffff000205fffd01f9f5f4fd
04fcfe04f9f3f9f6f50403fafaf8faf9faf8fbfe00020100fefb000503010001
00fafff9fffb0508fcf2f9f2fa04f5fefef1f7fbfdfcfc0007060802fefefb01
060c080801fcfefe030001fffef5f8f9fb15040601f4f9fd02fefe0505090807
00fc00070b0c0d0602fafe03ff0301f1fff3f609f7fc040300f9fbfcfdfd0408
fcfaf8f7fcfafd0a0c0f0805fffe0000fd02fcf107f8fc080c02faff02fbf9fd
01ef09fff7f9fbf9fefafc0708130e0601f9fefffe03fef1fe0bfa030a0401fd
0401fe02f8fc150906fefef6fcfef804030c09010302fffdfc05fef2020801f9
fc01010206f601f7f4f504fe050205fd0202fbfe030908030100fefdfefffefb
fe0203fe0102ff03fef6f20409f60f0704ff03050105060402020600f9fbfefb
0e0a0203010808050803fb060604f601010213080f0a03070807070c0b0504fc
0f100d080c0f0a03060a0b080903fb0b0f0f0205070508010b0e0b0f0a110c0b
fafa080d080a0803050103ff030305ff030107100c070608fff205fc00070a0f
fe1002f90204030b0d0c040501fbfe00fafd0300f8fa040a040d0101fd0801f9
f6030100020504fef801fffe0909020101ffff00fffc01fdf6f9eff6f9020201
f7e9f1fdfdff00ff0103fe07040901020206080202010006f8fd0102fcfcecef
fef0f8fafef9faf9fe01000000ff01f6f2fdf6f7f4fd03ff00f5effafdfdf5f9
000000000000000000000000000000000101ff01fff2f1f2f1f0e9f5fceff6fe
01ffff000200020002ff01fffffeffff0505fcfd01000201fe000102fffefffe
fffffefe0201fe02feff0000fff7f3f6f5f7070507fef3f7f5fa00fffffd0100
0405070502010002090affff01000603fcf5030302ff000a0c02050201ff0001
03fffdfe0203fd00030a09fb010b0100fffe07fdf5f9fafb03fcfcfcf5f6000b
faf7fb06090701fef8fafbf4fb0410040b0a02fef6f903ff00fffd020300fc03
070702030500000305050104060902fbfb00040505010cfff5f7f8020d0b0b01
fa06f6f60a0a03090b070b05090d0d0b090c04000100ff0b0c0b0f00fefe0009
0c050b04070df6f80e09fc0509070c030a1010130a0c03020efefd0505091101
0b03fd00fe0d05050d16f9fb0d0afdfcfafe01fb00040004030507060e04ff07
e0e7e6ecfef9fafaf9040a020b150aff0506fdf7f5fafbf5f8f3e9e9f7fdf702
fe06f5dbd4d4d0dae5e5eaecf3fc06030b0b0cfefb01f8f4f9f7f6f3fbf8ddd0
f6f7fbf904110ef6e5ded7cdd1d3dfe1ee0f0b010c0d09fcecf0f7f7f7fdf5f7
f6f9fdfcfdfbf9fa0210150bfff6efe4dfdcdee4ef0c0800050a02fff1eefefa
0c02f8fdf8f7fcf7f900fbf8fd0a16140c0702fef8ede8edef0100fe080af7fa
040205ff0c0401fef7f6fcf900010001000912160d0b0b080b02f6f9f9000802
0d030b0808020a01030a0c06faf9fa0005020206fc040a110e0b0a0d0e070106
03020b0b0c07070901fdf4ff0a141507fcfc0000080304070003060a07090a0d
02040403050000060e08040c0b06f3020911140c07fd03060906090406030402
040703fe000507030000feff0605080d090e0802040b0c070cfc0101050907fe
0301000406ff03050005020201fffefd0108120ffd0d040300030909090206fc
010f050901fdf8fdfdfcff0a0805090604fdfffe0509090bf40f01fffe030a06
11f4fe000005040bf5f7f7f9f6f000feff05010500fc0803fd00000afd0d01ff
03efeff2ff00ff000204fffffcf7eef5f9f4f6fbfafef80201020b0706fbf5fa
180d080b09060607fe0001fefeff060103f5eef2f9fdfef3fdfefaf8fd000302
00000000000000000000000000000000ffff010003f7fcfe01030d090a0c130f
0101fefe00feff01ff0200ff0100fe00fcf9040502ff02ff000000fe0200ffff
0e0903faf508ffff01fffefe0d0e110c0d0efaf4fa02050202090b0c0f0a0502
0506070b0f100903f6f70100fefffcfe070b0604080509060c0d09070d06ff0a
ff000100fc0604090004101209ff0400fe01f7030c0504050704fc010202fffe
07ff03ff04020103fbfdff0408090b12fe0600ff0c00fbfc0308080704fcfe02
04fefe070301040200fffd03030002010100fd0dff07fe020a07020705fd0405
0502fb00feff04020303fefafdfbfb0000ff00fd00ff050dff03ff000bfd0203
0300f6f9fd03faf8f7ff01ff0401faf5f7f9040103000000020106110601f2f4
00fefe05fdf7fffaf800fcf3f8fc03070500fefbfafbfefc01fc02020104030f
0104090403fe02070502f40101f2f1f8fbfbfa040504fdf9fdfdffff0002ff00
0c09010003000404040104040202ff00fef9f1f8fbfcfd010507040503070501
01040911120901f9fbfffe0503070a03fcff0404f6f0fb05090304fcfd050a0e
ff010506090509100c0e03fafdfb0104fe03040204fe07fcf7f0f6fb06050704
f4f5fdf2000502050806080a09110bff01feff060304fffc000f03fbf7effdf4
f7080a00f4f10000fbfefcff05090205060b0b03030005040203fffef60a0805
fd00fcfe040808faf2f9f6ffffffff0006060100050a0a0200ff000503fefdfb
fefbfffcfe00ff0006faf303f903fafbfbf800020407070203050805fbfafbf7
050afffdfdfefdfe0502f6f9fdf7fbfe01f7f7fcfefdfbfb03050606030701fd
03040802060a0702020503090100f8f9faf7030401fef6f7fefefeff01030207
f8fc0102010302020702050207070300fffcfa00fafa0302fff1f4f3f7fdfcfe
01faf7fbfcfb01070709000003ff0100fafc010100fafd0204020101fdf9faf1
f90dff0002fdf9f402fcfe0401f8fa0200fdfefe090a0405070603050706ff02
1117120f02fefefffefdfef7faf3fc02fefaf8f7fd030107081111140c0c1400
faf7faff05fefcf80001010102ffff050c030702f3020701fb0500fd020d1114
0000000000000000000000000000000002ff00010b0c0f0b080603090e01fb00
02fe0000fffffe0000ff00ff0102fe02fdf8fd00020102010101fe02fefefe01
f1f6f8f5eff90001000000fef9f9fdf2f4ebe9f1000bf9f900faf6f8f6f3faff
fffef2fcfbfe0403ef08000102fffdf5f3f7effd05000606060208f9ebe4eaed
0802080204010101fcfd08020b0904fefe0702fff5f506120600090604040003
0201ff00050000fefe0100ff05070cfa01fc0101fe0b0f0cf8030904fd02ff06
fff9fefffb04030703fe01ff03040200000401fb020a0100fe03f8f9f9fcfbff
00030600fff5f5ff0002040405060206030302fdff0402ff04020b00fb04fdff
000606ff01fdfc00f6fcfefcfd0503050905020306020201000000000004fff4
01f9f5f908020501fef8fdf4f7faf6fffd0307040c090502060404070301fa00
0505fd0201fdf5f80510fd0303fa04eff5fcf5fcff0003010905080202000305
03ffff010402fc0102fff801010804060afff7e4eef8f4fefb03060103020304
fd000802fdfcf5f7f7fafd010802fd0d0309070601faeee5f6f7f6fe01050402
fdfe06070200070501fbf6f6f3f8ff0500fe020b030b07f7f5fbf3e9f1f5ff02
f2fff8f8020a080b08040502fdf7f2f6f700fd0401000309ff0604fbf8f9f7f6
03040501f2faecfafafcff080709030201faf3f4fafe000504010104fb090506
0100030106060509e7f9e2f9f8fbfa02080907060b05f3f4f803fe0507000102
f6fc0504020001fd07fe0c01f7efedf7f2f90104090908070d0cf5eafd020302
080e03f0f2fa01030004fbf8fff50a01fbec0100f5f600040d0b05080c11feec
06080408050601fdf1f3f4fdff02fefdfdf4ff0403f0fcfdf9f8fd020c080d0c
f1fcff0504070707080600fcf5eeeef0f2f5fafefbf8040402f1fbf0eff9fe03
0101f7fbf3f7fe0004050806090806fffbf4ece6eff3f7fd0503020000f8fbf6
fd09ff020100f8f70701ff06fd000703030408020602f2eff5fafe08070aff00
0a0a080302fefffe00fcff03050008030805fdffff080d0f09070c04feff0b07
050b07080808020301ffffff0000020c0d0d16120c10141c10130902070d130c
00000000000000000000000000000000020102fe0c1014111310111112110800
fefffe0102fe0002ff0102feff0001ff02050807010200010201feff010200fe
0f0f0703000701fe01ff02010a0b0b0d0c0a06070fff080303090a0d0b0c0204
feff07fe010600fd02fe01ff0001ff040c0a0b09070004091515110a15131011
fe0105060208060500060a02f3ff00ff0103fc09080502fd00f0f1f9fd020301
f5f6fc0201f8f70405090d160e1011100003000009fcf3fd04fe0300fff8f3f6
fefef7f3f9ff060afbeae7f3030608090c0607fcfaf902ff0905fc050aff03f9
0902f7f7f5f9f9fcfb021009fdf2ecf1000c0d0508fefcf9f5ff0300070004ff
faff0802fdf0eae8f3eef2f4fb000e0b07fdf1f1020d0f0202fcfc02f4f80700
faf3f6f8f40901030bfce7eaeff2ecf0f0fc050d0bfbedf1fc010405fef1fbfd
eef7fefff2f1f3fdfdfc050103fefbfbf3f8f5f0f0f5040d12feeee7f2ff0202
070700f4ecf1f4fbf3e7f2fb0603010302e6f2f1f80505f8f0eff9090f07f5e4
fffdfc08080603fef6f5f5f0f1f0fefa060604020ff60804ff0b0c01f7f1f706
0d0a0a0608ff010a0b0b07080201fefcfefafffb05ff00000a030b0d100d1204
090b06050e05050003020205080d11090b02040603fef8f604fcfe01090a0d0b
f603feff0715170407060305040702050a0c0e0a03030a0d080702f6f6fefe02
02f8faff01fcfb05f81d31130a0b08040106fc00070b090905050805040801f5
06fd05ff00f8f7fb06fffeff111c2b100b0109010208030209090a08fffe0508
0709030400fefdfafcf1f1fd03fff9010f13180406040400ff020505080b0705
fbf9ff0200040100fafdfbf6f5f1fcfc02f60005050ffcfa00feffff00050703
ecfcfe00fcf6f6fafbf9fbfaf6fafdfaf6f4fafef9fc0408ff13fff7f9ff0202
fe09f5e7edf7fefaf5f2f60000ff0203fbf4f7f3fdfbf7f6ef0101010003f7ed
0301ffff00060700eff2fbf2edf5fffbfb01fffef7f0f8f5f6f6f8f7f405ff01
03f7f7fcff02fe02020500f8f7f3ebeee1edf7f4f9f7f4f6fef9fcfcfef9fe02
040301fffbfc00040001000000000204fbfaf6efebf3f0f7f9f1f4f2f9fdfffb
00000000000000000000000000000000fe0202ff00ffff00fffc000500f0ff01
020101fefffe020200fe01ffff01fe00ffff0909ff0200fe0101000102fe0100
0001020102010101fffefeffff01080e040af4f7fe050c06010000fffe00feff
f9eeeef6020709060807fffe0102fd02090d16100bfc01f8f7f4fafdf7f2f2ff
f9f6fdf8f9f6f600050c100e0d0802fe01fffefffaf8000906040bf9f5eef2fe
f6fdf8fb0300fbfafbfefdfb05030c10090afefe01f5ecf802fcfafc02fefaf8
0507fffaf7fd02fdfa0001fbfffbfd00fafd0902fffcfa010afbf1070dfefcf3
080cfcfbfe010200fd000a04fe03fcfbfafaf9f8faf7fffe00fff6010605f60c
fdfcf8fd020006fbf1fbfbf5f4fd080403fff7f4fcfbfdfefcf5f7fffd03f800
fceef804faf2ffff02fcf8fdf8fcf6f4f700050a0d04faf6fd01fefcfef6f403
fafaf70300f6f5f3f2f7fefdf6fe0b0401fffaf4f8f801050d0c01fbfbfaf700
060e1a180e09000304f3ecede9fdfb01f7ff07fdfa02fdf8fefe01040b100f08
06040608050b131b1011090e0af9ebe7ecf5fd08f6fa04fffafefcfdff030403
ebeef4ff0608070703060f1711121208fef3efeff6ff02fafcf4f6f2eef1fafb
fd03edebedf2f8f4000c0b05feff071214160bfbeae9f102fb0500f7fdeeeeee
060207fef8eeececeeecf9f2f7060906fcfe03091005f5eee1deed00fd0aff02
e8edf0fd0cfb07f5f7fafbfcf8f3fbf0f2fefe02fffffffdfaf5e3dde8e2e8fb
f3e6e9eaf2f7010211fef6060908fefffbfdfff0ebf8fcfdfb0101fbf5e8e5e3
fd01fefcf9f5f8f9fa05090c171007ff09030401fdfafcf4eef6f70301ff00fd
f5fef9fcfffbf8fdf906050901061311141000050a070401fcfdf5f4f7fdfc00
01fbfafefe00fcf5fafaf9fdfe080b0904050b090810020800010b03fef9f5f6
fe10fffff9f7f7fcfe03fcf7f3fcfb0506090b0d07050c08070001ff010bf4f6
fe030100ff0c0d040e080a0c070b03f6f700fbf8fc06090a0b010d100400fefe
fc030c0d0401ff0201fe03000d0b03070002fefffbfbf6f5f8f80507fefb0f04
02f7fa000301fdf900fffeff02fefd00f8f9fc04040a0d080707fcfc0002fcf7
0000000000000000000000000000000000feff0201fafdfb070900000d03f603
fe010000010102ff00fefe02ffff00ffff02fdfefe0001ff020201fe0001ff02
f7fafffff60001ffff000202f9f6fefaf7faf9f1f4f6eef5f3f1f2f8faf7feff
1814111204fdfe0c020302ff0002fcfb02ff02040605fcf9f0ebecff080c0c02
fdfafafc02f9fdfafcfdf9f90b0802ffff0a040d02040a0c02fbf5f500fef90e
fafdfafdf9faf8f1f7f6f9faf6fb010009f4fe0102070e11060b0803040801f8
040803000001fe00000201fe01030a08fefdfe060f15090204080c09070800fe
0e0c0b070206050a0b080a07050a0a0d0b090b0d040100040e130a0009101815
00010803060aff050309060807090b0a0e0f0c0e0e0c090c060205fd000207f6
0b0e1104070105040bf701fdfa06fbfd000303080b100d0f0d0b0c0c0a090806
0501000204090b07020805020800fae3e9f7f3f7f6f7fbfeff050e070a060908
fffaf4f6f6f8f5fffafe030602010403000500dee7eaebf4fa03fffbf9f9fe02
07090805fffff8f2eff3eff3f2f8f3f5ff0202fbfbfefddae7e9eefd020e0302
00fb02090d0707020000faf5f3f4f4f0edf0e6f4010b0406f7f8fef2e9e7fb09
04fbf10505030a0d050804fd00fdfcf9f6faf4eeeff4f1f7fe020007f9fefbff
01fc020207faec01f90208080c0806fdfdf7fefcf9f8f7fcfef9faf3fa030102
03fffe000a010406f90805f9f4ff040404090bfefcf7f7fbfaf8fb0201fffcf7
fe000003fc0001080d0d07fef80df7f3f30006030103090302fbf8f3fcfcf905
0104050304010504ff00030208030000f8fceeeef6f7000100fdfffe01060002
fcfafb020002080a05040203fef7fafaf8fdfff903fff0f0f7f2fbfaf9f8ffff
fb04fafd00fd02050001ff0501000101fffaf9fdfefbfef8fff9f8faf9fffcfb
00fef5fefdfcfbfcfafe00fc01fbf7f90102fefa050f0f0e0b05fe0001f4f1f8
0bfaff00fff9f8ff01ff01fbf6f500fcfefdfcf6fbfcff02090f181c13050100
fffaf7f5fd02ff01fffdfd110b0a06010802050b0602060b060409090c0a0a0b
040d09090208060affff00fe000204ff010306091609090f0f0f100204080501
000000000000000000000000000000000101ff0107fcfe0406061103fe081205
ff0101ff0001ff00ffff01000001010101030303ff000000ff020001ffff01ff
0908030706090202000001010204060b0d040d1207fb090c0503070907070000
181215150d0b0bfd06f601fefefe06080e0a1107fe060300fe0503141b161311
060b05090f09101313140f0408f60000ff03020a01050404070e08070b111417
0b07080502050b0a0b09010707f9f6ff010001fe0f1002fcf6f9f6fbfe090603
fa000207070e0c0f0d0f0b030103060401fbf5f9fefe05020d0f1700fafeff0a
08fafdf9f30000000306060a0e0d050101fbfd03fffef7fcfafe07fd080104fb
0001faff01fefbf5fe0201ff01ff00090201fef9fafafb04fcfefbfefafafe04
ff00fdf301fdff00fafa00f702ffff0704fdfcfff7f8fa00fbfefefdfdfefefd
fffcfd03fefefdfdfbf7fcfdf6f9fe0009feff030006fdfaeef4f5fa0000fcfa
fe0300f8fe0300fffbfdf601fffefafff5f5050c0c000405020200fdf4fafbf6
05faf8fcfb010400f80101fdfaf4fdff09f1fcfdfaf6f9fd07ffff0604fdfefb
f3000303fbfbfafcff0006fefdfbfdfbf9f8f7fd01f3fdfa05f8f6fbff020202
07040001fbff0403fffff9fffefdfe0000fcfcfffb0002fefbf102f80507f9f1
02fa01fe09020901fd02fbfbfdfffefefcfe00040402fefdfdfe030201fc0401
0306fefdfcf8010206fd06f8f9f9f6f9fcf800fffefbfdff0100fb00fe00fdfc
fc0300ff04010000fafefbfc04fc0afbf9fefaf7fcfc040201f7f8fcff04fe01
06070500ff01030304030b0204040201020300f9f8f9fcfaff01010302fd01ff
030209090a0d0f08060306050802fd00071206f9fb01fefafcfbfffefd040002
0400fc030204080a0a0b100d0f0909080501fafc0c11fefc000702fc0805fe03
02f0001012120d08050a0404030506090a090309000001021609000102f40108
f807010000fc040f07080905030d0b0a0a0606050103ff020100fc0007fb0101
06080e01040001000201030604020606060505070605040407090304030701f6
03f9fbf6f8fefefa00000201ff00fc0201010305fc0002fdfe0d0c0c0e0b0502
000000000000000000000000000000000001fe01fc01fefe00fdfcf9fa07fa03
00fe000100ff01ffff01fe0201fe0101fffc0505fe00ff0000ff0102fe000101
0c0a0401f70401ff02fffefe080e0d090d0900f902fe0b0c07090b0c0c0a0002
040a09060507000f01f602fe0101fbfe0f1108060e070d090b0904040702010b
05040101030c070003faf603fcf5fefe0205fa00070b0a090d06030609080b06
08040700fa01fcfbfb0600f7f5efee000705fe000afeff0914090d0c0f0c0a09
0b04fbfdfdf7f1f0f6f8f6fbf7fafbfcfaf3f805000706ff0c0c0710120d0a0c
06110c0601fcfbfaf9f7faf3f4faf9fd01fdfc0100f0f5fefffdfd0007111014
f9fff2fc01070b04fcf8fe03fbfcfff6f4f701010402fffb03f9f2f4fbfcf50b
02f8f9f9fef4fdfef3ff0a0afdf9feff000200fdf5f6fdff03ffff0206f8f1f6
faff000004fff8f3f7f602fdf003080efbf1f9fafbff04fefaf8fe03ffff0005
faf70203030604000303f8eff2f3ff01f8030a05feeff5f1fdfe01fffaf4f8ff
fffe01ff01fd0205010206060804fbf1f5f60006f2f7fe01f7f3f8f5fafafeff
0503fffffdfdfc00ff04040703010304060001fa06030107fdf4f7fe07fdfbfd
f6f60a04030202fffefdfdfefe05040902ff050303fdfd020010fb05fbf10004
fff9f8fff5f41306080206fefe02fbfe0306030407fe0101fe0001fc0303fafa
0304040101f6f9f5f3ecf9f804030a0202060201010401ff06020006020001fb
100c0704050806010501f108f7eafe0304fc0603020300070506070a03010103
090c090e13111307050001040208fbfffcf905fd04030603050800070b080809
05090a040b0e0d0f120f0d08050000020503f80a0501fef6010605050a0f0809
fcfefffc0a03060307030904090502fdfafa050a04fefe08fd0901f3fe090004
fe1005f8f8faf8fa02fe0001fffcfdfcfbfcf9fef4fd060e04070101ff1001f5
02ff0002ff020400fdfff7f7fbfdfcfafdf9f9faf6f3fdf5f1f0f5fd0105ffff
ebeceffbff02ffff000103010303f3f5f6f4f3f6fbf0f8f6f0edf1edeeefedf7
fff3f9fbfafbfefe0202010201fffff9fdfff8f4f1f6fafcfdf2f6f9f6ece8ec
0000000000000000000000000000000000ffff02fcf6f5f9f9faf503feedfc04
01fe02000002fefe010000000102feff02fffdfc0001000100fefe01fefeffff
f4f7fdf9f80000fe02000100f8f8f9f5f7f4f4f1f3fff5f4f7faf6f7f7f5feff
eee5e0e4e6f3fff0fb0afe02ff0200fbf6f3f0f2f3f9fefcf5ece7e5e7e9eff0
fbfefcfcfbf6eef3f4f803060c0f030001fafdf4f7f5fb0102040301fbf1e4e9
fdff04070504fe070202ff00020309000302000000060807f5fdfffe02fefc02
03fe02fffffe04050001020207050904ff0402000c060701fffe07fffefcfafa
f601f9fb0001020704fe0001fdfb020100020504030606080f0d1303fcfffdfd
08080a02f4fa01f70105020603060401fffb00ff01ff0403080707090d0705f6
040203010b0a0402f7fef7ec020807080607050604030403fdfa0005040a0706
05030301020003040d0aff0101f2fbecf90303090a03020403fb010201fefeff
0b0301040207040204ff04fd0b06050009f8fdecf0fefa04090302060600fd04
fe04060808070100070404010002fffd070c04f70b0600f6f4fafdff05030209
00fe000204030809080a0200ff030201fdfcfffe0c0e07f8fd0f0bfcf1f90101
040dfafc0808020605000a09110d05f9fd000302fd01fbfd110d05f9fbfe08fd
010f0600fc04f60907030407030306080d0d0dfff2f6fefe02fffafc060d0c04
fafe000309110706f8080107040002ff0001040706070afcf0ebf2f8fffcf903
edf1eef2f7f6fc020d0005faf809fc00fcff03fcfcfc0002000000f3f2efeff4
0503fcf6f3eff3f6f6f8f7010bfdfdfffafcf7fcfcf800f8fdfc00020302fcee
fefe000205020101fdf9fbfcfaf9f9ff020002fbfdfcf2fdfefafdfcf9fafd02
ff01ff0004fe00fe04040106080201010500ff01f80002fbfef4f9fbfffffefa
fe0503fdf9fb04010102fafa00000507090a04020e08ff09070dfe0000fe0302
fffaffff01fb03f1fcff01fffdf5fefeff0503020f0603070f0f0b120f09ff01
08fefbf8fa01020202fdfaf0f4f3f7f8fcfefc010109090e0d0c090a0d0d0b0b
fe0203fffafd060afe020100000005ff040500f8feffff0300ff04fcff040407
0000000000000000000000000000000002fffe000c0c1007ffff0cfffdfd09fb
ff0202feff0001feffff01ff0200000001fe000002fe0100fe00ff0102fefe01
07fe0304ff01010202ff02feff000001ff00fd0002010401ffff010100020101
02100b040300fb0b0100ff02ffff0000fefbf90c0b0b04e3ebf9faf7f3fcfa02
07fbfbfe030b03ff0405fe030a07fe00fe00f809f9fd05080803fefefeff0c0b
09070602fdfe060103080affff050ff4feff0100020f130f0c1109fe02060205
070c0b0f0d0e0c0b060605020507070b090608fef3fc0501ff0507040b0e0509
12171606f6fe060e0e0e0c12090d060505090908090605f8f6f506020f11150f
f905fe000117fff8f8fdfefffefefd0305080607060307050301fef9f8fb00ff
050203020703ff000a09f2f9f2faf1ebe9e9e4e6eaf402090804070905060001
f7fdfcf8f8ff04fffaf7fdfd0814f3dfe2e5e4e3e2e6e5e3dfe5fe01fffd0508
fefafeff0002fffef9010102f9fdfafcfc05e8dee5e6e7eaeffbfef8f0ebf5f8
00fefffe0101fe06000100fb01fbfc06faf3fd00fdfae6e9fefcf6fcfe040100
0e060200fafffbfe050600ffff01020700f9f305ebf4ff08f9f1e9010a040301
ff05fb1010040500fdfcfb010300000302080505fef2eeecf6fb0409fbf4f40b
170703010007000e0a0c07fcfefdf6fd040406040a0800f8f1eaeae4fb0805fe
e3e0edff1403fb00fc00ff04090502fd0301f3f2fdfafcfb00faeef2efe5e5ed
e3dbdae3e5ecf405090ff602f4f107040606090704fffcf9f7e9d9dadfdddfe3
0cfffef8f6f5f7f4f3f5fe030908fbfef7ee0e0c0302080b01000306feecdddc
0b06030f100e0f100904ff0d0906080b0afef9fe00fa0a0a040504090806080f
0403051109040609070d0e0e160d080c060a0d0d0bf9f8fe02f60808ff010b0c
02f700fbfdffff0b03000604090a0c0d10110a06070b0a100e0501ff01f500ff
070502000201f7f2f2000205fc040a02090b0b0e0e0f10111715090f0ff8ff02
fd010506fe00fe0100fe0705031006ff01f9030005030e120c1317181c1a1306
f3f3f9fc000101ffff0001ff0200fffe0a0c090a06fef2f602090a01010b05f5
0000000000000000000000000000000002020002fef8f8f3f6f6f7f4f8f4f0f5
00feff0200ff0202ff00fffffffeffff0309060301fefefffe02fffeff0101fe
fffdff060601010201000000ff02f8fdfdfe0c0b0403fdf5f7fdff0302040000
06070a0b00fd02f2050cff0001010103fe000300fa00fc0201070b09020001fd
130f0f0a0f07080b0b070000060f05fe01ff06fdf3f4f9fdfd020b0f0c13120b
ff0507111513150a06080709040a0709ff00ff00f9fbf0e6ecfcf4fe03060a0f
f4ff04ff06100e141415110b060a0603ff070f040b030702f7f3f2ecfa02fbf8
fbf2eae9f60001090e111217110d090706060305030603fe050c1202f9f0ece7
fefd0a02fef4e1e4f906020b0f120e130a02f6f6f7fa0305fbf5f4f7fdfd0f0c
f0f6f2f201080300faece7e4fa07040d0f0d0f0a04f2e8ececf3f7fdfbf7f1f1
f5f1edf2f1eeeaecf9fa0903fef6f3e5fb0a0c0f0d090806fceee4e1e9e8ecf4
f8f4ecf5ff00faf9f7f4ebecf1f8ff01fef3faecf70b13130d0601faf6ece8eb
0700fffdf9fcfafc0004020501fcf9f4f800fefa00f2f1edf0fe040f0903fefc
f0fbfdfe010100000502fffefc0002060b0804010105fffafffdf5eee6fa0305
030ff5f2f4f7fdf8f9fd000406fcfaf9fefefe000a09080800fd05f9070af5f3
00fa0afe060bfcfcf4fdfaf0f7f9030301fafbfafbfd0201fe01070b00030aff
fcf7ff000201080c0a1309fbf1f8f5eef8f8010201fafcfaf8fbfffdf8f90009
01050504fffdfcfcfa0106fb0d0e0dfef9faf5f8fefe0005fffcfcf8f700fffe
01060707080504010202fe0006000aff060c0905fef1f5fcfdfc000301000408
0500010a020605090607ffff0001fbff0b1507fafb080204fef4faff00fbfe02
0904fdfbfcfd02080408030507070808010403ff001901fa010d090807fffefc
fef8ff0b090701fffdfdfefbfaff0202090503020907fdfe020eff0200f6030c
02000002fe000c0d06ff08fef6fbfffafaff01020004000202060e160f0c0201
0efdf8f5020200fffe02010203fd0304f8f9fcf9f9ff000d0b050d110a030a08
060e0b0f0a0d0408ff000202fefe0501fe02020806090e0e08130c0008161414
00000000000000000000000000000000020101ff01ff000204060809080d0d04
feff0201000101fffe000000fefe02020100060401fffffe02020101ff00fe01
0b090403ff080002010100ff06080a0c0b0a090a00fd0d0c09070509090b0100
04fe0003090b05ff00f80001feff03050c090e08000106030712021418140e0c
f5fcff060304070e05080903fcf6fffe0005fafbfffdfdfb03fefdfffb0002fe
fefaf8faf9fcfe010505030d0801000f02fb02fe100afcf5f0f1f9fffdf7fbfa
fdfd01f8f6fd0508060501fefffe05020802f10602f4f9020d0a06fdfaf7fbfd
07fe00fe010102f9f9f9ff040f0908fff7f6fbfefc02f80506fefbfe0802fff8
05fcfefcf6080704fefafdf9f8f6fa030a0e0900fcfef9fefc00030a00fdfcfd
010507fb02fafdfefd020200fffbf7fefdfcfd00080b0a06000300fbfdfe04fe
04040303030406fdfcfbf90002fbf9f2f0f3f6fc030900fdfaff01070603fefe
07fffefdfefeff00ff010306fffffbfffbf8edebe8f4000a0b0c0903ffff0007
0c0d0c120e0402faf9faf9f7f9fd000400f7fbfcf9ece6ebf8f905060d100f0e
fffafafe0209050a0c060902fbfaf5eff5faf6fc03f2fbfb0cf4edf000040105
0d0208faf6f1f1f8fcfd01080c0c0b0508fdfaf3f3f2f2f801ecfdfb0a1002f5
04030200090513fdf7f0edf5f5f6fb06050c07070d0700faf3f1f4fe0301060a
f3f2eaf3fffc01090d0416fcf5eff1f6faf3f70003050708080b06fdeeeaebf7
060c03fcf9f3f0f6f1faf8fb09010efaf6f5f8f9fef9fafcfe040706060b04fb
0102ff050305fdfcfdf3edf3f5fd00fe060c01fcfbfbf8fdfbfdfc00ff010305
fffafe01ff0504030502fdfdf5f4f0f1f2fa00fbf803ff04fcfd00fefbfbfafe
fc030802fd03f90000030406020200fdf8f9f9f5f706fafbfefffcfa02fdffff
00f1fc00080c0e0a0a0a00fcfd00030303fffd01fff8f2f1f4fcfefefefafbfd
fd0801fefefd0603050409080303fd0300fdfafdfefcf80303fef9faf6ff0002
10130e0c02feff0001fe00f6f9f40104fafafffdfc06fefe0201fd05030607ff
fffc00060705f5f7ff01ff02fefefd030602090a020606fffd090202030a0e12
00000000000000000000000000000000ff000202ff090b0a090601090c0efa03
fffefffffeff0102fe02010100feff0201010300ff0100fefffe0101feffff00
f5f4f808090001fefeff0000fbf8fbf8f4f807080400010202fdf7f1f7f8fdff
fdf8f4f6f2f0f80109fe000001ff0703f4f2f3f1f1eeece9e2e6f0fbf8f7fcf7
fafcf8f7f9f5f9f800f8f3f400f8fffefe0a0a01f9f8fbfcf2f4fbf9f4f2effc
f8fc010101060a0606ff02050402fdf2fff80000ff0c0501f8faf6f7f7fefdf7
fb0301fe08090a04090d0f0e0b0b0807010605fb090af702fa0504efedf8f9fa
01fa05060a040203080e0b0706040b0b060c0b080406f5f50b100001fbfefff4
08010a0608000a111108060a0410090b06080307040a090d060bfaf204020e0d
070d0b06070a08020b0a15100e08040605080b090607070707090705030b05f8
0501fc06090d0609080d0d040c14130d0b0f07020004060b020b0a0705030606
fafbff0001fdfeff0506090b0d060602fe140e0a090a050700fe01fdfe040b06
0605f3f1f8fafa000002fafb00fd04090e090101fc0ffb01050302060902fbf4
040301050805f6e9f5f7fbfc0200fafcfffcff02040901020503fcfffe040207
0a03fd10070705070506faeefbfbf8f9fd00fdfafcf9ff04fdf6fd03040aff07
01f4f7ff0e08f50303030609020108fdfcfbf7faf9fdfcfffdf8fb08fcf7fa05
fe030002f6fff8080b0afc06ff010003fcfe080600f9fbfdfbfafffbfc01ff08
fefbf902fd0003fef3030bfefc03f203ff05fdfdfe02040401fef8f902fcfaff
fafa00fcfcfcfc04fc030e02f4ff070000fef6010204ff01030504fffdff0001
fbf9fbfaf8f7f7fcfbfafcfe020a0902f7f6fcfc01fafafffbfcf8fe02fc01fc
07fff1eef5f8fdfdfc00fe010000050a110ffffbfbfdfcfb010cfffffef3f3f7
fef0020d0400efeff4f9ff02030305060b0d0908130c0205fff7fffe02ff0209
0efefffefff4f20afef6f30104020001060a0e0b06010006070712120905fe01
06faf9f80402ff0000fffd0a01040b0913060a10080604050d09fafc00ff0106
0a11060b0b080208fe0101020002050607100e171b0f0d0a0713120a08060b08
0000000000000000000000000000000000ff02000c0a0908090f0d0705111108
01ff000002fe00fe01fefe01000002fe010002020100020102ffffff01000101
010200fdff00fffffe01ff010204fdfcfefcfcfaf901fe000203ffff030201ff
eef7fff5f5f8f5fe0208fefe02ff050105f8f5f2f705fbf7f9faf4f5f9fc0408
f4f3efedf0f5fbfffefcf2f9fe0c01fe020609040a0e0afaf7eee5e6e9e3eaec
020200fdf7fc010601f9fd04fef9f9f8fa0100fef907190f0c0d0c08020204fb
04030908070201fafe0203080400000202020601faf9fdfefa01160805080707
00070906080b0c07090c0002fffbfffffdfe00050701070406010502020b1506
06010a040c0701050f04040b08020202fffefffffb0001080a07090d070509f3
0a0c131200000403040e0a05070303fffd04060202030603fffd000907090e0f
0e0a100d120e1312fefbfe0103100207fbff01fdfefdfdffff04090a090a090c
f1edf1fe01060d0e1109120dfcfd0802010902fdfefd00fdfcf7f8fdf7fc020d
faf8f7f4f5f6efe9f6fa0907050509faf70404fcff1004fcf8f4fb00fcf9f8f6
f3fdf8fcfaf9f9f9fdfdf4e3e5f1f5fbf702fbf4fa0cfc08040bfdf8f1fbfdfd
0c03f9f5fffcf9f5faf8f5faffff03f6e6e4ecedecf1eeecfd03fd080405f7e7
0002fcff0c0b09f3fffe01f8fcfb010504060206f8e8e2dce3e6e1e4fafffb03
ece7ea01fd0500000f070f00fd01fefafb020305060a0c0f0cf8e9e1e2dee3ef
0d0a0701fbeef0fbf60004fd0b0c0104fafcf6f4fa00010108090e120a06fef0
0905060b0d09050402fcf8f4fa06fefe010a03fefcf5f5f6f9000402070b0e11
04070a040709050507030700fffff8f8ff07fdfcf80108fefcfbf8fa01030903
00f8faff01080404060b090501fe050303ff03fffa00fbf9ff04020000fd01ff
00f509050a04ffff0a060406090709050000070202040803f4fa02ff00f907fe
0cf6020000ff041402040409150f03020507050905fd00fcf7f9f5f5f8050100
00f4eef2fe0001010001fdfaf60302010d0f0e020807ff0402faf6fa0000f1fe
030e0b0d080b050b01020000fe0104f90400fd001003fcfafcfc04fe00f7f904
00000000000000000000000000000000ff00ff0101fdfafd01f90bfffd0a1a08
