0000000000000000000000000000000000000000000000000000000000000000
0000000000000000000000000000000000000000000000000000000000000000
0000000000000000000000000000000000000000000000000000000000000000
0000000000000000000000000000000000000000000000000000000000000000
0000000000000000000000000000000000000000000000000000000000000000
0000000000000000000000000000000000000000000000000000000000000000
00000000000000000000000000000000243c979fb95400000000000000000000
0000000000000000000034aac6c6c6c6c6c6c6c6f1fefefefede000000000000
00000000000000000000000000008cfefee5fafefefee1fee3a3724872430000
0000000000000000000000000000000000006afeec153b4343430e4211000000
0000000000000000000000000000000000000000000012d1fd53000000000000
eefe8100000000000000000000000000000000000000000000000053ffe91600
000000003efef93b00000000000000000000000000000000000000000000002c
000000000000000005bbfe850000000000000000000000000000000000000000
000000000000000000000000003af8cd09000000000000000000000000000000
000000000000000000000000000000000000b6fe7e0000000000000000000000
0000000000000000000000000000000000000000000039f0fb4b000000000000
dbfecb030000000000000000000000000000000000000000000000a6fedd1300
000000004dfefe26000000000000000000000000000000000000000000000023
00000000000000000173fee01f00000000000000000000000000000000000000
0000000000000000000000000034fefe85000000000000000000000000000000
000000000000000000000000000000000034fefef23d00000000000000000000
00000000000000000000000000000000000000000028dbfefe79000000000000
000000000000000000000000000000000000000000000000000012cffe790000
0000000000000000000000000000000000000000000000000000000000000000
0000000000000000000000000000000000000000000000000000000000000000
0000000000000000000000000000000000000000000000000000000000000000
7d74000000000000000000000000000000000000000000000000000000000000
fdfdfdfdfdfda900000000000000000000000000000000000000005d96ffffab
00007afdfdb08ed5fdfdfda90000000000000000000000000000000000001eda
0000000000008cfdce06000c20d2fdfa34000000000000000000000000000000
0000000000000000000041fdf87a00000019d2fb4d0000000000000000000000
000000000000000000000000000041fdfdd100000000121f0000000000000000
0000000000000000000000000000000000000ac6fdf775000000000000000000
00000000000000000000000000000000000000000000003fe7fdf74c00000000
0c9ffdf6b0000000000000000000000000000000000000000000000090fdfd80
000000000023e9fdea1900000000000000000000000000000000000000000000
000000000000000000008dfdfdc6000000000000000000000000000000000000
00000000000000000000000000000cbdfdf84e00000000000000000000000000
000000000000000000000000000000000000008dfdfdc8130000000000000000
00000000000000000000000000000000000000000000000cadfdfd8600000000
2bfdfdf800000000000000000000000000000000000000000000000019fdfdf8
fdfdfdfdfdfdfdf80000000000000000000a9396969625141405000514141414
fdfdfdfdfdfdfdfdfdfdfdae0000000000000000007bfdfdfdfdfdfdfda68fa8
000000297b7b9bfdfdfda67b7b7b7600000000000000000000397575a9f7f7f9
0000000000000000000000000000000000000000000000000000000000000000
0000000000000000000000000000000000000000000000000000000000000000
0000000000000000000000000000000000000000000000000000000000000000
0000000000000000000000000000000000000000000000000000000000000000
0000000000000000000000000000000000000000000000000000000000000000
0000000000000000000000000000000000000000000000000000000000000000
0000000000000000000000000000000000000000000000000000000000000000
0000000000000000000000000000000000000000000000000000000000000000
0000000000000000000000000000000000000000000000000000000000000000
0052fc57000000000000000000000000000000000000000000000000006dfe26
000000000000f187000000000000000000000000000000000000000000000000
0000000000000000000096f42d00000000000000000000000000000000000000
00000000000000000000000000003ffe54000000000000000000000000000000
0000000000000000000000000000000000000bdfca0000000000000000000000
0000000000000000000000000000000000000000000000d8fe20000000000000
fe8c00000000000000000000000000000000000000000000000000c3fe5f0000
00000008cded390000000000000000000000000000000000000000000000004d
0000000000000000a5ff7c000000000000000000000000000000000000000000
00000000000000000000000051feab0000000000000000000000000000000000
0000000000000000000000000000000000d7e818000000000000000000000000
0000000000000000000000000000000000000000009ffe780000000000000000
000000000000000000000000000000000000000000000000008efe9700000000
0042fefb3d00000000000000000000000000000000000000000000000042fee4
000000000003cdfe8d0000000000000000000000000000000000000000000000
0000000000000000000079fed70a000000000000000000000000000000000000
00000000000000000000000000000ab0c6050000000000000000000000000000
0000000000000000000000000000000000000000000000000000000000000000
0000000000000000000000000000000000000000000000000000000000000000
0000000000000000000000000000000000000000000000000000000000000000
0000000000000000000000000000000000000000000000000000000000000000
0000000000000000000000000000000000000000000000000000000000000000
0000000000000000000000000000000000000000000000000000000000000000
0000000000000000000000000000000000000000000000000000000000000000
cafd960b00000000000000000000000000000000000000000000000000000000
0000006bfdfbfb2500000000000000000000000000000000000000000000001f
000000000000006bfdfbfbc51500000000000000000000000000000000000000
0000000000000000003e6da9fdfbfbfbbe6e0000000000000000000000000000
00000000000000000000000033dcfbfbfdfbfbfbfbfd00000000000000000000
00000000000000000000000000000000fdfdfddeeafdfdfdfdffb60000000000
fbfdfbe720000000000000000000000000000069fbfb803e4d93fbfbfbfddd3f
00000014bcfdfbfb250000000000000000000000000571f3fbe61f00000a89dc
c81f0000000000001ec9fbfb2500000000000000000000000023fbfdfb6d0000
00a4fdffca200000000000000000fdfd2500000000000000000000000023fbfd
000000000023fbfdfb6d0000000000000000fbfb8c0000000000000000000000
0000000000000000001ee6fdfbe73f15000000000000fbfbd900000000000000
d9000000000000000000000000003dddfbfbfb90000000000000fbfbd9000000
4949fdfdda0000000000000000000000000000b4fbfbfbddb60000000000fbfb
fdfbfbfbfbfdfbfb71000000000000000000000000000000fdfdfdfdfffdfde4
0a23bde6fdfbfbfbfbfdfbe61f00000000000000000000000000000093fbfbfb
000000000000006bfdfbfbfbfbfd8e3e00000000000000000000000000000000
00000000000000000000001e4847adfbae480000000000000000000000000000
0000000000000000000000000000000000000000000000000000000000000000
0000000000000000000000000000000000000000000000000000000000000000
0000000000000000000000000000000000000000000000000000000000000000
0000000000000000000000000000000000000000000000000000000000000000
0000000000000000000000000000000000000000000000000000000000000000
0000000000000000000000000000000000000000000000000000000000000000
0000000000000000000000000000000000000000000000000000000000000000
0000000000000000000000000000000000000000000000000000000000000000
4600000000000000e03200000000000000000000000000000000000000000000
000000a89400000000000000e77900000000000000000000000000000000001d
0000000000000bd26000000000000000e7c30400000000000000000000000000
0000000000000000000015fc720000000000000086fc45000000000000000000
000000000000000000000000000015fcc0000000000000000cd9ec2d00000000
0000d3f2540000000000000000000000000015fdff120000000000000035f7a8
0000000000006afca90000000000000000000000000005bdfd8d000000000000
d3fc860000000000000000fce10f0000000000000000000000000042fae82000
00000000a7fca90000000000000000a4fc160000000000000000000000000000
00000000000000006bfdfd1600000000000012d1cc0900000000000000000000
0000000000000000000000006afcfcc3a48155555555c7fca900000000000000
0000000000000000000000000000000009fcfcfbe7e8fcfcfcfcf5aa29000000
000000000000000000000000000000000000000000fcfca10000545454543100
0000000000000000000000000000000000000000000000002dfcfc7f00000000
00fcfc7f00000000000000000000000000000000000000000000000000fdfd80
0000000000f4fc87000000000000000000000000000000000000000000000000
0000000000000000006fece80000000000000000000000000000000000000000
000000000000000000000000000042b300000000000000000000000000000000
0000000000000000000000000000000000000000000000000000000000000000
0000000000000000000000000000000000000000000000000000000000000000
0000000000000000000000000000000000000000000000000000000000000000
0000000000000000000000000000000000000000000000000000000000000000
0000000000000000000000000000000000000000000000000000000000000000
0000000000000000000000000000000000000000000000000000000000000000
0000000000000000000000000000000000000000000000000000000000000000
036bfe4d00000000000000000000000000000000000000000000000000000000
0000000009fefee3130000000000000000000000000000000000000000000000
000000000000000001a5fefe5100000000000000000000000000000000000000
0000000000000000000000000049fefecb070000000000000000000000000000
000000000000000000000000000000000000fafefe3500000000000000000000
00000000000000000000000000000000000000000000b4fefe86000000000000
fefe3a000000000000000000000000000000000000000000000030f8fec40000
00000084fefe6f000000000000000000000000000000000000000000000000ed
000000000000001ceefea3000000000000000000000000000000000000000000
000000000000000000000000dffefc3c00000000000000000000000000000000
000000000000000000000000000000009afefe4f000000000000000000000000
000000000000000000000000000000000000000035eefea30000000000000000
56000000000000000000000000000000000000000000000000d2fefc1c000000
0014eafe6900000000000000000000000000000000000000000000000083fefe
000000000005ccfeaf0000000000000000000000000000000000000000000000
00000000000000000000c4fed305000000000000000000000000000000000000
0000000000000000000000000000a0fe9e030000000000000000000000000000
0000000000000000000000000000000000006b9d1a0000000000000000000000
0000000000000000000000000000000000000000000000000000000000000000
0000000000000000000000000000000000000000000000000000000000000000
0000000000000000000000000000000000000000000000000000000000000000
0000000000000000000000000000000000000000000000000000000000000000
0000000000000000000000000000000000000000000000000000000000000000
0000000000000000000000000000000000000000000000000000000000000000
0000000000000000000000000000000000000000000000000000000000000000
000000000000002086c016000000000000000000000000000000000000000000
25f1dc0f0000000000000000a9faeb11000000000000000000000000054d0f00
000000000064fd8b00000000000000000093fdbd140000000000000000000000
0000000000000000000dadfe2b000000000000000015fdfd4600000000000000
ffa30000000000000000000000005cfee72b000000000000000060fd99160000
000005b2fda2000000000000000000000000009efe6800000000000000000bcc
8546464646afbffdfda20000000000000000000000000000fded830900000000
23dbfdfdfefdfdfdfdfefdfde4330000000000000000000000000000a9fdfdc5
0000000000a1fdfd2c898989e8fe894111000000000000000000000000000000
00000000000000000015cefe2200000000000000000000000000000000000000
000000000000000000000000000045fda0000000000000000000000000000000
00000000000000000000000000000000000032f1fe5500000000000000000000
0000000000000000000000000000000000000000000000a5fe9e000000000000
e8fe6800000000000000000000000000000000000000000000000032f4e70000
001e0d009dfdd000000000000000000000000000000000000000000000000000
0000000000a1cc5b9afdd0000000000000000000000000000000000000000000
0000000000000000001d9afdfefdd00000000000000000000000000000000000
0000000000000000000000000000061780be3d00000000000000000000000000
0000000000000000000000000000000000000000000000000000000000000000
0000000000000000000000000000000000000000000000000000000000000000
0000000000000000000000000000000000000000000000000000000000000000
0000000000000000000000000000000000000000000000000000000000000000
0000000000000000000000000000000000000000000000000000000000000000
0000000000000000000000000000000000000000000000000000000000000000
0000000000000000000000000000000000000000000000000000000000000000
0000000000000000000000000000000000000000000000000000000000000000
00000000000000000005c1950e00000000000000000000000000000000000000
0000000000000000000000000013fdfde05b0000000000000000000000000000
0000000000000000000000000000000012a6fdfdfeeb1c000000000000000000
0000000000000000000000000000000000000673eefdfdfdfefd900000000000
00c1fe4f00000000000000000000000000000000000018e7fdfdfdb9d0fdf11f
fdb600000050fd56000000000000000000000000000000000012c9fffedb6208
000087fefdea0000009bfdaf00000000000000000000000000000000000cbffe
00000000002aecfeedfba65528d0fd5600000000000000000000000000000000
00000000000000000098fdd824b9fdfdfefdee12000000000000000000000000
00000000000000000000000023dffe86000891fefff044000000000000000000
00000000000000000000000000000000a1fdaf0900000c8e9e44000000000000
0000000000000000000000000000000000000012e2fd58000000000000000000
00000000000000000000000000000000000000000000007efda6020000000000
730000000000000000000000000000000000000000000000000026fdf5300000
002efeda1500000000000000000000000000000000000000000000000009acfe
0000000000a5fe1e000000000000000000000000000000000000000000000000
00000000000000002af4ba000000000000000000000000000000000000000000
0000000000000000000000004edf0e0000000000000000000000000000000000
0000000000000000000000000000000000000000000000000000000000000000
0000000000000000000000000000000000000000000000000000000000000000
0000000000000000000000000000000000000000000000000000000000000000
0000000000000000000000000000000000000000000000000000000000000000
0000000000000000000000000000000000000000000000000000000000000000
0000000000000000000000000000000000000000000000000000000000000000
fdfdd9994b0000000000000000000000000000000000002f5581102f2f2f1100
fdfdfdfdfdfdfdfdfcf48e23000000000000000000000000000000fdfdf6d7fd
000000aaaaaaaad5fdfdfdfdfdfdfd3f000000000000000000000000000000fd
00000000000000000000000b14457ca8eee3ee39004884140000000000000000
b1060000000000000000000000000000000000021e002000004efdce0b000000
00000fe9fd850c000000000000000000000000000000000000000000000a84fd
000000000000001cdffd5c000000000000000000000000000000000000000000
000000000000000000000000aefd960000000000000000000000000000000000
0000000000000000000000000000317ff6fdea00000000000000000000000000
000000000000000000001c552a2a55795b93fbfdfdfdff000000000000000000
00000000000000000000000000a8e8fdfdfdfdfdfdfdfdfdfdfd8b0000000000
000000000000000000000000000000007cfcfdfdfdfdfdfdfdfdfbdeda350300
7800000000000000000000000000000000000000affdfdfdfdfdfdfdc8484300
bcfdfdfd3200000000000000000000000000000000000000affdfda43398f9fd
0baffafdfdfdfda7090000000000000000000000000000000000000094fdfdfc
00000000000080ddfde7b4170000000000000000000000000000000000000000
000000000000000000000016955d000000000000000000000000000000000000
0000000000000000000000000000000000000000000000000000000000000000
0000000000000000000000000000000000000000000000000000000000000000
0000000000000000000000000000000000000000000000000000000000000000
0000000000000000000000000000000000000000000000000000000000000000
0000000000000000000000000000000000000000000000000000000000000000
0000000000000000000000000000000000000000000000000000000000000000
0000000000000000000000000000000000000000000000000000000000000000
0000000000000000000000000000000000000000000000000000000000000000
0000000000000000000000000000000000000000000000000000000000000000
0000000000000000000000000000000000000000000000000000000000000000
0000000000000000255fc7c98938240000000000000000000000000000000000
0000000000000000000697d3fafefefefefeea982d0000000000000000000000
0000000000000000000000000068e1e5fec8fb85a6e3fefef0992e0000000000
80e9fefd7e080000000000000000000015fddff6c628bf0000088ebbfefeea99
030000000036e4fef3480000000000000000000015fefefe462bd2000000000b
fefee7fbd2a9b2b28a6ddffef04b0000000000000000000005a2fffef2e17420
000019abfcfefefefefefbfefefffdf4af09000000000000000000000026e8fe
000000000000001096fefefefec89992b0c38810000000000000000000000000
0000000000000000000000000363f1fefea20000000000000000000000000000
0000000000000000000000000000000000005afefefa76000000000000000000
3600000000000000000000000000000000000000000007d3fefef26400000000
40f4fefe83000000000000000000000000000000000000000000003bf2fefef1
000000000098fefef90d00000000000000000000000000000000000000000000
00000000000000000008d0fefee40c0000000000000000000000000000000000
000000000000000000000000000042fefeff4e00000000000000000000000000
0000000000000000000000000000000000000089fefed1000000000000000000
000000000000000000000000000000000000000000000019e9ffe30000000000
000000000000000000000000000000000000000000000000000000006cff7100
0000000000000000000000000000000000000000000000000000000000000000
0000000000000000000000000000000000000000000000000000000000000000
0000000000000000000000000000000000000000000000000000000000000000
0000000000000000000000000000000000000000000000000000000000000000
c1762a033d000000000000000000000000000000000000000000000000000000
ebf5fefefefef2ecf5b30e0000000000000000000000000000000000003d7676
00002ef1fefeb4b2b2c0d5fefefe970000000000000000000000000000000054
000000000011adfffc800200000c1c40e2feeb2b000000000000000000000000
0000000000000000004bfefa86000000000000006bfdfe380000000000000000
000000000000000000000000009dfedd0000000000000000009efe3f00000000
003aefdc22000000000000000000000000d5fe9600000000000000000067fec2
000000000000abfe7e000000000000000000000000d5fe540000000000000000
000000000000000000003cefd6000000000000000000000000d5fe5400000000
00d5fe540000000000000000000000c7d6000000000000000000000000d5fe54
0000000000d5fe540000000000000000000000c7db0b00000000000000000000
000000000000000000d1fea20000000000000000000000c7fe62000000000000
fe6200000000000000000000004bfeee3300000000000000000000c7fe620000
000000c7f142000000000000000000000004c3fea533000000000000000000c7
2e000000000014d5d60000000000000000000000000037e3fea7030000000000
9ceafefeebb4b4b4b4b4ccfed600000000000000000000000000003ffefeca98
000000000078eafcfefefefefefefecd5100000000000000000000000000000a
00000000000000000000006899fefefefefed21a000000000000000000000000
0000000000000000000000000000000000000000000000000000000000000000
0000000000000000000000000000000000000000000000000000000000000000
0000000000000000000000000000000000000000000000000000000000000000
0000000000000000000000000000000000000000000000000000000000000000
0000000000000000000000000000000000000000000000000000000000000000
0000000000000000000000000000000000000000000000000000000000000000
cc07000000000000000000000000000000000000000000000000000000000000
00007dfcfc96070000000000000000000000000000000000000000000000b0fd
0000000000000038bafc75000000000000000000000000000000000000000000
00000000000000000000000076fc8d0000000000000000000000000000000000
0000000000000000000000000000000032f79a00000000000000000000000000
000000000000000000000000000000000000000000c4fd1a0000000000000000
00000000000000000000000000002655553900000000000000c4fd9600000000
0000e2e50a0000000000000000000000007deefcfcf3e297000000000060fde1
fcfc801a000096fc6e00000000000000000000001fe4ffe1afeafffde5360400
0000002bbafcfd96000071fc9f000000000000000000000038fcb200001c86e3
06ca8d00000000000697fded260071fcb9000000000000000000000038fc8d00
0000000000c59a00000000000000a3fd930072fdc60000000000000000000000
000000000000000000abfd1a000000000000bcfcac0071fcc500000000000000
de1a000000000000000000000038f4c800000000137af7e7130071fcc5000000
000ab3fdb9000000000000000000000000007df9c84c000dc1fccb19000071fc
c583393952c4fdd11c00000000000000000000000000007df4fd9a1d234c0000
00139cfcfcfcfdfcfcfcd8190000000000000000000000000000000051d6fdfc
00000000000000288b8b8cf08b67100000000000000000000000000000000000
0000000000000000000000000000000000000000000000000000000000000000
0000000000000000000000000000000000000000000000000000000000000000
0000000000000000000000000000000000000000000000000000000000000000
0000000000000000000000000000000000000000000000000000000000000000
0000000000000000000000000000000000000000000000000000000000000000
0000000000000000000000000000000000000000000000000000000000000000
0000000000000000000000000000000000000000000000000000000000000000
0000000000000000000000000000000000000000000000000000000000000000
0000000000000000000000000000000000000000000000000000000000000000
0000000000000000000000000000000000000000000000000000000000000000
0000000000000000000000000000000000000000000000000000000000000000
000000000000094c0b24a9fdfffdb43100000000000000000000000000000000
000000000000000000005cfdbda0fcfcfdfcfce4440500000000000000000000
000000000000000000000000000043f7ec5a6445454fe3fcfc37000000000000
b2fda80000000000000000000000000000000087fccb1a00000032b9fce92b00
000000002af2fd9b0000000000000000000000000000003ffcfc460000000025
40fcfc880500000000e6fccf00000000000000000000000000000000befdbf05
0000000010e3fcfc8a20000000e6fccf00000000000000000000000000000000
000000000000000000a0fcfcfde4cfcfcff9fca5000000000000000000000000
0000000000000000000000000038fca94bfcfcfcfcfdb3090000000000000000
000000000000000000000000000000000015d7fd95004a747440000000000000
00000000000000000000000000000000000000000000a2fcfd00000000000000
fd9d00000000000000000000000000000000000000000000000032f0fd200000
0000005cfdf02b000000000000000000000000000000000000000000000000a4
0000000000000054fcfd5d000000000000000000000000000000000000000000
000000000000000000000000d1fc720000000000000000000000000000000000
0000000000000000000000000000000074fccf00000000000000000000000000
000000000000000000000000000000000000000074fca5000000000000000000
0000000000000000000000000000000000000000000000003fc85d0000000000
0000000000000000000000000000000000000000000000000000000000000000
0000000000000000000000000000000000000000000000000000000000000000
0000000000000000000000000000000000000000000000000000000000000000
0000000000000000000000000000000000000000000000000000000000000000
0000000000000000000000000000000000000000000000000000000000000000
178aa9fdff8a4211000000000000000000000000000000000000000000000000
000000009efcfcfcfdfcfce47805000000000000000000000000000000000000
0000000000000000fcfcfcfcbefcfcfcfc6c0000000000000000000000000000
000000000000000000000000fcfcfc870574fcfcfce92b000000000000000000
000000000000000000000000000000d2fce8360500022bddfcfdb22b00000000
b9fdfca600000000000000000000000000009afffb88000000000073f9fffd5d
000000005cfdfcdc1300000000000000000000000000cefdd100000000000000
740000000000000011c0fcfc4600000000000000000000000000cefd74000000
0045fcfd7400000000000000003ffcfc7a00000000000000000000000019dffd
000000000045fdff74000000000000000000fdfd840000000000000000000000
00000000000000000045fcfd74000000000000000000fcfcb800000000000000
b800000000000000000000000032f0fd74000000000000000000fcfcb8000000
009efce8300000000000000000000000000070fdd2000000000000000000fcfc
0000000032f4fd5d000000000000000000000000000008e8e600000000000000
e7ec42000000000071fda422000000000000000000000000000000a8fd9b0000
0000000089fcea5b26000086f0de20000000000000000000000000000000002a
000000000000000023b0fcfce967cff0b1190000000000000000000000000000
0000000000000000000000000004368989fcb3360f0000000000000000000000
0000000000000000000000000000000000000000000000000000000000000000
0000000000000000000000000000000000000000000000000000000000000000
0000000000000000000000000000000000000000000000000000000000000000
0000000000000000000000000000000000000000000000000000000000000000
0000000000000000000000000000000000000000000000000000000000000000
0000000000000000000000000000000000000000000000000000000000000000
bfff800000000000000000000000000000000000000000000000000000000000
00000040ffffbf00000000000000000000000000000000000000000000000000
0000000000000080ffffff000000000000000000000000000000000000000000
000000000000000000000000ffffff0000000000000000000000000000000000
00000000000000000000000000000000ffffff00000000000000000000000000
0000000000000000000000000000000000000080ffff80000000000000000000
000000000000000000000000000000000000000000000080ffffff0000000000
ffffff00000000000000000000000000000000000000000000000080ffffff00
00000080ffffff00000000000000000000000000000000000000000000000080
0000000000000000ffffff000000000000000000000000000000000000000000
000000000000000000000000ffffff0000000000000000000000000000000000
00000000000000000000000000000000ffffff00000000000000000000000000
0000000000000000000000000000000000000000ffffff000000000000000000
000000000000000000000000000000000000000000000080ffffbf0000000000
ffffff40000000000000000000000000000000000000000000000080ffffbf00
00000080ffffffbf000000000000000000000000000000000000000000000080
000000000000000040ffffff4000000000000000000000000000000000000000
000000000000000000000000000080ff40000000000000000000000000000000
0000000000000000000000000000000000000000000000000000000000000000
0000000000000000000000000000000000000000000000000000000000000000
0000000000000000000000000000000000000000000000000000000000000000
0000000000000000000000000000000000000000000000000000000000000000
0000000000000000000000000000000000000000000000000000000000000000
0000000000000000000000000000000000000000000000000000000000000000
0000000000000000000000000000000000000000000000000000000000000000
fdd6843300000000000000000000000000000000000000000000000000000000
00004697fcfdfcfdcbcb8e6600000000000000000000000000000029a2cbfdfe
00000000000000000052668ecbf4fdfe00000000000000000000000000000000
0000000000000000000000000000000000cbfcac000000000000000000000000
00000000000000000000000000000000000000001eeadf150000000000000000
00000000000000000000000000000000000000000000000032fd7a0000000000
fcfddf1500000000000000000000000000000000000000000a3333335bfe7b00
dfcb6666a2cbfdd61500000000000000000000000000000000000052acfdfcfd
d4fdc070140000000000abfd3d0000000000000000000000000000000a33fdfe
000033eacb660000000000000000000000000000000000000000000000000029
000000000052e8d5140000000000000000000000000000000000000000000000
000000000000000070eacb3e0000000000000000000000000000000000000000
000000000000000000000000fcd5140000000000000000000000000000000000
00000000000000000000000000000000fd990000000000000000000000000000
0000000000005c71000000000000000000000000d4e929000000000000000000
b766661500000000000097fd52000000000000000000000028f4ad1f00000000
0000148ed5fefdfefdadc19998eafdff5200000000000000000000000051d4e9
00000000000000000a32328397c0d4fde8979747000000000000000000000000
0000000000000000000000000000000000000000000000000000000000000000
0000000000000000000000000000000000000000000000000000000000000000
0000000000000000000000000000000000000000000000000000000000000000
0000000000000000000000000000000000000000000000000000000000000000
0000000000000000000000000000000000000000000000000000000000000000
0000000000000000000000000000000000000000000000000000000000000000
0000000000000000000000000000000000000000000000000000000000000000
0000000000000000000000000000000000000000000000000000000000000000
0000000000000000000000000000000000000000000000000000000000000000
0000000000000078cdffe5924000000000000000000000000000000000000000
0000000000000000000059fcebd8e1fdfcc61800000000000000000000000000
0000000000000000000001265702aece1d000f46dffdcd140000000000000000
580000000000000000000000000009fdfd4c1c230000000006e3fd8900000000
0000c0fd860000000000000000000000000001aefdee2a0000000000000cebfb
0000000000004afda90000000000000000000000000000a1fdee0e0000000000
f1fddb060000000000002ffdfa0a000000000000000000000000004bfdf75500
000000008ffdfd480500000000002ffdfd0a000000000000000000000000001f
00000000000000002ffdfdfd76190000000075fddd0600000000000000000000
00000000000000000000000012e0feeff4dc9f9268bbfef21c00000000000000
00000000000000000000000000000000009dfdf7439cd7f8fdfdc94e00000000
0000000000000000000000000000000000000000004afdfd2600003238380500
9500000000000000000000000000000000000000000000000012fdfd42000000
0004bffdee1e000000000000000000000000000000000000000000000012fdfd
00000000000070fdfd4200000000000000000000000000000000000000000000
0000000000000000000003f4fd57000000000000000000000000000000000000
000000000000000000000000000000c6fdaa0000000000000000000000000000
0000000000000000000000000000000000000095fdfe00000000000000000000
0000000000000000000000000000000000000000000000000000000000000000
0000000000000000000000000000000000000000000000000000000000000000
0000000000000000000000000000000000000000000000000000000000000000
0000000000000000000000000000000000000000000000000000000000000000
0000000000000000000000000000000000000000000000000000000000000000
0000000000000000000000000000000000000000000000000000000000000000
0000000000000000000000000000000000000000000000000000000000000000
0000000000000000000000000000000000000000000000000000000000000000
0000000000000000000000003c501988a7a7f5fefefef94a0000000000000000
000000000000000000000000274771c5fcfef9fefefefefefefefe6800000000
00000000000000000000000000000081f6fefefefefee9c0c0c0726969876305
0000000000000000000000000000000000000ff0fefefecb72722d0000000000
0000000000000000000000000000000000000000000082fefe9b230800000000
fe7300000000000000000000000000000000000000000000000022f1fe240000
000011f0fef322000000000000000000000000000000000000000000000076fe
000000000000008bfefe6f000000000000000000000000000000000000000000
000000000000000000000028f4fef32500000000000000000000000000000000
0000000000000000000000000000000071fefeb0140000000000000000000000
000000000000000000000000000000000000000002dcfefe8c00000000000000
fef13f000000000000000000000000000000000000000000002df3fefd580000
00000593fefef3100000000000000000000000000000000000000000000053fe
0000000000000005cbfefe6f0200000000000000000000000000000000000000
00000000000000000000000054fefefe3a000000000000000000000000000000
0000000000000000000000000000000004c2fffeed0e00000000000000000000
0000000000000000000000000000000000000000001bc2fefe52000000000000
00000000000000000000000000000000000000000000000000001cc1e6270000
0000000000000000000000000000000000000000000000000000000000000000
0000000000000000000000000000000000000000000000000000000000000000
0000000000000000000000000000000000000000000000000000000000000000
0000000000000000000000000000000000000000000000000000000000000000
0000000000309292290c00000000000000000000000000000000000000000000
0000000000000012a3fafdfdfd810c0000000000000000000000000000000000
0000000000000000000046e5fdfdfdfdfdfd8500000000000000000000000000
0000000000000000000000000a80f7fded6b6691fcfd65000000000000000000
00000000000000000000000000000005a3fdfdeb3d000000a7fdb50000000000
20fdbb00000000000000000000000000000004a4fdfdc13a000000002bfdff00
57be640020fd9200000000000000000000000000000056fdfdec370000000000
fdfdfdfdfdfdf8284efd5e0000000000000000000000000000007bfdfd935757
f4fdfdfdfdfdfdfdfdfdf0230c5c0e000000000000000000000000000f54dffd
002bd1fdfdfdfdfdfdfdfdfdb3a14b0000000000000000000000000000000a59
0000000030b9fdfdf39110102627101003000000000000000000000000000000
0000000000000000b7fdfdd13a00000000000000003a14000000000000000000
000000000000000000000048f0fddb0d00000000000000004ff7dd4d00000000
fdfd74000000000000000000000000bffdfb35000000000000000039fcfdf75a
00269eddfdbc0e00000000000000000000000091fdfc6300000000000000003b
fdf9f9f9f9fbfdf6dd0c0000000000000000000000000091fdfdf6d36f000000
177cc3fdfdfdfdfdfde4b75f00000000000000000000000000000013c8fdfdfd
0000000000000725587e4a8a2518000000000000000000000000000000000000
0000000000000000000000000000000000000000000000000000000000000000
0000000000000000000000000000000000000000000000000000000000000000
0000000000000000000000000000000000000000000000000000000000000000
0000000000000000000000000000000000000000000000000000000000000000
0000000000000000000000000000000000000000000000000000000000000000
0000000000000000000000000000000000000000000000000000000000000000
0000000000000000000000000000000000000000000000000000000000000000
0000000000000000000000000000000000000000000000000000000000000000
5ba8000000000000000000000000000000000000000000000000000000000000
000000007eea0200000000000000000000000000000000000000000000000000
00000000000000007efe33000000000000000000000000000000000000000000
00000000000000000000000051fe3300000000001fb226000000000000000000
0000000000000000000000000000000036fe57000000000053fe5e0000000000
02a8e30d0000000000000000000000000000000004eebd000000000038fea000
000000000072fe370000000000000000000000000000000000ecc20000000000
0069fe67000000000032fe730000000000000000000000000000000000a7eb10
000000000072fefdfcfcbeb49c4becdd07000000000000000000000000000000
00000000000000005ef7fef6b3b3b3d3fcfefefe0f0000000000000000000000
000000000000000000000000c5f2fee2000000001675efd90800000000000000
00000000000000000000000000000000252ecff31b0000000000120e00000000
0000000000000000000000000000000000000000000084fe6300000000000000
740000000000000000000000000000000000000000000000000043fe74000000
00003dfe74000000000000000000000000000000000000000000000000003dfe
00000000000064ffae0000000000000000000000000000000000000000000000
0000000000000000000053febb00000000000000000000000000000000000000
00000000000000000000000000000ab073000000000000000000000000000000
0000000000000000000000000000000000000000000000000000000000000000
0000000000000000000000000000000000000000000000000000000000000000
0000000000000000000000000000000000000000000000000000000000000000
0000000000000000000000000000000000000000000000000000000000000000
0000000000000000000000000000000000000000000000000000000000000000
0000000000000000000000000000000000000000000000000000000000000000
0000000000000000000000000000000000000000000000000000000000000000
0000000000000000000000000000000000000000000000000000000000000000
00000000002cc18c1f0000000000000000000000000000000000000000000000
0000000000002e4d30e4fefef092260000000000000000000000000000000000
00000000000000000002c5fef1fefefefefee62b020000000000000000000000
0000000000000000000000000004edfefefefefceffefefe8215000000000000
fcfcad02000000000000000000000000000039eafefefec64768f9fefe9a0000
fefef757d7fefe70000000000000000000000000000000b8fefefefed77833ce
77fefec480ecfefefefefee70500000000000000000000000000001fd9fefefe
000000000ec7fef72e1183eef5fefec503000000000000000000000000000000
00000000000000000026f2fead0c000028585c10000000000000000000000000
00000000000000000000000000009bfefe5f0000000000000000000000000000
00000000000000000000000000000000000006e1fed212000000000000000000
000000000000000000000000000000000000000000000063fefec50000000000
1ee1fedf1b0000000000000000000000000000000000000000000003b3fef222
00000000007ffffe4d0000000000000000000000000000000000000000000000
00000000000000000035f8feee36000000000000000000000000000000000000
0000000000000000000000000029e7fefeb70b00000000000000000000000000
00000000000000000000000000000000000030e6fefe71000000000000000000
0000000000000000000000000000000000000000000000197eef6e0000000000
0000000000000000000000000000000000000000000000000000000000000000
0000000000000000000000000000000000000000000000000000000000000000
0000000000000000000000000000000000000000000000000000000000000000
0000000000000000000000000000000000000000000000000000000000000000
0000000000000000000000000000000000000000000000000000000000000000
e8fcfcb8000000000000000000000000000000000000000000000032f4fdb431
000000382688fcea4200000000000000000000000000000000000000000000a4
00000000000000000004b0fcec13000000000000000000000000000000000000
000000000000000000000000000038fcfc4c0000000000000000000000000000
00000000000000000000000000000000000000adfd8b00000000000000000000
000000000000000000000000000000000000000000000045fcd4160000000000
cefd9d00000000000000000000000000000000000000000000000032f0fd7400
0000000066fde600000000000000000000000000000000000000000000000000
0361defdfffdb48ab4ffe7000000000000000000000000000000000000000000
0000000075fcfcfcd3fcfcfcfcfde60000000000000000000000000000000000
0000000000000055fcfcab45074559b7f0fde600000000000000000000000000
000000000000000000000074fcd70d000000000099fd87000000000000000000
00000000000000000000000000000074fc9b000000000000cefd740000000000
fc9f000000000000000000000000000000000074fde9310000000007d3ff6a00
51469afce31100000000000000000000000000000000005ffcfcc51e0000099a
0032b9fcfdfcfce3320000000000000000000000000000000000000082e3fce4
0000000000000675befcb3300000000000000000000000000000000000000000
0000000000000000000000000000000000000000000000000000000000000000
0000000000000000000000000000000000000000000000000000000000000000
0000000000000000000000000000000000000000000000000000000000000000
0000000000000000000000000000000000000000000000000000000000000000
0000000000000000000000000000000000000000000000000000000000000000
0000000000000000000000000000000000000000000000000000000000000000
0000000000000000000000000000000000000000000000000000000000000000
39ff720000000000000000000000000000000000000000000000000000000000
0000000039ffe200000000000000000000000000000000000000000000000000
00000000000000000072ff1d0000000000000000000000000000000000000000
0000000000000000000000000056ff7200000000000000000000000000000000
00000000000000000000000000000000001dffc6000000000000000000000000
00000000000000000000000000000000000000000000e2ff1d00000000000000
aa0000000000000000000000000000398d5656390000000000008dff8d000000
000056ffaa0000000000000000000000000039ffffffffe239000000000056ff
ff390000000056ffaa00000000000000000000000000c6e23972ffffaa000000
00000056ffaa0000000056ffaa00000000000000000000000000ffaa000056ff
0056ffaa00000000c6ff1d00000072ff8d00000000000000000000000056ffaa
000000000000e2c60000000072ffaa000000ffff1d0000000000000000000000
0000000000000000000072ff5600000056ffaa000072ffc60000000000000000
00000000000000000000000000001de2e25600001dffff39aaffff5600000000
8d1d000000000000000000000000000000000039ffffaa5656ffffffffe27200
ffffe20000000000000000000000000000000000000000001dc6ffffffffffff
0039aaaaffff8d0000000000000000000000000000000000000000000000568d
00000000001d72aae28d00000000000000000000000000000000000000000000
0000000000000000000000000000000000000000000000000000000000000000
0000000000000000000000000000000000000000000000000000000000000000
0000000000000000000000000000000000000000000000000000000000000000
0000000000000000000000000000000000000000000000000000000000000000
0000000000000000000000000000000000000000000000000000000000000000
0000000000000000000000000000000000000000000000000000000000000000
0000000000000000000000000000000000000000000000000000000000000000
0000000000000000000000000000000000000000000000000000000000000000
0000000000000000000000000000000000000000000000000000000000000000
feed984500000000000000000000000000000000000000000000000000000000
fe9a27538adafefdeda4570000000000000000000000000000000034fcfefffe
00000003bf640000000536a7d8fefdf68a000000000000000000000000000087
000000000000000008230000000000000635a9fee90000000000000000000000
000000000000000000000000000000000000000000005efeae00000000000000
fe8e0000000000000000000000000000000000000000000000000dddf5260000
00000070fe970000000000000000000000000000000000000000000000000095
0000000000000020f2e200000000000000000000000000000000000000000000
00000000000000082c2c2c2ccbf00c0000000000000000000000000000000000
0000000000000000000855cdfefefefefefe4600000000000000000000000000
00000000000000000000000008a6fefed4a28585a9b825000000000000000000
000000000000000000000000000000007dfeb133090000000000000000000000
000000000000000000000000000000000000000068fed11b0000000000000000
f4890a0006000000000000000000000000000000000000000dc2fed13f000000
00000d7ff7fedf937a570d00000000000000000000000000000000000034c6fe
000000000000000031c7fcfef8d2fa7603000000000000000000000000000000
000000000000000000000000000048c9fafefefe8a0000000000000000000000
00000000000000000000000000000000000000000757c5a74f00000000000000
0000000000000000000000000000000000000000000000000000000000000000
0000000000000000000000000000000000000000000000000000000000000000
0000000000000000000000000000000000000000000000000000000000000000
0000000000000000000000000000000000000000000000000000000000000000
0000000000000000000000000000000000000000000000000000000000000000
0000000000000000000000000000000000000000000000000000000000000000
0000000000000000000000000000000000000000000000000000000000000000
000000000000003cc50000000000000000000000000000000000000000000000
00000000000000000000002af332000000000000000000000000000000000000
00000000000000000000538600000015ecba0200000000000000000000000000
0000000000000000000000000000aa81000000001ad558000000000000000000
000000000000000000000000000000000000d15b000000000078800000000000
0015de7400000000000000000000000000000000001ef25b000000000070ea20
2800000000007cf01e000000000000000000000000000000003af4aa00000000
000086e60f000000000012f17f03000000000000000000000000000000008af9
00000000000086a500000000000000b3fe100000000000000000000000000000
000000000000021f1f1fd77100000000146588e9bf0900000000000000000000
000000000000000000000778ccfefee2d2d3d2d2dac280590800000000000000
000000000000000000000000000000000522f1c45a5a250f0a00000000000000
00000000000000000000000000000000000000000010e9a50000000000000000
00000000000000000000000000000000000000000000000000008fa500000000
0022e95b0000000000000000000000000000000000000000000000000000bc5b
00000000003dfe14000000000000000000000000000000000000000000000000
000000000000000000dbd1040000000000000000000000000000000000000000
00000000000000000000000000a66b0000000000000000000000000000000000
0000000000000000000000000000000000000000000000000000000000000000
0000000000000000000000000000000000000000000000000000000000000000
0000000000000000000000000000000000000000000000000000000000000000
0000000000000000000000000000000000000000000000000000000000000000
0000000000000000000000000000000000000000000000000000000000000000
0000000000000000000000000000000000000000000000000000000000000000
c350030000000000000000000000000000000000000000000000000000000000
fdfdfdfdfdfd0900000000000000000000000000000000000000000e50505055
0039edfbfdfdfdfdfdfd0900383e0b0000000000000000000000000000000098
00000000003cfdfdfdfdfdfdfda10453f1fd8d00000000000000000000000000
000000000000000000d4fdfdfdfdfdfcd1490093fdfdf88d0b00000000000000
fa88090000000000000000004df4fdfdc28efda0000022c7fdfdfdfd93000000
fdfdfdfdfdfd500000000000000000009cfdfdc91b05340f000045fdfdfdfdfd
00000029eafdfdfdfdfd56000000000000000021c4fdfd2400000000000029d1
0000000000000000a5fdfdfdfdfdfe00000000000000004efdfdfd2a00000000
fdfdfdd3000000000000000012acfdfdfdfdfe00000000000000004efdfdfdd3
000000039ffdfdfcf6e52a00000000000004d2fdfdfdfe00000000000000004e
000000000000000041f2fdfdfdfdd295630000000000d1fdfdfdfe0000000000
fdfda3000000000000000000004dfdfdfdfdfdfdf4e4b4353535dafdfdfdff00
fdfdfdfdfdfd50000000000000000000001dc1fdfdfdfdfdfdfdfdfdfdfdfdfd
fdfdfdfdfdfdfdfdfdd22c000000000000000000000018c1eafdfdfdfdfdfdfd
0041ebf8fdfdfdfdfdfdfdfde426000000000000000000000000000043e5fdfd
0000000000000072bdfdfdfdfdfdfdd227000000000000000000000000000000
0000000000000000000000001b4e4eb3fdfd6c2b000000000000000000000000
0000000000000000000000000000000000000000000000000000000000000000
0000000000000000000000000000000000000000000000000000000000000000
0000000000000000000000000000000000000000000000000000000000000000
0000000000000000000000000000000000000000000000000000000000000000
0000000000000000000000000000000000000000000000000000000000000000
0000000000000000000000000000000000000000000000000000000000000000
0000000000000000000000000000000000000000000000000000000000000000
0000000000000000000000000000000000000000000000000000000000000000
0000000000000000000000000000000000000000000000000000000000000000
0000000000000000000000000000000000000000000000000000000000000000
0000000000000000000000000000000000000000000000000000000000000000
000000000000000000000000003efdfefdfefdad5c0b00000015000000000000
9898a300000000000000000000000000008efcfd838397e9fcd56615008e0000
00001e83fcfdf35200000000000000000000000032fffd840000000066b7e9d6
00000000000000001466cb7b00000000000000000000000083fdd40a00000000
97fda20000000000000000000000000000000000000000000000000097ffcb00
0000000097fe6600000000000000000000000000000000000000000000000000
000000000000000097fd66000000000000000000000000000000000000000000
0000000000000000000000005bfea30000000000000000000000000000000000
0000000000000000000000000000000032fdcb00000000000000000000000000
000000000000000000000000000000000000000000cbcb000000000000000000
000000000000000000000000000000000000000000000000007adf1500000000
0066fce90000000000000000000000000000000000000000000000000066fd48
000000000000e9fe000000000000000000000000000000000000000000000000
0000000000000000000097fd2900000000000000000000000000000000000000
000000000000000000000000000032fe7b000000000000000000000000000000
0000000000000000000000000000000000001ee9df1500000000000000000000
0000000000000000000000000000000000000000000000b7fd33000000000000
00000000000000000000000000000000000000000000000000000014fc330000
0000000000000000000000000000000000000000000000000000000000000000
0000000000000000000000000000000000000000000000000000000000000000
0000000000000000000000000000000000000000000000000000000000000000
0000000000000000000000000000000000000000000000000000000000000000
00000000000073dd000000000000000000000000000000000000000000000000
00000086e6160000000094fe3300000000000000000000000000000000000000
00000000000000b8fd180000000073fea8000000000000000000000000000000
0000000000000000000000b8fd5b0000000051feea3300000000000000000000
0000000000000000000000000000007ffe8d0000000000a0fedd0d0000000000
66fde80f0000000000000000000000000000005dfdcf00000000004cfdfd7200
0000000013cafde500000000000000000000000000000011fdcf000000000000
fefe2f0000000000002efefeaa070000000000000000000000000000fdf02200
00000000fdfd8200001a2f2fa3eafdfefd180000000000000000000000000000
0000000000000000b1fde8d0aee8fdfefdfdfdfef61500000000000000000000
00000000000000000000000045f4fdfefdfdfdfedbdbd3a15400000000000000
0000000000000000000000000000000000e6feaa5d8e8e5d0000000000000000
000000000000000000000000000000000000000000d5fd990000000000000000
0000000000000000000000000000000000000000000000000089fdaa00000000
0050feff3c00000000000000000000000000000000000000000000000089fddc
00000000002efdfe5d0000000000000000000000000000000000000000000000
00000000000000000009d7fe3300000000000000000000000000000000000000
00000000000000000000000000006aba00000000000000000000000000000000
0000000000000000000000000000000000000000000000000000000000000000
0000000000000000000000000000000000000000000000000000000000000000
0000000000000000000000000000000000000000000000000000000000000000
0000000000000000000000000000000000000000000000000000000000000000
0000000000000000000000000000000000000000000000000000000000000000
0000000000000000000000000000000000000000000000000000000000000000
0000000000000000000000000000000000000000000000000000000000000000
0158829dfefefefffeff20000000000000000000000000000000000000000000
000000026cfdfdfdfdfdfdfdfdfd200000000000000000000000000000000000
000000000000001efdfdfdfdfdfdfdfdee810e00000000000000000000000000
000000000000000000000068fdfdfdfdeba7f8fd380000000000000000000000
00000000000000000000000000000fd7fdfdf7861b00b6fdb205000000000000
fdfd2000000000000000000000000000000018fdfdfdba0000001bdefd820500
00000019c7fd750000000000000000000000000000006afdfdf643000000007a
fd5800000000000043f5e12e000000000000000000000000000094fdfdbb0000
000094fdfd5800000000000000b9fd95000000000000000000000000000094fd
00000000000094fdfd58000000000000005dfde40f0000000000000000000000
0000000000000000000094fdfd58000000000000005dfdfd1300000000000000
13000000000000000000000000006dfdfd58000000000000005dfdfd13000000
20e6fdfd130000000000000000000000000010dbfd580000000000000086fdfd
644a0078e9fdfdfd1300000000000000000000000000009afd84000000000000
6dfdfdfdfdf7e6f9fdfdfd9f02000000000000000000000000000021d9f8c864
000000000376fdfdfdfdfdfdfdfdfd5f00000000000000000000000000000000
0000000000000000000277fdfdfdfdfdfdfd2902000000000000000000000000
000000000000000000000000000001050563a5d6583310000000000000000000
0000000000000000000000000000000000000000000000000000000000000000
0000000000000000000000000000000000000000000000000000000000000000
0000000000000000000000000000000000000000000000000000000000000000
0000000000000000000000000000000000000000000000000000000000000000
0000000000000000000000000000000000000000000000000000000000000000
0000000000000000000000000000000000000000000000000000000000000000
00000bfdda000000000000000000000000000000000000000000000000000000
0000000000005cfcd90000000000000000000000000000000000000000000000
00000000000000000000fcfcc800000000000000000000000000000000000000
0000000000000000000000000018facc4f000000000000000000000000000000
000000000000000000000000000000000095f94f000000000000000000000000
000000000000000000000000000000000000000000f1fc6d0000000000000000
00000000000000000000000000000000000000000000000000f1fccf00000000
00f1fca000000000000000000000000000000000000000000000000000f1fc7e
0000000067fdfce5000000000000000000000000000000000000000000000000
0000000000000000abffb8350000000000000000000000000000000000000000
000000000000000000000000e4fd790000000000000000000000000000000000
00000000000000000000000000000000e4fd7900000000000000000000000000
0000000000000000000000000000000000000000e4fd79000000000000000000
000000000000000000000000000000000000000000000000e4fd790000000000
fcfdc90000000000000000000000000000000000000000000000001cebfdd500
00000060fcfd7900000000000000000000000000000000000000000000000060
0000000000000060fcfd79000000000000000000000000000000000000000000
000000000000000000000032f1c3400000000000000000000000000000000000
0000000000000000000000000000000000000000000000000000000000000000
0000000000000000000000000000000000000000000000000000000000000000
0000000000000000000000000000000000000000000000000000000000000000
0000000000000000000000000000000000000000000000000000000000000000
0000000000000000000000000000000000000000000000000000000000000000
0000000000000000000000000000000000000000000000000000000000000000
0000000000000000000000000000000000000000000000000000000000000000
0000000000000000000000000000000000000000000000000000000000000000
0000000000000000000000000000000000000000000000000000000000000000
0000000000000052acfefdfefdfec17115000000000000000000000000000000
0000000000000000000028f3fcfdfcfdfcfdfcfdb70000000000000000000000
000000000000000000000000000097fefdeacbcb66b7e9ffcb00000000000000
0000000000000000000000000000000000006ffdfcc129000000329751000000
7b00000000000000000000000000000000000000000000cbfdfed50b00000000
97fefdfefd3300000000000000000000000000000000000000000051fcfdfcd5
00527adfe8fdfcfdd40a00000000000000000000000000000000000000000015
0000000047fefdfefdfedf7b0000000000000000000000000000000000000000
0000000000000000c0fdfcd58332140000000000000000000000000000000000
000000000000000000000066fdfea21500000000000000000000000000000000
0000000000000000000000000000003dfcfdcb15000000000000000000000000
00000000000000000000000000000000000000005bfefd840000000000000000
fdd6290000000000000000000000000000000000000000001ee9fcfd8e150000
00000aacfcfdf3a300000000000000000000000000000000000000000000d5fe
000000000000000051e0fdfffdadad0b00000000000000000000000000000000
0000000000000000000000000014abfdfcfdfc84000000000000000000000000
0000000000000000000000000000000000000052cbf4fd990000000000000000
000000000000000000000000000000000000000000000000007ac05c00000000
0000000000000000000000000000000000000000000000000000000000000000
0000000000000000000000000000000000000000000000000000000000000000
0000000000000000000000000000000000000000000000000000000000000000
0000000000000000000000000000000000000000000000000000000000000000
0000000000000000000000000000000000000000000000000000000000000000
0000000000000000000000000000000000000000000000000000000000000000
00000000001ec1cb000000000000000000000000000000000000000000000000
00000000000000000083fdcb0000000000000000000000000000000000000000
0000000000000000000000000097fe6600000000000000000000000000000000
000000000000000000000000000000000097fd66000000000000000000000000
000000000000000000000000000000000000000000fdfe290000000000000000
00000000000000000000000000000000000000000000000052fcfd0000000000
cbfc9800000000000000000000000000000000000000000000000000cbfd9800
0000000ad6fd5c00000000000000000000000000000000000000000000000000
0000000000000032fdd40a000000000000000000000000000000000000000000
000000000000000000000070fecb000000000000000000000000000000000000
00000000000000000000000000000097fda20000000000000000000000000000
0000000000000000000000000000000000000097fe6600000000000000000000
0000000000000000000000000000000000000000000000c0fd66000000000000
fd6600000000000000000000000000000000000000000000000000fdfe660000
000000fdff2900000000000000000000000000000000000000000000000000fc
00000000000000fcfd0000000000000000000000000000000000000000000000
000000000000000000003efdad00000000000000000000000000000000000000
000000000000000000000000000066fc33000000000000000000000000000000
0000000000000000000000000000000000000000000000000000000000000000
0000000000000000000000000000000000000000000000000000000000000000
0000000000000000000000000000000000000000000000000000000000000000
0000000000000000000000000000000000000000000000000000000000000000
0000000000000000000000000000000000000000000000000000000000000000
0000000000000000000000000000000000000000000000000000000000000000
0000000000000000000000000000000000000000000000000000000000000000
000000002976d9fefefefe630000000000000000000000000000000000000000
00000000000000008cfdfdfdfdfdfdf7b2000000000000000000000000000000
00000000000000000000005cf9fd6337b1b1d0fdf44000000000000000000000
0000000000000000000000000000006dfdfd4500000019b3a513000000000000
000000000000000000000000000000000000005ff9fd45000000000000000000
3900000000000000000000000000000000000000000000008ffd990d00000000
29e3fdfdf76f0600000000000000000000000000000000000000000059fdfdf0
00000058ddfdfdfdfdfde41f0000000000000000000000000000000000000000
000000000030cefcfdfdfdfdfdfdfd2300000000000000000000000000000000
000000000000000033e2fdfdbc444452cdcdcd1c000000000000000000000000
000000000000000000000024e0fdfda73a000000000000000000000000000000
0000000000000000000000000000003afdfdb003000000000000000000000000
00000000000000000000000000000000000025ddfdad00000000000000000000
000000000000000000000000000000000000000000004bfdfd68000000000000
fdfde28c3f0c00000000000000000000000000000000000000004bfdfde32900
00000056d9fdfdfdfdc1992a29000000000000000000000000000000000039ee
00000000000000000d66e8fdfdfdfdfdfb9e1d03000000000000000000000000
0000000000000000000000000000007174e3fdfdfdba74100000000000000000
0000000000000000000000000000000000000000000000000000000000000000
0000000000000000000000000000000000000000000000000000000000000000
0000000000000000000000000000000000000000000000000000000000000000
0000000000000000000000000000000000000000000000000000000000000000
0000000000000000000000000000000000000000000000000000000000000000
0000000000000000000000000000000000000000000000000000000000000000
0000000002100000000000000000000000000000000000000000000000000000
000000000000004cb0bb00000000000000000000000000000000000000000000
860000000000000000000071fe89000000000000000000000000000416000000
000000fef84500000000000000000071fe6c000000000000000000000000008b
00000000000000ccfe8500000000000000000071fed500000000000000000000
00000000000000000000004efeca00000000000000000071fef02c0000000000
adfed80c000000000000000000000010f5cf07000000000000000066fefe6500
000000002ffefe9b00000000000000000000000099fe56000000000000000000
000000000000000008defef04e000000000000000000000099feb80000000000
36fefe3000000000000000000030fefecb0e0000000000000000000099fece0f
0000000023fefe3000000000000000000003adfefe2400000000000000000000
000000000000000001adfe3000010c0c070c0c0c010019dafecc470000000000
fefee9000000000000000000009dfe760d5afefecdfffefe979494e1fefe9600
bdbdc9e0fefe6b0000000000000000000035fee0cbfed3e1dafefefefefefefe
0000000000000a1c353504000000000000000000000fcffeb245071b1147477b
150000000000000000000000000000000000000000000000000096fe94000000
0000000000000000000000000000000000000000000000000000000000000a23
0000000000000000000000000000000000000000000000000000000000000000
0000000000000000000000000000000000000000000000000000000000000000
0000000000000000000000000000000000000000000000000000000000000000
0000000000000000000000000000000000000000000000000000000000000000
0000000000000000000000000000000000000000000000000000000000000000
0000000000000000000000000000000000000000000000000000000000000000
0000000000000000000000000000000000000000000000000000000000000000
0000000000000000000000000000000000000000000000000000000000000000
0000000000000000000000000000000000000000000000000000000000000000
0000000000000000000000000000000000000000000000000000000000000000
002ce8fde279793300000000000059d3e4000000000000000000000000000000
00000000005dfcfcfcfcfcf5f1f0f0f0f0f0f9eb3d0000000000000000000000
0000000000000000005dfcfcfcfcfcfcfdfcfcfcfcfcb7400000000000000000
000000000000000000000000003fc5fcfcdb272727275f3527270b0000000000
00000000000000000000000000000000000011d1fcf44b000000000000000000
0000000000000000000000000000000000000000000000c6fcfc7a0000000000
7efcfcf10d00000000000000000000000000000000000000000000b1fcfcf45f
0000000032f8fcfcc50800000000000000000000000000000000000000000018
00000000000000000066fcfcfdc4080000000000000000000000000000000000
00000000000000000000000000009ffdfffdc50d000000000000000000000000
00000000000000000000000000000000000067fcfdfcfc7b1100000000000000
c61100000000000000000000000000000000000000000325fdfcfcfc5a000000
0058f8fcfcb0120000000000000000000000000000000000000000026ed1fcfc
0000000000008cfcfcfc6b110000000000000000000000000000000000000000
0000000000000000000021e9fcfcfcab00000000000000000000000000000000
0000000000000000000000000000008cfcfcfcd90a0000000000000000000000
0000000000000000000000000000000000000027ddfcfcfa5900000000000000
0000000000000000000000000000000000000000000000004fd9d9d500000000
0000000000000000000000000000000000000000000000000000000000000000
0000000000000000000000000000000000000000000000000000000000000000
0000000000000000000000000000000000000000000000000000000000000000
0000000000000000000000000000000000000000000000000000000000000000
0000000000000000000000000000000000000000000000000000000000000000
dabf7d2400000000000000000000000000000000000000000000000000000000
fdfdfdfdfdfdfdf9cc00000000000000000000000000000000000033f1fefeff
006ffdfd690c0c0c318ee1fdfbf158000000000000000000000000000000ebfa
000000000075fdd31000000000000e71a7fde15f000000000000000000000000
00000000000000000075fd9600000000000000001caafdee5b00000000000000
fd70000000000000000000000075fd960000000000000000000530dafb620000
000000052d14000000000000000000000012f2b8090000000000000000000070
00000000000000000000000000000000000000000000f0fd4300000000000000
fd9d2c000000000000000000000000000000000000000000000069f8ea1b0000
0000001bcbfdbd0b000000000000000000000000000000000000000000000084
00000000000000004df6fd9c0b00000000000000000000000000000000000000
0000000000000000000000000044cafd9c0b0000000000000000000000000000
00000000000000000000000000000000000047e2fd9c0b000000000000000000
fdfdfdf4510c000000000000000000000000000000000026e2fdbaa38c21211e
f8a6eaf8fdfdfdfdfdc3500000000000000000004d9c1600001746bafdfdfdfd
fdfdfdf26b000069f2fdfdfdfdfdf80700000000000000003368904996f0fdfd
00000030b7b77515000000001587f7fdfdfdfa3900000000000000000000a0f5
0000000000000000000000000000000000001087b07b79000000000000000000
0000000000000000000000000000000000000000000000000000000000000000
0000000000000000000000000000000000000000000000000000000000000000
0000000000000000000000000000000000000000000000000000000000000000
0000000000000000000000000000000000000000000000000000000000000000
0000000000000000000000000000000000000000000000000000000000000000
0000000000000000000000000000000000000000000000000000000000000000
0000000000000000000000000000000000000000000000000000000000000000
0000000000000000000000000000000000000000000000000000000000000000
0000000000000000000000000000000000000000000000000000000000000000
0000000000000000000000000000000000000000000000000000000000000000
000000000000000029949cd8fefefeff9c5159949c3d00000000000000000000
000000000000000000000018f1fdf6e9e9e9c3eaf5fdfdfdfecf1a0000000000
f4fdfbae040000000000000000000057fde23000000000003080fdfdfefda600
000000002db1fdfd840000000000000000000013fdd60000000000000002137c
000000000000000000005ac3800000000000000000000013fdf42e0000000000
48fbfe0800000000000000000000000000000000000000000000000098feb300
0000000000a5fea5000000000000000000000000000000000000000000000000
0000000000000000002efef82500000000000000000000000000000000000000
0000000000000000000000000009abfd4d000000000000000000000000000000
00000000000000000000000000000000000000feef1300000000000000000000
00000000000000000000000000000000000000b5d6d6d7fdfd5c020000000000
fdfdfdc900000000000000000000000000000000000000d5fdfdfefdfdfda713
00000024edc149770000000000000000000000000000000000000010132275b9
0000000000000000d6fe50000000000000000000000000000000000000000000
000000000000000000000000a8fd760000000000000000000000000000000000
0000000000000000000000000000000075fd7600000000000000000000000000
000000000000000000000000000000000000000075fd76000000000000000000
00000000000000000000000000000000000000000000000022c1480000000000
0000000000000000000000000000000000000000000000000000000000000000
0000000000000000000000000000000000000000000000000000000000000000
0000000000000000000000000000000000000000000000000000000000000000
0000000000000000000000000000000000000000000000000000000000000000
0000000000000000000000000000000000000000000000000000000000000000
00000000003ed1da0d0000000000000000000000000000000000000000000000
000000000000000000b9fcbd0600000000000000000000000000000000000000
00000000000000000000000006d7fca900000000000000000000000000000000
000000000000000000000000000000003ffdfca9000000000000000000000000
00000000000000000000000000000000000000003ffdfca90000000000000000
000000000000000000000000000000000000000000000000a8fefd6d00000000
d2fdf93b000000000000000000000000000000000000000000000000a8fdfc40
00000015fcfdd30000000000000000000000000000000000000000000000000b
0000000000000015fcfdd3000000000000000000000000000000000000000000
000000000000000000000015fdffd40000000000000000000000000000000000
00000000000000000000000000000015fcfdd300000000000000000000000000
0000000000000000000000000000000000000015fcfdd3000000000000000000
000000000000000000000000000000000000000000000015fcfda70000000000
fdffd400000000000000000000000000000000000000000000000015fcfdd300
00000015fcfd8300000000000000000000000000000000000000000000000015
0000000000000015fcfd6a000000000000000000000000000000000000000000
000000000000000000000015fcfd6a0000000000000000000000000000000000
00000000000000000000000000000004b6d11200000000000000000000000000
0000000000000000000000000000000000000000000000000000000000000000
0000000000000000000000000000000000000000000000000000000000000000
0000000000000000000000000000000000000000000000000000000000000000
0000000000000000000000000000000000000000000000000000000000000000
0000000000000000000000000000000000000000000000000000000000000000
0000000000000000000000000000000000000000000000000000000000000000
feaa320000000000000000000000000000000000000000000000000000000000
000000affefef5bf24000000000000000000000000000000000000000000003b
00000000000000b6fee9ebfef246030000000000000000000000000000000000
0000000000000000000000b6fe6e1b63f3feb817000000000000000000000000
00000000000000000000000000000095fe6e00001a62f7cd1400000000000000
0000000000000000000000000000000000000021fe6e00000000146828000000
000000000000000000000000000000000000000000000000ea6e000000000000
10c8860000000000000000000000000000000000000000000000000095d62000
000000000090e714000000000000000000000000000000000000000000000000
00000000000000000048f4920000000000000000000000000000000000000000
000000000000000000000000000084c910000000000000000000000000000000
000000000000002fcd7a0b000000000000001fe2a40000000000000000000000
00000000000000000000000c90fad8540f00000000000080ff4f000000000000
42fe8700000000000000000000000000003fe4feee88140000000025e4cf0700
f9b8652000b6e71500000000000000000000000000000075c5fefebe35000000
0000003bb9fbfee88063fe80000000000000000000000000000000000460b3ef
00000000000000000046c0fefefefedd04000000000000000000000000000000
00000000000000000000000000000b4869bcfefe370000000000000000000000
0000000000000000000000000000000000000000000000000000000000000000
0000000000000000000000000000000000000000000000000000000000000000
0000000000000000000000000000000000000000000000000000000000000000
0000000000000000000000000000000000000000000000000000000000000000
0000000000000000000000000000000000000000000000000000000000000000
0000000000000000000000000000000000000000000000000000000000000000
0000000000000000000000000000000000000000000000000000000000000000
de42000000000000000000000000000000000000000000000000000000000000
0000097ffedf1f0000000000000000000000000000000000000000000000001d
000000000000adfefefe42000000000000000000000000000000000000000000
00000000000000000000adfefefeb50000000000000000000000000000000000
00000000000000000000000000009efefefeb500000000000000000000000000
0000000000000000000000000000000000002af3fefeb5000000000000000000
0000000000000000000000000000000000000000000000b3fefee62200000000
fefefec00a000000000000000000000000000000000000000000009bfefefe87
00000037fefefefe2c0000000000000000000000000000000000000000000037
0000000000000029ecfefefe2c00000000000000000000000000000000000000
000000000000000000000000bafefefe2c000000000000000000000000000000
0000000000000000000000000000000056fefefe2c0000000000000000000000
00000000000000000000000000000000000000000bcafefe2c00000000000000
1b000000000000000000000000000000000000000000000063f6fed717000000
bafefed0130000000000000000000000000000000000000000000000bafefedf
00000000bafefed7170000000000000000000000000000000000000000000000
0000000000000000bafefed91800000000000000000000000000000000000000
0000000000000000000000007dffff7200000000000000000000000000000000
0000000000000000000000000000000000000000000000000000000000000000
0000000000000000000000000000000000000000000000000000000000000000
0000000000000000000000000000000000000000000000000000000000000000
0000000000000000000000000000000000000000000000000000000000000000
0000000000000000000000000000000000000000000000000000000000000000
0000000000000000000000000000000000000000000000000000000000000000
0000000000000000000000000000000000000000000000000000000000000000
001fa10000000000000000000000000000000000000000000000000000000000
000000000097d900000000000000000000000000000000000000000000000000
000000000000000000e785000000000000000000000000000000000000000000
00000000000000000000000000e74e0000000000000000000000000000000000
0000000000000000000000000000000009ea4200000000000000000000000000
000000000000000000000000000000000000000036fe00000000000000000000
00000000000000000000000000000000000000000000000036fe000000000000
5dfe000000000000000000000000000000000000000000000000000036fe0000
0000000054fe0000000000000000000000000000000000000000000000000000
00000000000000004dff1f000000000000000000000000000000000000000000
00000000000000000000000036fe4e0000000000000000000000000000000000
0000000000000000000000000000000007e94e00000000000000000000000000
000000000000000000000000000000000000000000e780000000000000000000
00000000000000000000000000000000000000000000000000e7a50000000000
0097e70000000000000000000000000000000000000000000000000000d4e700
00000000004ee907000000000000000000000000000000000000000000000000
00000000000000000026fd360000000000000000000000000000000000000000
0000000000000000000000000000fd6500000000000000000000000000000000
0000000000000000000000000000000000000000000000000000000000000000
0000000000000000000000000000000000000000000000000000000000000000
0000000000000000000000000000000000000000000000000000000000000000
0000000000000000000000000000000000000000000000000000000000000000
0000000000000000000000000000000000000000000000000000000000000000
0000000000000000000000000000000000000000000000000000000000000000
0000000000000000000000000000000000000000000000000000000000000000
0000000000000000000000000000000000000000000000000000000000000000
0000000000000000000000000000000000000000000000000000000000000000
0000000000000000000000000000000000000000000000000000000000000000
000000000000000000036addfffeb56116000000000000000000000000000000
000000000000000000000000005efefeeff6fefef5d5801c0000000000000000
f82b00000000000000000000000000000062fed71b46bdccdefefeef971b0000
0000214879000000000000000000000000000000006ffe60000000000f28e9fe
00000000000000000000000000000000000000000000000000bbfe4c00000000
0028fe7c0000000000000000000000000000000000000000000000000095fe5e
000000000001aecb060000000000000000000000000000000000000000000000
000000000000000000007afe6600000000000000000000000000000000000000
000000000000000000000000002173fecddf2800000000000000000000000000
00000000000000000000000000000047bff2fefefef828000000000000000000
00000000000000000000000000000000000000d5fed1f8fefe8c000000000000
77fe86000000000000000000000000000000000000000086bf4a3147d0ba0300
0000000002a8c510000000000000000000000000000000000000000000000000
0000000000000000002be18c0000000000000000000000000000000000000000
00000000000000000000000000006ae933000000000000000000000000000000
00000000000000000000000000000000000011e3a10000000000000000000000
00000000000000000000000000000000000000000000007ce400000000000000
00000000000000000000000000000000000000000000000000000006a8000000
0000000000000000000000000000000000000000000000000000000000000000
0000000000000000000000000000000000000000000000000000000000000000
0000000000000000000000000000000000000000000000000000000000000000
0000000000000000000000000000000000000000000000000000000000000000
0000000000000000000000000000000000000000000000000000000000000000
0000000000000000000000000000000000000000000000000000000000000000
00000000b3fe46000000000000a5ff7900000000000000000000000000000000
0000000000000032f9fe6a00000000000099fe83000000000000000000000000
000000000000000000000025f0fe8c00000000000069fed80000000000000000
3a000000000000000000000000000000d7fee955000000000054fee10e000000
0009fefe3a000000000000000000000000000000cefefeba08000000002efefe
fb7f00000009fefe9600000000000000000000000000000078fefefe92000000
00b5fefefef65c000009fefe9900000000000000000000000000000016effefe
000000000096fefefefef41b0028fef169000000000000000000000000000000
00000000000000000046fcfefefefef464a9fea1000000000000000000000000
0000000000000000000000000000cafefea7f5fefefdb0440000000000000000
00000000000000000000000000000000000094fefe6e2392b163000000000000
0000000000000000000000000000000000000000000083fefece000000000000
feae0000000000000000000000000000000000000000000000000bdbfe820000
0000007cfe9b00000000000000000000000000000000000000000000000000d2
0000000000000073feb900000000000000000000000000000000000000000000
000000000000000000000073fece000000000000000000000000000000000000
00000000000000000000000000000073fec20000000000000000000000000000
0000000000000000000000000000000000000073c01b00000000000000000000
0000000000000000000000000000000000000000000000000000000000000000
0000000000000000000000000000000000000000000000000000000000000000
0000000000000000000000000000000000000000000000000000000000000000
0000000000000000000000000000000000000000000000000000000000000000
0000000000000000000000000000000000000000000000000000000000000000
6629000000000000000000000000000000000000000000000000000000000000
0000a3fdd6520000000000000000000000000000000000000000000000000066
000000000014dfe81f0000000000000000000000000000000000000000000000
00000000000000000028f4cb0000000000000000000000000000000000000000
0000000000000000000000000000a2f329000000000000000000000000000000
00000000000000000000000000000000000029fd480000000000000000000000
0000000000000000000000000000000000000000000000d4e929000000000000
a2fc8400000000000000000000000000000000000000000000000014e0ad0b00
0000000000c0fe15000000000000000000000000000000000000000000000000
00000000000000000032e9cb1500000000000000000000000000000000000000
0000000a84987170713333331f0066fd84000000000000000000000000000000
000000000000005bfdfcfdfcfdfcfdfce9cbdffcfd5200000000000000000000
d57b000000000000000000cba30000000000006666d5fefdfefdad330b000000
0028e0fdfffdad0000000000000000280000000000000000000a326fc0fcfdfc
0000000000001482fdfcfd000000000000000000000000000000000000000000
0000000000000000000000002966660000000000000000000000000000000000
0000000000000000000000000000000000000000000000000000000000000000
0000000000000000000000000000000000000000000000000000000000000000
0000000000000000000000000000000000000000000000000000000000000000
0000000000000000000000000000000000000000000000000000000000000000
0000000000000000000000000000000000000000000000000000000000000000
0000000000000000000000000000000000000000000000000000000000000000
0000000000000000000000000000000000000000000000000000000000000000
0000000000000000000000000000000000000000000000000000000000000000
0000000000000000000000000000000000000000000000000000000000000000
0020a3feff971700000000000000000000000000000000000000000000000000
000000000044fdfdfdfdd3170000000000000000000000000000000000000000
000000000000000000b9fdf88798f19b00000000000000000000000000000000
00000000000000000000000006c0f7a20000548c000000000000000000000000
0000000000000000000000000000000037fdc207000000000000000000000000
000000000000000000000000000000000000000037fdfd380000000000000000
00000000000000000000000000000000000000000000000013d0fd4e00000000
38c8fde824000000000000000000000000000000000000000000000000b9fdb4
0000299ffdfdfdfd32000000000000000000000000000000000000000000000b
00000000000abefdfdfdebb92500000000000000000000000000000000000000
000000000000000018cefdfdc959290000000000000000000000000000000000
0000000000000000000000001efdfdd60f000000000000000000000000000000
000000000000000000000000000000001efdfdcd000000000000000000000000
000000000000000000000000000000000000000013dbfdf6811a000000000000
fdfdf7e661000000000000000000000000000000000000000025dbfdfdca4a00
0000000481fdfdfdf860000000000000000000000000000000000000000025a8
00000000000000000382fdfdfda7000000000000000000000000000000000000
000000000000000000000000000226e2fd6b0000000000000000000000000000
0000000000000000000000000000000000000000000000000000000000000000
0000000000000000000000000000000000000000000000000000000000000000
0000000000000000000000000000000000000000000000000000000000000000
0000000000000000000000000000000000000000000000000000000000000000
0000000000000000000000000000000000000000000000000000000000000000
0000000000000000000000000000000000000000000000000000000000000000
0000000000000000000000000000000000000000000000000000000000000000
0000000000000000000000000000000000000000000000000000000000000000
333333335c98c1a3000000000000000000000000000000000000000000000000
000052c0fdfcfdfcfdfcfddf150000000000000000000000000000000000001f
000000000028b73d66663e66150066fd33000000000000000000000000000000
000000000000000000003d0000000000000066fc330000000000000000000000
0000000000000000000000000000000000000000000066fd3300000000000000
ad0000000000000000000000000000000000000000000000000066fc5c000000
cbcbdffcfd0000000000000000000000000000000000000000000000000066fd
0047fedfcbcbe0fdfe7b000000000000000000000000000000000000000052cb
0000000029e8fd1400001482fdf3290000000000000000000000000000000000
000000000000000066fd840000000000b7fd9800000000000000000000000000
00000000000000000000000066fc330000000000149733000000000000000000
0000000000000000000000000000000066fd7100000000000000150000000000
0000b7cb0000000000000000000000000000000066fcc100000000000000b752
15000000000066df1500000000000000000000000000000029fdfe1500000000
0014cbfdad29000000007bcc000000000000000000000000000000000082fdcb
00000000000014abfdf3a3661566dfa200000000000000000000000000000000
00000000000000000000000052acfffdfffdea29000000000000000000000000
00000000000000000000000000000000000a326fc0831e000000000000000000
0000000000000000000000000000000000000000000000000000000000000000
0000000000000000000000000000000000000000000000000000000000000000
0000000000000000000000000000000000000000000000000000000000000000
0000000000000000000000000000000000000000000000000000000000000000
0000000000000000000000000000000000000000000000000000000000000000
0000000000000000000000000000000000000000000000000000000000000000
000009a7fd970000000000000000000000000000000000000000000000000000
00000000000042fcfcde19000000000000000000000000000000000000000000
0000000000000000000dbbfcfcc6000000000000000000000000000000000000
000000000000000000000000005afcfcfc8c0000000000000000000000000000
00000000000000000000000000000000008efcfcf84600000000000000000000
000000000000000000000000000000000000000027e5fcfcc100000000000000
0a0000000000000000000000000000000000000000000000d3fcfcfc45000000
fdfcfc7900000000000000000000000000000000000000000000000ee2fcfceb
000013c9fdfcc30600000000000000000000000000000000000000000000004d
0000000000002cfdfffdbc000000000000000000000000000000000000000000
0000000000000000000079fcfdfc9e0000000000000000000000000000000000
0000000000000000000000000004c0fcfdfc4e00000000000000000000000000
000000000000000000000000000000000074fcfcfdd404000000000000000000
000000000000000000000000000000000000000000c0fcfcfd6f000000000000
c800000000000000000000000000000000000000000000001feefcfcfd480000
c5fcfcfc7d00000000000000000000000000000000000000000000008cfcfcfc
0000000074fcfcfc220000000000000000000000000000000000000000000000
000000000000000032f3e96e0500000000000000000000000000000000000000
0000000000000000000000000000000000000000000000000000000000000000
0000000000000000000000000000000000000000000000000000000000000000
0000000000000000000000000000000000000000000000000000000000000000
0000000000000000000000000000000000000000000000000000000000000000
0000000000000000000000000000000000000000000000000000000000000000
0000000000000000000000000000000000000000000000000000000000000000
4453de0000000000000000000000000000000000000000000035b9ffe2ae4c00
f2720700000b5f0000000000000000000000000000000000000000007af3ba4a
000018de72070000000000000000000000000000000000000000000000000061
000000000000a7db180000000000000000000000000000000000000000000000
00000000000000000002df470000000000000000000000000000000000000000
0000000000000000000000000054f92c00000000000000000000000000000000
0000000000000000000000000000000000a5b600000000000000000000000000
000000000000000000000000000000000000000000a5da000000000000000000
00000000000000000000000000000000000000000000000000a5f10b00000000
0026fe410000000000000000000000000000000000000000000000000061fe41
000000000001b5a5000014664f48000000000000000000000000000000000000
000000000000000000005ffd3b77f2f6f6f29f14000000000000000000000000
000000000000000000000000000005cffef374050023dfbb0000000000000000
3f000000000000000000000000000000000012dafe510000000067f31c000000
380032fe250000000000000000000000000000000010c8e2d6f44e00000020fe
001da7fefde6f1c0040000000000000000000000000000003acae32a1ed6f55d
660100000000030c5ead8916000000000000000000000000002045b8f4862800
000000000000000000000000000000000000000000000000000000000036f0d1
0000000000000000000000000000000000000000000000000000000000000000
0000000000000000000000000000000000000000000000000000000000000000
0000000000000000000000000000000000000000000000000000000000000000
0000000000000000000000000000000000000000000000000000000000000000
0000000000000000000000000000000000000000000000000000000000000000
0000000000000000000000000000000000000000000000000000000000000000
0000000000000000000000000000000000000000000000000000000000000000
0000000000000000000000000000000000000000000000000000000000000000
0000000000000000000000000000000000000000000000000000000000000000
0000000000000000000000000000000000000000000000000000000000000000
000013d6a864030000000152856f040000000000000000000000000000000000
00000000000024fdfdfd7f0400000bfdfdfd5500000000000000000000000000
000000000000000000006ffdfdfdfd2500000aeefdfde7380000000000000000
400000000000000000000000000085fdfdfdfd2500000090fdfdfdb600000000
fdfdfdfdc20b00000000000000000000000024fdfdfdfd250000003afdfdfde9
fdd15565fdfdfdfdfd2500000000000000000000000024fdfdfdfdca55040018
fdfdfdfdfdfefdfdfdfdfdfdfd8d00000000000000000000000007b8fdfdfdfd
00000005bbfdfdfdfdfefdfdfdfdfdfdfd6a0000000000000000000000000041
0000000000000000b4fdfdfdfdfefdfdfdfdfdfdfd2500000000000000000000
000000000000000000000000affefffefef4f2f2f2dc95f2f823000000000000
000000000000000000000000000000003cfdfdfdbf0600000000000034000000
00000000000000000000000000000000000000004dfdfdfd9100000000000000
fd2a00000000000000000000000000000000000000000000b4fdfdfdda090000
3cfdfdfdfde20000000000000000000000000000000000000000000097fdfdfd
000000003cfdfdfdfdfe63000000000000000000000000000000000000000000
000000000000000025e6fdfdfdfe7a0000000000000000000000000000000000
0000000000000000000000000053fdfdfdfe0c00000000000000000000000000
0000000000000000000000000000000000040ba0fdfe00000000000000000000
0000000000000000000000000000000000000000000000000000000000000000
0000000000000000000000000000000000000000000000000000000000000000
0000000000000000000000000000000000000000000000000000000000000000
0000000000000000000000000000000000000000000000000000000000000000
0000000000000000000000000000000000000000000000000000000000000000
0000000000000000000000000000000000000000000000000000000000000000
00330b0000000000000000d57100000000000000000000000000000000000000
0000000052fc330000000000000000fce9000000000000000000000000000000
0000000000000000a3fd330000000000000000fdff0000000000000000000000
000000000000000000000014dffc330000000000000029fcfd00000000000000
fd000000000000000000000000000032fefd330000000000000066fdff000000
000066fdfe000000000000000000000000000032fdfc330000000000000066fc
0000000000003dfcfd000000000000000000000000833432fefd330000000000
fefd980000000000000066fdfe00000000000000000000000097c133d5fc5c00
000014d4fdfcc12900000000000066fcfd00000000000000000000000014cbfd
0000000000000032fefdfefdd68433333383fefdc10000000000000000000000
00000000000000000000000ad5fcfdfcfdfcfdfcfdfcfde83300000000000000
00000000000000000000000000000000b7fdfe668ecbf4fdfefdea5200000000
000000000000000000000000000000000000000066fcfd000000283232321e00
000000000000000000000000000000000000000000000000cbfd980000000000
67fdff000000000000000000000000000000000000000000000000007afce900
0000000066fcfd00000000000000000000000000000000000000000000000000
000000000000000067fdad000000000000000000000000000000000000000000
0000000000000000000000003dac0a0000000000000000000000000000000000
0000000000000000000000000000000000000000000000000000000000000000
0000000000000000000000000000000000000000000000000000000000000000
0000000000000000000000000000000000000000000000000000000000000000
0000000000000000000000000000000000000000000000000000000000000000
0000000000000000000000000000000000000000000000000000000000000000
0000000000000000000000000000000000000000000000000000000000000000
1c00000000000000000000000000000000000000000000003af69c2300000000
0099fdfd7f000000000000000000000000000000000000000000000036fafdd9
000000000009c3fdf63500000000000000000000000000000000000000000000
0000000000000000000012c8fe87000000000000000000000000000000000000
0000000000000000000000000000001ef1fe6400000000000000000000000000
000000000000000000000000000000000000000069fdb7070000000000000000
bf000000000000000000000000000000000000000000000000b9fd4f00000000
00004ffdf42e000000000000000000000000000000000000000000000022d886
001b2900000008b7fed900000000000000000000000000000000000000000000
0000000048d9f1d68c10004efdfe000000000000000000000000000000000000
0000000000000000dffdfda698870036f7fe3d00000000000000000000000000
00000000000000000000004cfdfddf0c00000000b4fec3000000000000000000
00000000000000000000000000000000d7fdfd140000000063fec30000000000
befec3000000000000000000000000000000000085fefe140000000088ffc400
9c4fa6fdfddf80000000000000000000000000000000000036fafd4c05000258
0017e1fdfefdfdfdca480800000000000000000000000000000000000092fdfd
0000000000001249c1d7c83a0500000000000000000000000000000000000000
0000000000000000000000000000000000000000000000000000000000000000
0000000000000000000000000000000000000000000000000000000000000000
0000000000000000000000000000000000000000000000000000000000000000
0000000000000000000000000000000000000000000000000000000000000000
0000000000000000000000000000000000000000000000000000000000000000
0000000000000000000000000000000000000000000000000000000000000000
0000000000000000000000000000000000000000000000000000000000000000
0000000000000000000000000000000000000000000000000000000000000000
0000000000000000000000000000000000000000000000000000000000000000
0000000000000000000000000000000000000000000000000000000000000000
000000000000203caed3d1d1d1d1d1d1833c3c19000000000000000000000000
0000000000000000001cd3fdfdfefdfdfdfdfdfdfdfdfdca0000000000000000
00000000000000000000000000b2fdfdfdfefdfdfdfdfdfdfdfdfdfe00000000
0000000000000000000000000000000000b2fdfdf05b1d1d1d63b2b2b2b2b25b
000000000000000000000000000000000000000000a0fdfdf05d000000000000
fdfefdf2e85a5a1b00000000000000000000000000000000001dfdfdfdfe8618
f6fdfdfdfdfefdfdfdfdfdd45d000000000000000000000000000000506dfdfd
0093fdfdfdfdfdfdfdfefdfdfdfdfdfd780000000000000000000000000b2e74
0000000069fefffee09548000000007c9bfefefe790000000000000000000000
00000000000000008bfdfde13100000000000000032c2c2c1500000000000000
000000000000000000000000fdfdf43000000000000000000000000000000000
0491f143000000000000000000000000b6fdf640000000000000000000004800
4277b3b3b7fdfd4b00000000000000000000000068fdfdf04800000000000000
fdfdfdfdfdfefdfdfdfdd6240000000000000000000000001fc4f2fde8b3b3b3
000011a3a3e2fdfdfdffc8b3a35e0a000000000000000000000000000000a3fd
0000000000000000002a3b6f5f3b180b00000000000000000000000000000000
0000000000000000000000000000000000000000000000000000000000000000
0000000000000000000000000000000000000000000000000000000000000000
0000000000000000000000000000000000000000000000000000000000000000
0000000000000000000000000000000000000000000000000000000000000000
0000000000000000000000000000000000000000000000000000000000000000
0000000000000000000000000000000000000000000000000000000000000000
0000000000000000000000000000000000000000000000000000000000000000
0000000000000000000000000000000000000000000000000000000000000000
0000000000000000000000000000000000000000000000000000000000000000
f3f2ab773f020000000000000000000000000000000000000000324d09000000
000000076b80e3fffecc771800153100000000000000000000000000000062ca
00000000000000000000124a9ff1feead7e8febb1e0000000000000000000000
00000000000000000000000000000000002269ddfbfefefed912000000000000
fefebb00000000000000000000000000000000000000000042a2f9fefec71200
00000002a3fef039000000000000000000000000000000000000000000001fc4
000000000000000005a1fede0000000000000000000000000000000000000000
0000000000001a5db1da866b224cf8f222000000000000000000000000000000
00000000000000000066ecfef0dfebfef3f1f8fe750000000000000000000000
00000000000000000000000068e9fa8e1f00163a90c9fefec600000000000000
00000000000000000000000000000001affe840000000000000f559712000000
0000000000000000000000000000000000000009fefe6c000000000000000000
400000000000000000000000000000000000000000000001b0fed12100000000
004fe7fefab6620e00000000000000000000000000000000000000002de9fee4
0000000000001c8ef0fefede9775671b1b1c0000000000000000000000000000
0000000000000000000000001e64b8f1f5f7fdfaf9f200000000000000000000
0000000000000000000000000000000000000000142241312e00000000000000
0000000000000000000000000000000000000000000000000000000000000000
0000000000000000000000000000000000000000000000000000000000000000
0000000000000000000000000000000000000000000000000000000000000000
0000000000000000000000000000000000000000000000000000000000000000
0000000000000000000000000000000000000000000000000000000000000000
0000000000000000000000000000000000000000000000000000000000000000
9a26000000000000000000000000000000000000000000000000000000000000
00001746b1e951000000000000000000000000000000000000000000004df1d7
00000000000000000073e0b19592923400000000000000000000000000000000
00000000000000000000000000002b6ab8a1cfdd000000000000000000000000
000000000000000000000000000000000000000000003ef80b00000000000000
44000000000000000000000000000000000000000000000000003efc35000000
00003efe92000000000000000000000000000000000000000000000000003efd
fee2fed6530e3efe6b00000000000000000000000000000000011f37200d1f04
fab35b17174654a7fbe19afe4600000000000000000000000000000041b5fefe
000035ff6e00000000000000219adccc16000000000000000000000000000069
000000000000e6d2090000000000000000000000000000000000000000000000
00000000000000000028fa5f0000000000000000000000000000000000000000
0000000000000000000000000045fe3e00000000000000000000000000000000
000000000000000000000000000000000011f84a000000000000000000000000
0000000000001f010000000000000000000000000000f6b50000000000000000
e9a1120000000000024eec0e0000000000000000000000000000c0e512010000
0000000781eaeaa855370c205afe7200000000000000000000000000000009b9
000000000000000000286db0f7feecf4e2820400000000000000000000000000
0000000000000000000000000000000000000000000000000000000000000000
0000000000000000000000000000000000000000000000000000000000000000
0000000000000000000000000000000000000000000000000000000000000000
0000000000000000000000000000000000000000000000000000000000000000
0000000000000000000000000000000000000000000000000000000000000000
0000000000000000000000000000000000000000000000000000000000000000
d9ce100000000000000000000000000000000000000000000000000000000000
00000000d8fdcd11000000000000000000000000000000000000000000000000
00000000000000008bfbfdcd1100000000000000000000000000000000000000
0000000000000000000000000095fdfd88000000000000000000000000000000
000000000000000000000000000000000027eefdd01400000000000000000000
0000000000000000000000000000000000000000000095fdfdd1000000000000
fdff00000000000000000000000000000000000000000000000024f1fdfe0000
000000ebfdfe00000000000000000000000532323232322600000000000000eb
fdc60d00000000ebfdfe0000000000000000001e7ebbfdfdfdfdfdecb4440000
00000ea8fdfd90000000008cfdfe00000000000000007edefdf7b08094bfccfd
700000000000003dfdfdae00000000d0fdfe0000000000000000fdfdd76c0000
0000d6fd700000000000003dfdfdae00000000ebfdfe0000000000000000fdfd
00000000000057fd70000000000000a4fdfdae00000024f1fdfe000000000000
cf04000000000000000070fd9d0000000040b5f4e57d19000055e8fdfd670000
96fafdfd1900000000000000000051fdf32a000057f4fde57200000000d0fdfd
7070d3f2fdfdcf5801000000000000000000015ffde46ab8f5b5943400000024
d5fdfdfdfdfdfdfdd28750000000000000000000000000011acffdfdac767070
00000000198181818181811b0400000000000000000000000000000000075787
0000000000000000000000000000000000000000000000000000000000000000
0000000000000000000000000000000000000000000000000000000000000000
0000000000000000000000000000000000000000000000000000000000000000
0000000000000000000000000000000000000000000000000000000000000000
0000000000000000000000000000000000000000000000000000000000000000
0000000000000000000000000000000000000000000000000000000000000000
0000000000000000000000000000000000000000000000000000000000000000
0000000000000000000000000000000000000000000000000000000000000000
0000000000000000000000000000000000000000000000000000000000000000
000a81fde568041d0a0000000000000000000000000000000000000000000000
000000000d7afdfcfcfcb3fc5500000000000000000000000000000000000000
00000000000000008ffcfd3894fcfdfc7b000000000000000000000000000000
000000000000000000000000a8fc99000666fdfcf63300000000000000000000
0000000000000000000000000000005bfdcf0d000054fffdfdaa000000000000
fca90000000000000000000000000000000000d7fca900000041f7fcfca90000
000000fcfcf31a00000000000000000000000000000000fcfc520000000064fc
fd390000000000fdfdfd2900000000000000000000000000000000fcfc390000
000000fcfc390000000000fcfcfc8d00000000000000000000000000000000fd
00000000000000fcfc390000000000a8e0fce500000000000000000000000000
0000000000000000000000fcfc39000000000000a8fcfd000000000000000000
000000000000000000000000000000befd78000000000000a8fdfe0000000000
38fcfd0000000000000000000000000000000041fca90000000000005dfcfd00
000000009cfcfd000000000000000000000000000000001cfcc50a0000000000
19d1febf42130010b2fdb30000000000000000000000000000000003b1fcb300
00000000001cd1fcfce1a9d7fcea160000000000000000000000000000000000
0000000000000000000019d6fcfcfdfcfc830000000000000000000000000000
0000000000000000000000000000000f67b1fdf0410700000000000000000000
0000000000000000000000000000000000000000000000000000000000000000
0000000000000000000000000000000000000000000000000000000000000000
0000000000000000000000000000000000000000000000000000000000000000
0000000000000000000000000000000000000000000000000000000000000000
0000000000000000000000000000000000000000000000000000000000000000
0000000000000000000000000000000000000000000000000000000000000000
0000000000000000000000000000000000000000000000000000000000000000
0000000000000000008dfd5c0000000000000000000000000000000000000000
0061e193000000000000000018f1fcc413000000000000000000000000000000
0000000000c3fcfd20000000000000001bfdfcfc390000000000000000000000
00000000000000000066fcfd8c0000000000000009b2fcfc3900000000000000
7800000000000000000000000037fcfdcb10000000000000008cfcfc39000000
008cfcfcc50000000000000000000000001fd7fffd1d000000000000008dfdfd
00000000001ffcfcc5000000000000000000000000002afdfc1d000000000000
fcfc3900000000000000ecfcea390000000000000000000000001bfdfc4f0d00
0000008cfcfca5304f8c8c8c8c8dbdfcfc5500000000000000000000000009b2
000000000000008dfdfdfdfdfffdfdfdfdfffdfdfd5600000000000000000000
00000000000000000000008cfcfcfcf3d7d6f2fcfcfdfcfce939000000000000
0000000000000000000000000000001fdcfcd1321f1f31373738c3c34b000000
000000000000000000000000000000000000000070fcea490000000000000000
00000000000000000000000000000000000000000000000070fcfce100000000
4af2fcf965000000000000000000000000000000000000000000000070fdfde2
0000000058f6fcfc710000000000000000000000000000000000000000000000
0000000000000000639afcea2600000000000000000000000000000000000000
0000000000000000000000000054fc9200000000000000000000000000000000
0000000000000000000000000000000000000000000000000000000000000000
0000000000000000000000000000000000000000000000000000000000000000
0000000000000000000000000000000000000000000000000000000000000000
0000000000000000000000000000000000000000000000000000000000000000
0000000000000000000000000000000000000000000000000000000000000000
0000000000000000000000000000000000000000000000000000000000000000
0000000000000000000000000000000000000000000000000000000000000000
000067fe4d000000000000000000000000000000000000000000000000000000
000000000000d9fdcb0000000000000000000000000000000000000000000000
00000000000000000000c7fdfe00000000000000000000000000000000000000
000000000000000000000000000060fdfe000000000000000000000000000000
00000000000000000000000000000000000049f7fe0000000000000000000000
0000000000000000000000000000000000000000000000e5fe23000000000000
fef20000000000000000000000000000000000000000000000000082fea20000
0000000af3fc640000000000000000000000000000000000000000000000006d
00000000000000007ffd6e000000000000000000000000000000000000000000
00000000000000000000000000fe740000000000000000000000000000000000
0000000000000000000000000000000000fde80a000000000000000000000000
000000000000000000000000000000000000000000ecfd620000000000000000
000000000000000000000000000000000000000000000000006efdb200000000
0003aada000000000000000000000000000000000000000000000000000bfdda
00000000000090e61d0000000000000000000000000000000000000000000000
0000000000000000000090fd5500000000000000000000000000000000000000
000000000000000000000000000090dd08000000000000000000000000000000
000000000000000000000000000000000006c4a0000000000000000000000000
0000000000000000000000000000000000000000000000000000000000000000
0000000000000000000000000000000000000000000000000000000000000000
0000000000000000000000000000000000000000000000000000000000000000
0000000000000000000000000000000000000000000000000000000000000000
0000000000000000000000000000000000000000000000000000000000000000
0000000000000000000000000000000000000000000000000000000000000000
0000000000000000000000000000000000000000000000000000000000000000
0000000000000000000000000000000000000000000000000000000000000000
0000000000000000000000000000000000000000000000000000000000000000
00000000000000001ba3c3a39d491b0000000000000000000000000000000000
0000000000000000000000049efdfdfdfdfef2b83c0000000000000000000000
0200000000000000000000000000003ffef2a57fc5d9fdfdf8b3320000000000
3ed6fefd7400000000000000000000000000006cfeb50000000050a3fafdea74
000000000007b6fefe5f0000000000000000000000000da0feb5000000000000
fefdac3720000000000007c9fd800000000000000000000000007ffeffe42600
000005a0fefdfdfdeeba6610202545cffd800000000000000000000000002afd
0000000000000066fefdfdfdfdfefddef5fdfefdf95600000000000000000000
00000000000000000000000ce4fdd6694888dcfdfdfdfee36000000000000000
000000000000000000000000000000005cfefe3f000000002e5b3b0000000000
000000000000000000000000000000000000000007c9fdb30000000000000000
7f00000000000000000000000000000000000000000000000055fdeb1c000000
0000cafd9100000000000000000000000000000000000000000000000010eefd
00000000000090fef12f00000000000000000000000000000000000000000000
0000000000000000000051f5fdb6000000000000000000000000000000000000
0000000000000000000000000000008afdfe2e00000000000000000000000000
0000000000000000000000000000000000000048dffe9b000000000000000000
00000000000000000000000000000000000000000000000046c33b0000000000
0000000000000000000000000000000000000000000000000000000000000000
0000000000000000000000000000000000000000000000000000000000000000
0000000000000000000000000000000000000000000000000000000000000000
0000000000000000000000000000000000000000000000000000000000000000
0000000000000000000000000000000000000000000000000000000000000000
0000000000000000000000000000000000000000000000000000000000000000
7b08000000000000000000000000000000000000000000000000000000000000
00000055e1ca67540000000000000000000000000000000000000000000000a2
00000000000000003a4aecf0dfab281200000000000000000000000000000000
00000000000000000000000000240e39a1fdfff0864031000000000000000000
e6a00000000000000000000000000000000000001544c0fdfdfdf3d5d4620000
00001b1b795424000000000000000000000000000000000000000000509fe6e7
0000000000000000395e7e2b0000000000000000000000000000000000000000
0000000000000000000000000030ca5500000000000000000000000000000000
0000000000000000000000000000000023f3ed0e000000000000000000000000
00000000000000000000000000000000000025c1d2ffb4240000000000000000
000000000000000000000000000000000000000000008eb73f3f200000000000
0000000000000000000000000000000000000000000000000009cc9500000000
00045efe000000000000000000000000000000000000000000000000000ee1fe
0000000000000bdc000000000000000000000000000000000000000000000000
000000000000000000003ffead16000000000000000000000000000000000000
000000000000000000000000000020e0fd7d0200000000000000000000000000
0000000000000000000000000000000000000024c8fd16000000000000000000
0000000000000000000000000000000000000000000000000782040000000000
0000000000000000000000000000000000000000000000000000000000000000
0000000000000000000000000000000000000000000000000000000000000000
0000000000000000000000000000000000000000000000000000000000000000
0000000000000000000000000000000000000000000000000000000000000000
0000000000000000000000000000000000000000000000000000000000000000
0000000000000000000000000000000000000000000000000000000000000000
0000000000000000000000000000000000000000000000000000000000000000
0000000000000000000000000000000000000000000000000000000000000000
0000000000000000000000000000000000000040808080ffbf40000000000000
ff400000000000000000000000000000408080ffffffffffffffffffff800000
80804040000000000000000000000000000040bfffffffffffffffffffffffff
00000000000000000000000000000000000000000080ffffffffffffffff8080
400000000000000000000000000000000000000000000040ffffffffffbf4000
ffffff40000000000000000000000000000000000000000000000080ffffffff
000000ffffff8000000000000000000000000000000000000000000000000080
00000000000040ffffff80000000000000000000000000000000000000000000
0000000000000000000080ffffff800000000000000000000000000000000000
000000000000000000000000000000ffffff8000000000000000000000000000
00000000000000000000000000000000000000bfffff80000000000000000000
000000000000000000000000000000000000000000000080ffffbf0000000000
bfffffff000000000000000000000000000000000000000000000040ffffff80
0000000040ffffff000000000000000000000000000000000000000000000000
000000000000000000ffffffbf00000000000000000000000000000000000000
00000000000000000000000000bfffffff800000000000000000000000000000
000000000000000000000000000000000000bfffff8000000000000000000000
0000000000000000000000000000000000000000000040ffff80000000000000
0000000000000000000000000000000000000000000000000000000000000000
0000000000000000000000000000000000000000000000000000000000000000
0000000000000000000000000000000000000000000000000000000000000000
0000000000000000000000000000000000000000000000000000000000000000
0000000000000000000000000000000000000000000000000000000000000000
000000002f2f2b00000000000000000000000000000000000000000000000000
000d4195cfcfcfd0fdfdf96c0900000000000000000000000000000000000000
0000000019d5fdfefdfdfdfefdfdfdfeb8090000000000000000000000000000
0000000000000000a1fede9744545d3c7f7fc7fefecb37000000000000000000
000000000000000000000000d3fd9b0000000000000013c7fdfd8a0000000000
fdfd6900000000000000000000000000d3fdf14a0000000000000011fdfd8a00
000028e5fe950000000000000000000000000000a0fdfde52200000000000066
fdfdeb482209cffec613000000000000000000000000000019b4fefefe992600
0000001180eafdfef0d7fdd311000000000000000000000000000000000d8be0
0000000000000000000d4de4fdfdfde566000000000000000000000000000000
00000000000000000000000000000077fefefefefefeaa460000000000000000
fdfde8a6000000000000000000000000000015f8fdd34073b9fdfdfee6821a00
9f7f5dd2fdfdfd80000000000000000000000000000038fefdf55b070d2ea2f7
e4fefefefefefefffef1860000000000000000000000000000000fe4fdfdfdcc
000000000f7bcecfcecece8c731b000000000000000000000000000000000022
0000000000000000000000000000000000000000000000000000000000000000
0000000000000000000000000000000000000000000000000000000000000000
0000000000000000000000000000000000000000000000000000000000000000
0000000000000000000000000000000000000000000000000000000000000000
0000000000000000000000000000000000000000000000000000000000000000
0000000000000000000000000000000000000000000000000000000000000000
0000000000000000000000000000000000000000000000000000000000000000
0000000000000000000000000000000000000000000000000000000000000000
0000000000000000000000000000000000000000000000000000000000000000
0000000000000000000000000000000000000000000000000000000000000000
0000000000000000000000000000000000000000000000000000000000000000
0000000000021b5b8cc7acccfe8e000000000000000000000000000000000000
00000000000000001dc2faededb9994a51de4400000000000000000000000000
0000000000000000000000000b5173000000000000c4a6000000000000000000
000000000000000000000000000000000000000000000000009fd50000000000
0082f6220000000000000000000000000000000000000000000000000073dc07
0000000015f6a800000000000000000000000000000000000000000000000000
00008bbd0000000063fe8300000000000000000000000000000000000000458a
00000000000059e5550000006bfe520000000000000000000000000000000000
0000000000000000000039fe9a00000be4c40200000000000000000000000000
000000000000000000000000000039ffcf090181fe6e00000000000000000000
00000000000000000000000000000000000039feafbcb7fec100000000000000
0000000000000000000000000000000000000000000039fe9216937411000000
630000000000000000000000000000000000000000000000000039fe63000000
000039fea70000000000000000000000000000000000000000000000000039fe
00000000000008e8870000000000000000000000000000000000000000000000
0000000000000000000034fb6300000000000000000000000000000000000000
000000000000000000000000000029f663000000000000000000000000000000
00000000000000000000000000000000000000e57e0000000000000000000000
0000000000000000000000000000000000000000000000000000000000000000
0000000000000000000000000000000000000000000000000000000000000000
0000000000000000000000000000000000000000000000000000000000000000
0000000000000000000000000000000000000000000000000000000000000000
3700000000000000000000000000000000000000000000000000000000000000
2baafdfca90000000000000000000000000000000000000000000000000b57c0
00000465e9fcfdf96f0000000000000000000000000000000000000000000000
00000000001b8afcfcfce3730000000000000000000000000000000000000000
00000000000000000096fcfc9370570000000000000000000000000000000000
0000000000000000000000007dfff78409000000000000000000000000000000
00000000000000000000000000000007c4fdb000000000000000000000000000
0000000000000000000000000000000000000015fcfd09000000000000000000
090000000000000000000000000000000000000000000015fcfd620000000000
1bd4fdfdc97b8394e3fd920000000000000000000000000000000004b6fdf684
00000000001b7ce7fcfcfdfcfcfc9b0000000000000000000000000000000000
000000000000000000000091fcfcecd67e4a0700000000000000000000000000
00000000000000000000000000001ce7fc8c0e00000000000000000000000000
7c00000000000000000000000000000000002afcf43200000000000000000000
0000001bf254000000000000000000000000000000002afdf53200000000003e
f2fcfddf7f1f1616fcb0020000000000000000000000000000002afcfcd39224
000000002a6ebefcfcfcfcfdfcfc160000000000000000000000000000000486
00000000000000000000003b939bfcfdfcb60400000000000000000000000000
0000000000000000000000000000000000000000000000000000000000000000
0000000000000000000000000000000000000000000000000000000000000000
0000000000000000000000000000000000000000000000000000000000000000
0000000000000000000000000000000000000000000000000000000000000000
0000000000000000000000000000000000000000000000000000000000000000
0000000000000000000000000000000000000000000000000000000000000000
0000000000000000000000000000000000000000000000000000000000000000
0000000000000000000000000000000000000000000000000000000000000000
0000000000000000000000000000000000000000000000000000000000000000
0000000000000000000000000000000000000000000000000000000000000000
0000000000000000000000000000000000000000000000000000000000000000
0000000001074c467455826b5f828282a9d4ec91f2ffc5440000000000000000
00000000000000000cfdfdfdfdfdfdfdfdfdfdfdfdfdfdfdfdfdf87d00000000
0000000000000000000000003cfdfdfdfdf1eef1ebebeb8a6f6f6f6f6f6f3c00
0000000000000000000000000000000003aaf2fdef3012220000000000000000
000000000000000000000000000000000000000000008dfdfd6d000000000000
ecfdef4b000b2c2c2c562f0000000000000000000000000000003cdbfdf04a00
00001c32adfdfdeeaec1fdfdfdfde01600000000000000000000000000000014
000000001fb4ddfdfdfdfdfdfdfdfdfdfdfdce19000000000000000000000000
000000000000000063fdfdfdfdfdfdfdfdfded9b80440a000000000000000000
000000000000000000000000023d3d3d3d3d8ec6fdfded2b0000000000000000
96000000000000000000000000000000000000000000000b9efdfdaf0f000000
000b9ffdf04f000000000000000000000000000000000000000000000b62fdfd
0000000000000acdfdf121000000000000000000000000000000000000000000
00000000000000000000003ceafd570000000000000000000000000000000000
000000000000000000000000000000005cfdf551000000000000000000000000
00000000000000000000000000000000000000002deafdf74f00000000000000
fd13000000000000000000000000000000000000000000000034ecfdf9120000
0000000000000000000000000000000000000000000000000000000000009bfd
0000000000000000000000000000000000000000000000000000000000000000
0000000000000000000000000000000000000000000000000000000000000000
0000000000000000000000000000000000000000000000000000000000000000
0000000000000000000000000000000000000000000000000000000000000000
0000000000000000000000000000000000000000000000000000000000000000
000051db00000000000000000000000000000000000000000000000000000000
00000000000090da000000000000000000000000000000000000000000000000
0000000000000000000090da00000b7913000000000000000000000000000000
000000000000000000000000000090da000048fe250000000000000000000000
00000000000000000000000000000000000090da000048fe2500000000000000
8c000000000000000000000000000000000000000000abc1000063fe66000000
00003efbdf080000000000000000000000000000000000000000eb8000004ffe
0000a4d66e6e87fafe840000000000000000000000000000000000000000eb80
00000000000090fefefffefefeec000000000000000000000000000000000000
0000000000000000000091e83b3b55c5feed0000000000000000000000000000
000000000000000000000000000090ee200000044cb900000000000000000000
00000000000000000000000000000000000090f1240000000000000000000000
0000000000000000000000000000000000000000000090fe3700000000000000
510000000000000000000000000000000000000000000000000090fe37000000
000036fe910000000000000000000000000000000000000000000000000057fe
00000000000036fe910000000000000000000000000000000000000000000000
000000000000000000000ce19100000000000000000000000000000000000000
0000000000000000000000000000007872000000000000000000000000000000
0000000000000000000000000000000000000000000000000000000000000000
0000000000000000000000000000000000000000000000000000000000000000
0000000000000000000000000000000000000000000000000000000000000000
0000000000000000000000000000000000000000000000000000000000000000
0000000000000000000000000000000000000000000000000000000000000000
2800000000000000000000000000000000000000000000000000936502000000
000084fcd500000000000000000000000000000000000000000000000000affc
000000000000038ffa9305000000000000000000000000000000000000000000
00000000000000000000000062fc500000000000000000000000000000000000
000000000000001314000000000000000edda500000000000000000000000000
00000000000000000000adecec7f0a0000000000006ef34a0000000000000000
000000000000000000000000003df8fcfcfcec3c000000000000c59700000000
00000ce32c00000000000000000000000045f9d442a8fcc70b0000000000a3f2
ff3f0000000000d9a200000000000000000000000000f1c60002a6fcb1000000
0000004dfdbb000000000095d100000000000000000000000000f297000013c9
000083f32e00000de2dc0000000000bbd100000000000000000000000000a4c6
0000000000001afcce0c0000d3ed290000000079d10000000000000000000000
0000000000000000000008aafc7700006ffc4e00000000c0d100000000000000
69000000000000000000000000000037fcfa4f006ffc4e00000000e6d1000000
0d9ae7af000000000000000000000000000000053ceddd28a4fc4e00000084fa
fdfcecbbc1fce25c000000000000000000000000000000000079fcfcfdfc6100
000264df9d8edbfcf38e2e00000000000000000000000000000000000057fcfc
0000000000000000000000000000000000000000000000000000000000000000
0000000000000000000000000000000000000000000000000000000000000000
0000000000000000000000000000000000000000000000000000000000000000
0000000000000000000000000000000000000000000000000000000000000000
0000000000000000000000000000000000000000000000000000000000000000
0000000000000000000000000000000000000000000000000000000000000000
0000000000000000000000000000000000000000000000000000000000000000
0000000000000000000000000000000000000000000000000000000000000000
0000000000000000000000000000000000000000000000000000000000000000
0000000000000000000000000000000000000000000000000000000000000000
0000000000000000000000000000000000000000000000000000000000000000
1de8fd885900000000000000000000000000000000000000000000002effb70d
00000000002ef8fdee6500000000000000000000000000000000000000000000
000000000000000000004fe7fdcd0b0000000000002d54090000000000000000
e91a00000000000000000000000000bae656550000000000004ef6b936000000
00000017d08e8703000000000000000000000039e79c3f0000000000000037a3
000000000000000043fdfd2f0000000000000000000000008dfdd60000000000
55fdbc33000000000000000043fdfd2f00000000000000000000000081fddf3b
000000000acdef262f0000000000000593fdfd45000000000000000000000000
000000000000000000affbd7bb3b3d00000c63c4fdfdfd440000000000000000
000000000000000000000000009efdfdfdfcfcf9f9fafdfdfdfc7c0100000000
05000000000000000000000000000000002faafdfdc7ebfdfdfdfdfdc2750000
00000000000000000000000000000000000000000027b8fd36060c0f0f7d941a
8b00000000000000000000000000000000000000000000000048fdb10c000000
0018e8fdc200000000000000000000000000000000000000000000000048fded
00000000000085bacb0000000000000000000000000000000000000000000000
000000000000000000005ca7f900000000000000000000000000000000000000
0000000000000000000000000000000c82000000000000000000000000000000
0000000000000000000000000000000000000000000000000000000000000000
0000000000000000000000000000000000000000000000000000000000000000
0000000000000000000000000000000000000000000000000000000000000000
0000000000000000000000000000000000000000000000000000000000000000
0000000000000000000000000000000000000000000000000000000000000000
0000000000000000000000000000000000000000000000000000000000000000
0000000000000000000000000000000000000000000000000000000000000000
00004080bfff80ff808080400000000000000000000000000000000000000000
000000000040ffffffffffffffbfffff40000000000000000000000000000000
000000000000000040ffffffffffffffffffffff800000000000000000000000
00000000000000000000000080ffffffbf800040808080804000000000000000
0000000000000000000000000000000080ffffff800000000000000000000000
800000000000000000000000000000000000000040ffffffbf80804000000000
ffffffffff4000000000000000000000000000000000000000bfffffffffffff
000000ffffffffffffff8000000000000000000000000000000000000040bfff
000000000040bfffffffffffffffff0000000000000000000000000000000000
000000000000000000bfffffffffffffffffbf00000000000000000000000000
00000000000000000000000080ffffffff808080808000000000000000000000
00000000000000000000000000000000bfffffff400000000000000000000000
4000000000000000000000000000000000000000ffffffff0000000000000000
ff4000bfff80000000000000000000000000000000000000ffffffff00000000
00ffffffffffbfffffbf80000000000000000000000000000000000080ffffff
000000000080ffffffffffffffff000000000000000000000000000000000000
0000000000000000000040ffffffffffffff0000000000000000000000000000
0000000000000000000000000000004080ffffffbf0000000000000000000000
0000000000000000000000000000000000000000000000000000000000000000
0000000000000000000000000000000000000000000000000000000000000000
0000000000000000000000000000000000000000000000000000000000000000
0000000000000000000000000000000000000000000000000000000000000000
0000000000000000000000000000000000000000000000000000000000000000
0000000000000000000000000000000000000000000000000000000000000000
0000000000000000000000000000000000000000000000000000000000000000
000000000000140e000000000000000000000000000000000000000000000000
0000002b5c5c5c5c3984e8d96f00000000000000000000000000000000000000
00000000001589fbfefefefefcfefefefc9f0600000000000000000000000000
000000000000000003b2fef2c58585c8eafefefefefecd250000000000000000
df110000000000000000000081feb4260000000020c88a7cc8e0fee020000000
000043f9fe7705000000000000000071f0eb080000000000000400000421effe
0000000000000062fefe3f0000000000000000fefe5400000000000000000000
000000000000000000000004ecfed00000000000000000fefe44000000000000
fe49000000000000000000000000000075fcfe0000000000000000fefe440000
000000c2fe8000000000000000000000000000002ef4fe0000000000000000f8
000000000000008dfef7150000000000000000000000000043feff0000000000
fefea3000000000000000024e8fede4c0300000000000000000000014afeff00
6386b9f8fede1e00000000000000000014cffefec0712800000000000000005f
fefefefefefefefca21c0000000000000000000000098be9fefef3c88686863e
00355b7abababad4babaac370000000000000000000000000000001b7ef8fefe
00000000000000000000000b0000000000000000000000000000000000000000
0000000000000000000000000000000000000000000000000000000000000000
0000000000000000000000000000000000000000000000000000000000000000
0000000000000000000000000000000000000000000000000000000000000000
0000000000000000000000000000000000000000000000000000000000000000
0000000000000000000000000000000000000000000000000000000000000000
0000000000000000000000000000000000000000000000000000000000000000
0000000000000000000000000000000000000000000000000000000000000000
0000000000000000000000000000000000000000000000000000000000000000
0000000000000000000000000000000000000000000000000000000000000000
0000000000000000000000000000000000000000000000000000000000000000
0000000000000000000000000000000000000000000000000000000000000000
00000000000000000000000000002c0d0d100000000000000000000000000000
fdb50000000000000000000000001480b7eaf1d0cffcfbfbf4e5fbfbfbde0000
0d0d0d0d0c0000000000000000001864a0b7f9fefefefefefefefefefefefefe
0000000000000000000000000000000000006afffefefefeef8a738d63580d0d
00000000000000000000000000000000000000000000f9fefeeda8360d000000
df1b000000000000000000000000000000000000000000000000fefeed360000
000069feff92000000000000000000000000000000000000000000000000b0fe
000000000000009ffede2a000000000000000000000000000000000000000000
000000000000000000000041eefedf1a00000000000000000000000000000000
000000000000000000000000000000004dfdfed21b0000000000000000000000
0000000000000000000000000000000000000000005cfcfebf05000000000000
fef34b0000000000000000000000000000000000000000000000bbfefe8b0000
00000023e5fee418000000000000000000000000000000000000000000000ebe
000000000000000038fefed01800000000000000000000000000000000000000
0000000000000000000000000f87fefec3030000000000000000000000000000
00000000000000000000000000000000000fa5fefe6e00000000000000000000
000000000000000000000000000000000000000000001fb2fec1000000000000
00000000000000000000000000000000000000000000000000000000442b0000
0000000000000000000000000000000000000000000000000000000000000000
0000000000000000000000000000000000000000000000000000000000000000
0000000000000000000000000000000000000000000000000000000000000000
0000000000000000000000000000000000000000000000000000000000000000
fefefefe56000000000000000000000000000000000000000000000000000000
76a0f8fcfdfdfdfdfa5a00000000000000000000000000000000000000000087
000067e8fdfdfdfdfdfdfdfdfdd800000000000000000000000000000000002d
000000000000eafdfdfdfdaa3130e0fdfdfb9000000000000000000000000000
00000000000000000095fbfdfdaa3106000012b6fdfdfb5f0000000000000000
f528000000000000000000002af5fdfddd1a00000000003dfdfdfde158000000
1be1fdfdfd760000000000000000000075fdfddd2a0000000000000789fdfdfd
00000000003afdfdfd760000000000000000000075fdfd9c0000000000000000
00000000000000000008b1fdfd970000000000000000000075fdfd9c00000000
f7fdfd9c000000000000000000003afdfdf800000000000000000000d9fdfd9c
00000000dcfdfd9c0000000000000000000078fdfd9a00000000000000000000
000000000000000075fdfdae060000000000000000009bfdfdd0000000000000
fd760000000000000000000075fdfdfd860700000000000000009bfdfda00000
0021d8fdf62d0000000000000000000066fcfdfdfd4306000000000000009bfd
ae96968028d8fdfdf100000000000000000000000094fbfdfdfd861b07000000
fdfdfdfdfdfdfdfdfdfdfdf36900000000000000000000000000d7fbfdfdfdfd
0000002d75b79cd2ddfdfdfafdfdfde500000000000000000000000000000099
0000000000000000000000005f7b7b53ea8ba100000000000000000000000000
0000000000000000000000000000000000000000000000000000000000000000
0000000000000000000000000000000000000000000000000000000000000000
0000000000000000000000000000000000000000000000000000000000000000
0000000000000000000000000000000000000000000000000000000000000000
0000000000000000000000000000000000000000000000000000000000000000
0000000000000000000000000000000000000000000000000000000000000000
0000000000000000000000000000000000000000000000000000000000000000
fffefefefefef1882f0000000000000000000000000000000000000000000000
36c3fdeadabf87e7fdfdfdfde4210000000000000000000000000000000882ca
0000000fb2fd91250000001fbdfcfdfdf02b0000000000000000000000000000
000000000000009efd8d0300000000000044b6b6520000000000000000000000
0000000000000000000055f1b606000000000000000000000000000000000000
0000000000000000000000000000aafd75000000000000000000000000000000
000000000000000000000000000000000000aafd300000000000000000000000
00000000000000000000000000000000000000000000aafd3000000000000000
a600000000000000000000000000000000000000000000000000aafd7b000000
00000ccbc00a00000000000000000000000000000000000000000000000058fd
00000000000000bcfd7205000000000000000000000000000000000000000000
000000000000000000000051fdfd0c0000000000000000000000000000000000
b120000000000000000000000000000292fdbd06000000000611823604000000
d2c966d7fdb8180000000000000000000000000025ecfd7f00077994c2fdfdfd
fdfdea5a0700000dcafd2400000000000000000000000000007ffbf6a6bafdfd
1d84fbfdfdfdee9d2f000a69effd24000000000000000000000000000000f1fd
0000000086fdfb5836dffdfdeedbdffdfdae1600000000000000000000000000
0000000000000079fafd5300000c6ceafdfdfde8320400000000000000000000
0000000000000000000000000000000000000000000000000000000000000000
0000000000000000000000000000000000000000000000000000000000000000
0000000000000000000000000000000000000000000000000000000000000000
0000000000000000000000000000000000000000000000000000000000000000
0000000000000000000000000000000000000000000000000000000000000000
0000000000000000000000000000000000000000000000000000000000000000
0000000000000000000000000000000000000000000000000000000000000000
0000000000000000000000000000000000000000000000000000000000000000
0000000000000000000000000000000000000000000000000000000000000000
000000008afffee6f8d09a2d0000000000000000000000000000000000000000
000000000000001fd5fefefefefefecd28000000000000000000000000000000
00000000000000000000007dfefefeecfefefefed21100000000000000000000
000000000000000000000000000000a8fefe971a2898fefefe62000000000000
fc350000000000000000000000000000000000cdfefecf0a002ccafefea60000
fefefefebd0000000000000000000000000000000000007dfefefeb48853f2fe
c9fefefefefed138030000000000000000000000000000000000003ffefefefe
000000005ceefefefee458000000000000000000000000000000000000000001
0000000000000000003dfefefef8670000000000000000000000000000000000
0000000000000000000000000002a6fdfefef85b000000000000000000000000
0000000000000000000000000000000000000071aafefee66400000000000000
fee35f00000000000000000000000000000000000000000010e5fefefd5f0000
0014cafefefee42600000000000000000000000000000000000000000085fefe
00000000000015cafefefec10000000000000000000000000000000000000000
00000000000000000000005af2fefef65b000000000000000000000000000000
000000000000000000000000000000008dfefefef22300000000000000000000
000000000000000000000000000000000000000017b9fefed600000000000000
0000000000000000000000000000000000000000000000000018f7feb7000000
0000000000000000000000000000000000000000000000000000000000000000
0000000000000000000000000000000000000000000000000000000000000000
0000000000000000000000000000000000000000000000000000000000000000
0000000000000000000000000000000000000000000000000000000000000000
0000000000000000000000000000000000000000000000000000000000000000
0000000000000000000000000000000000000000000000000000000000000000
0000000069ffdb17000000000000000000000000000000000000000000000000
00000000000000009efdfd2a0000000000000000000000000000000000000000
0000000000000000000000009efdfd4300000000000000000000000000000000
000000000000000000000000000000009efdfda0000000000000000000000000
00000000000000000000000000000000000000009efdfda00000000000000000
0000000000000000000000000000000000000000000000009efdfda000000000
9efdfda00000000000000000000000000000000000000000000000009efdfda0
0000000fdafdfd56000000000000000000000000000000000000000000000000
0000000000000017fdfdfd2a0000000000000000000000000000000000000000
000000000000000000000017fdfdfd2a00000000000000000000000000000000
00000000000000000000000000000017fdfdfd2a000000000000000000000000
0000000000000000000000000000000000000017fdfdfd2a0000000000000000
00000000000000000000000000000000000000000000000bcdfdfd2a00000000
9efdfd400000000000000000000000000000000000000000000000009efdfd2a
000000004afdfdcb0c0000000000000000000000000000000000000000000000
000000000000000009c0fda00000000000000000000000000000000000000000
00000000000000000000000000b0fdf115000000000000000000000000000000
000000000000000000000000000000000095aa6f020000000000000000000000
0000000000000000000000000000000000000000000000000000000000000000
0000000000000000000000000000000000000000000000000000000000000000
0000000000000000000000000000000000000000000000000000000000000000
0000000000000000000000000000000000000000000000000000000000000000
0000000000000000000000000000000000000000000000000000000000000000
0000000000000000000000000000000000000000000000000000000000000000
0000000000000000000000000000000000000000000000000000000000000000
0000000000000000000000000000000000000000000000000000000000000000
0000000000000000000000000000000000000000000000000000000000000000
0000000000000013d6e226000000000000000000000000000000000000000000
000000000000000000000020f5fddf3019190d190b0000001319190e00000000
cdddd47600000000000000000000000097fdfdfdfdfdd1fdc79d8741e6fdfd91
4848261500180b0000000000000000000000000010b5fdfdfdfdfefdfdfde6db
b90700000000000000000000000000000000000000000000002eeffdb8484848
000048fdfd7c00000000000000000000000000000000000000000000000065fd
0000000000002debfd9100000000000000000000000000000000000000000000
0000000000003fa76e6e8ff9fdc06e6e6e5f0000000000000000000000000000
0000000000000000000057fdfdfdfdfdfdfdfefdfdfc52000000000000000000
000000000000000000000000000000005195b8f6fefef4f2e769000000000000
00000000000000000000000000000000000000000000004cfafd0d0000000000
d9fd5e00000000000000000000000000000000000000000000000000d9fd0d00
00000000d9fd8500000000000000000000000000000000000000000000000000
0000000000000000b6fde2000000000000000000000000000000000000000000
00000000000000000000000060fdfe0000000000000000000000000000000000
0000000000000000000000000000000060fdfe00000000000000000000000000
000000000000000000000000000000000000000060fdfe000000000000000000
00000000000000000000000000000000000000000000000033f2510000000000
0000000000000000000000000000000000000000000000000000000000000000
0000000000000000000000000000000000000000000000000000000000000000
0000000000000000000000000000000000000000000000000000000000000000
0000000000000000000000000000000000000000000000000000000000000000
fee6af3600000000000000000000000000000000000000000000000000000000
00003bf2fef5d1ec420000000000000000000000000000000000000000000084
00000000000096fe932135ceec29000000000000000000000000000000000000
0000000000000000000071f220000008dab50000000000000000000000000000
00000000000000000000000000004bec20000002694800000000000000000000
00000000000000000000000000000000000050dea01000000000000000000000
000000000000000000000000000000000000000000000097fed70a0000000000
2cf5fefa8f0800000000000000000000000000000000000000000018adfed93e
00000000c0fefefefe8300000000000000000000000000000000000000000000
0000000000017eaf97e5a4efe02d000000000000000000000000000000000000
00000000000000002daafee41c00000000000000000000000000000000000000
00000000000000000000000086fe940900000000000000000000000000000000
00000000000000000000000000000000b3dc0800000000000000000000000000
0000000000000000000000000000000000000000efb800000000000000000000
0400000000000a23000000000000000000000000000000009afe400000000000
00aefefe94030000000078a20c00000000000000000000000000000014fecf57
000000000011c6fefee159180c24d0f51c000000000000000000000000000000
000000000000000000000750eafffef4f1f7ffbd000000000000000000000000
0000000000000000000000000000000000000000000000000000000000000000
0000000000000000000000000000000000000000000000000000000000000000
0000000000000000000000000000000000000000000000000000000000000000
0000000000000000000000000000000000000000000000000000000000000000
0000000000000000000000000000000000000000000000000000000000000000
0000000000000000000000000000000000000000000000000000000000000000
0000000000000000000000000000000000000000000000000000000000000000
0000000000000000000000000000000000000000000000000000000000000000
0000000000000000000000000000000000000000000000000000000000000000
0000000000000000000000000000000000000000000000000000000000000000
0000000000000000000000103a8c8c8c80250400000000000000000000000000
000000000000000000000000000050d7fdfdfdfdfdfdc2762f00000000000000
f3ec3f0000000000000000000000000000a2f7fb7c2a1414219be5fdc6660000
000000007efdf20000000000000000000000000033f4fd690000000000000669
000000000000000072fdff0000000000000000000000000048fdc70500000000
0ce3f42300000000000000001340670000000000000000000000000048fdc000
000000000089fd7f000000000000000000000000000000000000000000000000
000000000000000000038efd7800000000000000000000000000000000000000
00000000000000000000000000001bd5fd450000000000000000000000000000
000000000000000000000000000000000000001cb7e678000000000000000000
c2000000000000000000000000000000000000000000000003b4faa016000000
e9fdfdfdfa9a0d0000000000000000000000002f1200000000000020104fcffd
9a8f8d455353535382fd45000000000000000000000000f3ea81c9e4e4e4dfeb
17000f000000000000000000132404000000000000000000000000fde58fd65b
0000000000000000000000000000000000000000000000000000000000000024
0000000000000000000000000000000000000000000000000000000000000000
0000000000000000000000000000000000000000000000000000000000000000
0000000000000000000000000000000000000000000000000000000000000000
0000000000000000000000000000000000000000000000000000000000000000
0000000000000000000000000000000000000000000000000000000000000000
0000000000000000000000000000000000000000000000000000000000000000
0000000000000000000000000000000000000000000000000000000000000000
0000000000000000000000000000000000000000000000000000000000000000
0000000000000000000000000000000000000000000000000000000000000000
00000000027effca460000000000000000000000000000000000000000000000
00000000000000000afdfdfdef48000000000000000000000000000000000000
0000000000000000000000000dfda6c1fdf21100000000000000000000000000
0000000000000000000000000000000077fd3c07b4fdca340000000000000000
f44200000000000000000000000000000000000099fd3c000e67f8d348000000
e99d3492fde8100000000000000000000000000000000000affde97b090086fa
07dcfdfdfdfdf9d0fdf536000000000000000000000000000000000034fdfdfd
00000000000dbafcfdfdf0fdfddc000000000000000000000000000000000000
00000000000000000000008bfdfd2f5c5c2b0000000000000000000000000000
000000000000000000000000000000048dfda400000000000000000000000000
000000000000000000000000000000000000000036fdfc520000000000000000
28000000000000000000000000000000000000000000000012d9fd9e00000000
0000e2fd990000000000000000000000000000000000000000000000004df7f2
00000000000066fddf0800000000000000000000000000000000000000000000
0000000000000000000015fdfd0b000000000000000000000000000000000000
00000000000000000000000036763afdfd760000000000000000000000000000
0000000000000000000000000000000027eefdfdfd2b00000000000000000000
00000000000000000000000000000000000000000044c8fdab02000000000000
0000000000000000000000000000000000000000000000000000000000000000
0000000000000000000000000000000000000000000000000000000000000000
0000000000000000000000000000000000000000000000000000000000000000
0000000000000000000000000000000000000000000000000000000000000000
0000000000000000000000000000000000000000000000000000000000000000
0000000000000000000000000000000000000000000000000000000000000000
0000000000000000000000000000000000000000000000000000000000000000
0000000000000000000000000000000000000000000000000000000000000000
0000000000008afefffefefecf76200000000000000000000000000000000000
00000000000000000025e4fdfdfdfdfdfdfdefeaeaeaea744a00000000000000
fdfd610000000000000000000060fdfdfdfdfdfdfdfdfdfdfdfdfdfdf4bf1d00
fdfdfdfdfdf8540000000000000000000017defdfdfdfdfdfdfdfdfdfdfdfdfd
00004b67676767dd8356000000000000000000000000d4fdfdfdfd91dbdbf4fd
fdfdfdc856000000000000000000000000000000000000000000d4fdfdfdfd0f
00000285fdfdfdfdcb1500000000000000000000000000000000000000008dfd
0000000000000036fdfdfdfdfdc3190000000000000000000000000000000000
00000000000000000000000a8be1fdfdfdfdc219000000000000000000000000
00000000000000000000000000000000002fe6fdfdfdfdbe0000000000000000
fb9008000000000000000000000000000000000000002ef9fdfdfdf457000000
59fdfdfdfdfd520000000000000000000000000000000000000000a5f9fdfdfd
000000000597fdfdfdfdf8590000000000000000000000000000000000000000
00000000000000000009c1fdfdfdfdf35d000000000000000000000000000000
000000000000000000000000000041e7fdfdfdfdc00000000000000000000000
0000000000000000000000000000000000001ad4fdfdfdf05700000000000000
00000000000000000000000000000000000000000000004efdfdfda100000000
0000000000000000000000000000000000000000000000000000000c77fd7c10
0000000000000000000000000000000000000000000000000000000000000000
0000000000000000000000000000000000000000000000000000000000000000
0000000000000000000000000000000000000000000000000000000000000000
0000000000000000000000000000000000000000000000000000000000000000
0000000000000000000000000000000000000000000000000000000000000000
0000000000000000000000000000000000000000000000000000000000000000
0000000000000000000000000000000000000000000000000000000000000000
0000000000000000000031ec4e08000e33ae7b00000000000000000000000000
0000000000000000000000000000a3fcfcc9bed3fcfcfd000000000000000000
000000000000000000000000000000000026f7fcfcfdfcfcfcfcfd0000000000
15fcfd6a00000000000000000000000000000000002afcfcfcfdd79a62fcfd47
0000000015fdff6b00000000000000000000000000000000002afcec2a2a1200
0093fce80000000015fcfd6a00000000000000000000000000000000003cfde9
000000000093fce80000000015fcfd6a00000000000000000000000000000000
00000000000000000093fce80000000015fce350000000000000000000000000
0000000000000000000000000093fce8000000000c932a000000000000000000
000000000000000000000000000000000093fde9000000000000000000000000
00000000000000000000000000000000000000000093fce80000000000000000
0000000000000000000000000000000000000000000000000093fce800000000
0093fce80000000000000000000000000000000000000000000000000093fce8
0000000000d1fde9000000000000000000000000000000000000000000000000
000000000000000000fcfce80000000000000000000000000000000000000000
00000000000000000000000000fcfce800000000000000000000000000000000
0000000000000000000000000000000000fcfce8000000000000000000000000
000000000000000000000000000000000000000000a4d92f0000000000000000
0000000000000000000000000000000000000000000000000000000000000000
0000000000000000000000000000000000000000000000000000000000000000
0000000000000000000000000000000000000000000000000000000000000000
0000000000000000000000000000000000000000000000000000000000000000
f3c65200000000000000000000000000000000000000000000038ca84f000000
000ffefefefefd580300000000000000000000000000000000000000000ffefe
00000000000486cffefefefe3200000000000000000000000000000000000000
00000000000000000000000969eefefeb0080000000000000000000000000000
00000000000000000000000000000000001efbfeff9100000000000000000000
000000000000000000000000000000000000000000002fe1fed6130000000000
97ffeb00000000000000000000000000000000000000000000000067fbfec700
0000000086feeb00000000000000000000000000000000000000000000000000
abc564110000000028e2fb430000000000000000000000000000000000000000
00000067fefefef94b00000000b5fb460000000000000000000000000000000a
00000000000000eafefefefedd13000000b5eb00000000000000000000000000
0000000000000000000000ead8a7f4fefe6c000000b5eb000000000000000000
000000000000000000000000000000eacd0a49f2feba02000acceb0000000000
fefe6700000000000000000000000000000000aefe5c0077fefe060886ffe200
fefefefefdb504000000000000000000000000000000001afefa6993fefe48af
1bb8eafefefefefe8600000000000000000000000000000000000004b7fefefe
0000000000001e8596e9ee480300000000000000000000000000000000000000
0000000000000000000000000000000000000000000000000000000000000000
0000000000000000000000000000000000000000000000000000000000000000
0000000000000000000000000000000000000000000000000000000000000000
0000000000000000000000000000000000000000000000000000000000000000
0000000000000000000000000000000000000000000000000000000000000000
0000000000000000000000000000000000000000000000000000000000000000
0000000000000000000000000000000000000000000000000000000000000000
0000000000000000000000000000000000000000000000000000000000000000
fefefea45f100000000000000000000000000000000000000883c08937121202
e1fefefefefefefefecf972900000000000000000000000000000000b2fefefe
00000042f7fe9441419bd1fefefefebe00000000000000000000000000000000
0000000000000059fefe72000000122fa6feee45000000000000000000000000
000000000000000000000059fefe720000000000021d18000000000000000000
00000000000000000000000000000059fefa0800000000000000000000000000
0000000000000000000000000000000000000059fefe72000000000000000000
00000000000000000000000000000000000000000000004afafebc0000000000
66fbfebb000000000000000000000000000000000000000000000000e1fef843
0000000000f3fee51d0000000000000000000000000000000000000000000000
000000000000000000f3fefed31b000000000000000000000000000000000000
0000000000000000000000000041fefefefbfafafafae42e0300000000000000
e22e00000000000000000000000000001b91fefefefffefefefefefe44000000
fefefefefe9a0000000000000000000000000050f4fefefefefefefefefefefe
0029b6fefefefefefe9a00000000000000000000000e9af1fefedaaa62effefe
1500000000000d57fcfefefefe9a000000000000000000000caefefedc721800
5287230000000000000000001695fefed81b0000000000000000000052feb339
0000000000000000000000000000000000000000000000000000000000000000
0000000000000000000000000000000000000000000000000000000000000000
0000000000000000000000000000000000000000000000000000000000000000
0000000000000000000000000000000000000000000000000000000000000000
0000000000000000000000000000000000000000000000000000000000000000
0000000000000000000000000000000000000000000000000000000000000000
0000000000000000000000000000000000000000000000000000000000000000
0000000000000000000000000000000000000000000000000000000000000000
0000000000000000000000000000000000000000000000000000000000000000
0000000000000000000000000000000000000000000000000000000000000000
0000000000000000000000000000000000000000000000000000000000000000
0000000000000000000000110011001e2740bc5b000000000000000000000000
0000000000000000000000001fb9b9d7b9d7b9f0fefefec40000000000000000
0000000000000000000000000000000089fefef9f9f9b4e2f0d5fe7800000000
000fb7f83e00000000000000000000000000000097fef50000000000003bfeb9
00000000000034f9d115000000000000000000000000000046fefc4a00000000
23f2fe7800000000000000b0fe5b00000000000000000000000000002bfefe63
0000000000bdfecf000000000000002b5e0b0000000000000000000000000000
000000000000000000b6fecf0000000000000000000000000000000000000000
0000000000000000000000000051fecf00000000000000000000000000000000
000000000000000000000000000000000051fecf000000000000000000000000
00000000000000000000000000000000000000000051fecf0000000000000000
3c0000000000000000000000000000000000000000000000003ef8da0f000000
0000e3fea400000000000000000000000000000000000000000000000000e3fe
000000000000e3fea80000000000000000000000000000000000000000000000
00000000000000000000e3fea800000000000000000000000000000000000000
0000000000000000000000000000a7fed80d0000000000000000000000000000
00000000000000000000000000000000000077fefe1600000000000000000000
0000000000000000000000000000000000000000000016d5b504000000000000
0000000000000000000000000000000000000000000000000000000000000000
0000000000000000000000000000000000000000000000000000000000000000
0000000000000000000000000000000000000000000000000000000000000000
0000000000000000000000000000000000000000000000000000000000000000
0000000000000000000000000000000000000000000000000000000000000000
62004b0600000000000000000000000000000000000000000000000000000000
74fefef9d0005eeec36f0f0000000000000000000000000000000000135eb2b9
000000005bf9fef551000019b7f6c56b32140000000000000000000000000000
00000000000000000035b2fefd7d01000056ddfefee654120000000000000000
6b000000000000000000000000000883f1feca3e00000476d9fefe8500000000
0031d1fef62c00000000000000000000000000001ddcfef03e0000002dd5fef4
fec61100000037fefe5f0000000000000000000000000000001bddfef11f0000
0000000acdfecc2a2790e9fedb1b000000000000000000000000000000001cda
000000000000000018dffee9f4fefef873000000000000000000000000000000
000000000000000000000973cffefefef5a85426000000000000000000000000
0000000000000000000000000150d3f4eda3e6feec0e00000000000000000000
0000000000000000000000000000000882fee125000063fefe63000000000000
fe60000000000000000000000000000000000033feaa020000000ce5fe470000
000012fefe500000000000000000000000000000000000c6fe510000000012fe
f4b7010000004efed605000000000000000000000000000000000077fe830000
00000000b2fe7e020018dffd400000000000000000000000000000000000003f
00000000000000001bd9feb177deee5700000000000000000000000000000000
000000000000000000000000001965c4c49a1200000000000000000000000000
0000000000000000000000000000000000000000000000000000000000000000
0000000000000000000000000000000000000000000000000000000000000000
0000000000000000000000000000000000000000000000000000000000000000
0000000000000000000000000000000000000000000000000000000000000000
0000000000000000000000000000000000000000000000000000000000000000
0000000000000000000000000000000000000000000000000000000000000000
0000000000000000000000000000000000000000000000000000000000000000
fe430000000000000000000a0300000000000000000000000000000000000000
0003a5fdfdbc050000000000000023e33d0000000000000000000000000019d6
000000000018fdfdfdfd310000000000001eb4fdb60600000000000000000000
00000000000000000008bcfdfdfd4800000000000080fdfdfd25000000000000
fd480000000000000000000000003ee9fdfda9000000000000a8fdfdfd250000
00a8fdfdfd9d00000000000000000000000000a8fdfdc20b0000000000a8fdfd
fdeeeba08fc9fdfdfd9d00000000000000000000000000a8fdfdfda788332900
bbfdfdfdfdfefdfdfdfdfdfdfd9d000000000000000000000000007bfdfdfdfd
00000000b4fdfdfdfdfefdfdfdfdfdfdfd9d0000000000000000000000000005
000000000000000076fefffef9f9fefefefefefefefa18000000000000000000
00000000000000000000041448fdfdfd9134abe7fdfdfdfdea55000000000000
00000000000000000000000000001fdfe2fdfdfd4700000960b0d9b713000000
0000000000000000000000000000000000000091fdfdfdfd1900000000000000
e40a0000000000000000000000000000000000000000000eacfdfdfd70000000
0098fdfdfd35000000000000000000000000000000000000000000002becfdfd
00000000000ad3fdfd5800000000000000000000000000000000000000000000
00000000000000000000cdfdfd0d000000000000000000000000000000000000
000000000000000000000000000093fdca070000000000000000000000000000
0000000000000000000000000000000000000000000000000000000000000000
0000000000000000000000000000000000000000000000000000000000000000
0000000000000000000000000000000000000000000000000000000000000000
0000000000000000000000000000000000000000000000000000000000000000
0000000000000000000000000000000000000000000000000000000000000000
0000000000000000000000000000000000000000000000000000000000000000
0000000000000000000000000000000000000000000000000000000000000000
0000000000000000000000000000000000000000000000000000000000000000
0000000000000000000000000000000000000000000000000000000000000000
00000000000000000f65440c6565c2aeff98aa7d250000000000000000000000
000000000000000000000011aafdeccefdfdfdfdfdfdfdfd5d00000000000000
0300000000000000000000000000005cfdfdfdfdfdfdfdfdfdfdfdfd5d000000
080422000000000000000000000000000000005cfdfdfdfdfdfdc4fdaca5d31e
7c0000000000000000000000000000000000000000000016cefdfdfd9a3d183d
22d6fdfdf61600000000000000000000000000000000000000000000bffdfdfd
000000000089fdfdfd8800000000000000000000000000000000000000000000
00000000000000000043f5fdfdd8290000000000000000000000000000000000
000000000000000000000000000061fdfdfdda00000000000000000000000000
00000000000000000000000000000000000019ccfdfdf6680300000000000000
b9000000000000000000000000000000000000000000006dfdfdfdfd6b000000
00e6fdfdb900000000000000000000000000000000000000000000046df7fdfd
0000000000e6fdfdb90000000000000000000000000000000000000000000000
000000000000000000c0fdfdf349000000000000000000000000000000000000
000000000000000000000000004afbfdfd5a0000000000000000000000000000
000000000000000000000000000000000000b0fdfdad00000000000000000000
0000000000000000000000000000000000000000000031fdee43000000000000
000000000000000000000000000000000000000000000000000016fdb9000000
0000000000000000000000000000000000000000000000000000000000000000
0000000000000000000000000000000000000000000000000000000000000000
0000000000000000000000000000000000000000000000000000000000000000
0000000000000000000000000000000000000000000000000000000000000000
0000000000000000000000000000000000000000000000000000000000000000
0000000012a5fdfdfdfffdfd9c44000000000000000000000000000000000000
00000000000000006afcfcfcfcfdfcfcfced7000000000000000000000000000
0000000000000000000000006afcfc28151526a0e7e787000000000000000000
000000000000000000000000000000006afcfc30000000000000000000000000
000000000000000000000000000000000000000012d0fcdf2400000000000000
fcb7240000000000000000000000000000000000000000000023f3fd9d190000
f2fcfcfcfcfddf7f14000000000000000000000000000000000000002466edfc
0015cafcfdd79a5499d8fcfc9900000000000000000000000000000000001399
8d6b000023e1fcfc7a1200000012a4fc64000000000000000000000b2b000000
0000000023dfe3697afde0240000000000000000000000000000000000000007
00000000000000000020bdfdfcfc5c0000000000000000000000000000000000
00000000000000000000000000000ea1fcfc5508000000000000000000000000
000000000000000000000000000000000000006afcfcfcc53700000000000000
d4ec45040000000000000000000000000000000000000012fcfcfcfcec590000
44fcfcb929d9fc650000000000000000000000000000000000000000bffdf54c
000000000486fbfcc070fcea2b00000000000000000000000000000000000000
0000000000000000000086fcfdfcfcfc55000000000000000000000000000000
00000000000000000000000000000470bffcfcfc550000000000000000000000
0000000000000000000000000000000000000000000000000000000000000000
0000000000000000000000000000000000000000000000000000000000000000
0000000000000000000000000000000000000000000000000000000000000000
0000000000000000000000000000000000000000000000000000000000000000
0000000000000000000000000000000000000000000000000000000000000000
c70600000000000000000000000000000000000000000000015dfeae2d000000
0ace60c8fd4f000000000000000000000000000000000000000000000bfdfdfd
00000000000000a8fde621000000000000000000000000000000000000000000
000000000000000000000047ecfd4e0000000000000000000000000000000000
0000000000000000000000000000000092fda900000000000000000000000000
00000000000000000000000000000000000000003cfdee1e0000000000000000
0000000000000000000000000000000000000000000000003cfdfd2500000000
3cfdfd9d0000000000000000000000000000000000000000000000003cfdfd92
000000003cfefe9e00000000000000000000000000001d9bca4c000000000000
fdfdfd52000000003cfdfd9d000000000000000000000000001fdcfefed15201
6ffdd86088e7fdd1120000003cfdfd8c00000000000000000000000015d9fdfd
000000009cfdc2000020d6fe900000003cfdfd25000000000000000000000000
000000000000000080fdc20000001ff6faa5000059fde91c0000000000000000
00000000000000000000000009bcef660e000074fded1c48ecfd870000000000
e73700000000000000000000000000000080fdfdaf350000fdfde0edfde52100
fdfdfde96f000000000000000000000000000000000790fdfdf0a6d5fdfdfdfd
3184f2fef88474090000000000000000000000000000000000000674e8fdfdfe
0000000000000000000000000000000000000000000000000000000000000000
0000000000000000000000000000000000000000000000000000000000000000
0000000000000000000000000000000000000000000000000000000000000000
0000000000000000000000000000000000000000000000000000000000000000
0000000000000000000000000000000000000000000000000000000000000000
0000000000000000000000000000000000000000000000000000000000000000
0000000000000000000000000000000000000000000000000000000000000000
0000000000000000000000000000000000000000000000000000000000000000
0000000000000000000000000000000000000000000000000000000000000000
0000000000000000000000000000000000000000000000000000000000000000
00d5fd7600000000000000000000000000000000000000000000000000d7fe77
0000000000d5fd76000000000000000000000000000000000000000000000000
000000000000000000d5fd8a0a00000000000000000000000000000000000000
00000000000000000000000000d5fdfd86000000000000000000000000000000
00000000000000000000000000000000005dfdfdfe0000000000000000000000
0000000000000000000000000000000000000000000367fdffa7000000000000
fefdc82b0000000000000000000000000000000000000000000035d8fed52b00
00000087fefdfd4f000000000000000000000000000000000000000000000087
0000000000000069f3fefefe1400000000000000000000000000000000000000
00000000000000000000003fdffdfdab0b000000000000000000000000000000
00000000000000000000000000000087fefdfd4f000000000000000000000000
000000000000000000000000000000000000000ac8fdfdf01300000000000000
d7000000000000000000000000000000000000000000000079fdfdfd60000000
00edfdfdf7850000000000000000000000000000000000000000000000fdfdfd
000000000039fdfdfd9c00000000000000000000000000000000000000000000
00000000000000000039fdfdfd9c000000000000000000000000000000000000
000000000000000000000000000d39c049240000000000000000000000000000
0000000000000000000000000000000000000000000000000000000000000000
0000000000000000000000000000000000000000000000000000000000000000
0000000000000000000000000000000000000000000000000000000000000000
0000000000000000000000000000000000000000000000000000000000000000
0000000000000000000000000000000000000000000000000000000000000000
0000000000000000000000000000000000000000000000000000000000000000
0000000000000000000000000000000000000000000000000000000000000000
0000000000000000000000000000000000000000000000000000000000000000
119cfefefec47315000000000000000000000000000000000000000000000000
000000019ffdfdf8fbfdfdcb4100000000000000000000000000000000000000
0000000000000014fdf675294493f1fdf9890800000000000000000000000000
000000000000000000000012f7fa730200001d9df2fd6d000000000000000000
000000000000000000000000000000006afdfd2d000000002491160000000000
000000000000000000000000000000000000000007dbfdf0996f060000000000
fdfdf8ef9400000000000000000000000000000000000000002fe6fdfdfd5400
5ff8fdfdb5fcfdfdef000000000000000000000000000000000000000063fafd
0000004efcfdb8320104042c0400000000000000000000000000000000000000
0000000000000079fde40e000000000000000000000000000000000000000000
0000000000000000000000dbfd7e000000000000000000000000000000000000
6c0000000000000000000000000000d5fd820000000000000000000000000000
000000a7ec200000000000000000000000000078fde00000000000000000005d
00000000000000b2fd410000000000000000000000000046fdfa780200000000
06cbfdf39e110000000000b2eb1f0000000000000000000000000006a5fdfd2f
000000000013a3f8fdd8955b5a5a8aebdb000000000000000000000000000000
00000000000000000000001892ebfdfefdfdfdfda20000000000000000000000
0000000000000000000000000000000000208699c6fda57b1a00000000000000
0000000000000000000000000000000000000000000000000000000000000000
0000000000000000000000000000000000000000000000000000000000000000
0000000000000000000000000000000000000000000000000000000000000000
0000000000000000000000000000000000000000000000000000000000000000
0000000000000000000000000000000000000000000000000000000000000000
0000000000000000000000000000000000000000004fe08d0e00000000000000
fe63000000000000000000000000000000000000000000000075fdfdba000000
00000028f4f834000000000000000000000000000000000000000000002473ab
00000000000000002dfddb1f0000000000000000000000000000000000000000
00000000000000000000000000abfe7705000000000000000000000000000000
000000000000000000000000000000000009d4fd670000000000000000000000
000000000000000000000000000000000000000000002be4c413000000000000
fdc200000000000000000000000000000000000000000000000000aefd950000
00000000aeff1700000000000000000000000000000000000000000000000064
b9fdfdf7d735000087feb400000000000000000000000000000000000e3b6132
00000044fdac6bd8feeb580087fec30000000000000000000000000000000000
00000000000000adfd8800199afdfb5887fec300000000000000000000000000
000000000000000000000062fd8800000076edeb96fec3000000000000000000
00000000000000000000000000000017fe89000000009afefeff630000000000
fd7f000000000000000000000000000000000035f5b714140d007cfdfdd00f00
fefdfdf16e050000000000000000000000000000000000007efdfdfde0aff1fd
005edefdfefda329000000000000000000000000000000000000000005d8fdfd
0000000000000000000000000000000000000000000000000000000000000000
0000000000000000000000000000000000000000000000000000000000000000
0000000000000000000000000000000000000000000000000000000000000000
0000000000000000000000000000000000000000000000000000000000000000
0000000000000000000000000000000000000000000000000000000000000000
0000000000000000000000000000000000000000000000000000000000000000
0000000000000000000000000000000000000000000000000000000000000000
0000000000000000000000000000000000000000000000000000000000000000
0000000000000000000000000000000000000000000000000000000000000000
0000000000000000000000000000000000000000000000000000000000000000
0000000000000000000000000000000000000000000000000000000000000000
02791f003bf6e0f3740600000000000000000000000000000000000000000000
0000000015e4db11199e085fbf95020000000000000000000000000000000000
0000000000000000002ce4c6053d00003895ad0e000000000000000000000000
00000000000000000000000000004bcb420000000019c8560000000000000000
8b00000000000000000000000000000000002ee6f32b000000008a7d00000000
0000000ae458000000000000000000000000000000000054fc950000000006c9
006ee0c24402000060e10400000000000000000000000000000000008bfd9812
00000000000047f9ff973c1c14e5310000000000000000000000000000000000
0000000000000000000000caf6ceddfdcef92900000000000000000000000000
0000000000000000000000000000008ef687107bc46a00000000000000000000
0000000000000000000000000000000000000005c6fe6e000000000000000000
03000000000000000000000000000000000000000000000019edfa1d00000000
000000f47000000000000000000000000000000000000000000000000018d2db
000000000000007cf44000000000000000000000000000000000000000000000
000000000000000000000004a4e95e0000000000000000000000000000000000
0000000000000000000000000000000009ded300000000000000000000000000
0000000000000000000000000000000000000000007dd3000000000000000000
00000000000000000000000000000000000000000000000000025a1800000000
0000000000000000000000000000000000000000000000000000000000000000
0000000000000000000000000000000000000000000000000000000000000000
0000000000000000000000000000000000000000000000000000000000000000
0000000000000000000000000000000000000000000000000000000000000000
0000000000000000000000000000000000000000000000000000000000000000
0000000000000000000000000000000000000000000000000000000000000000
000000267d9e9e7d7d7d6e000000000000000000000000000000000000000000
00000000000053fbfefefffefefefe9d00000000000000000000000000000000
00000000000000000090f7fefefefefefefefeac000000000000000000000000
00000000000000000000000000defefefefefefefefe68080000000000000000
0000000000000000000000000000000000defefefefefeb885190a0000000000
f87500000000000000000000000000000000000000defefefefefee8b8000000
fefefefefed8000000000000000000000000000000000000006ffefefefefefe
00defefefefefefef2580000000000000000000000000000000000000083fefe
000000001ae6fefeeccdfef15900000000000000000000000000000000000000
000000000000000080fefefe9911413400000000000000000000000000000000
000000000000000000000000e4fefefe35000000000000000000000000000000
0000000000000000000000000000000089fefefe4d0000000000000000000000
000011000000000000000000000000000000000062fefefee728000000000000
fefeb683329dcf8e0000000000000000000000000000000023e9fefefe980900
0054fbfefefefefefefefef43f00000000000000000000000000000000d0fefe
00000000000088f5fefefefefefefefe6a000000000000000000000000000000
000000000000000000000024ddfafefefefefeeb310000000000000000000000
000000000000000000000000000000000020ddfefeeb6d000000000000000000
0000000000000000000000000000000000000000000000000000000000000000
0000000000000000000000000000000000000000000000000000000000000000
0000000000000000000000000000000000000000000000000000000000000000
0000000000000000000000000000000000000000000000000000000000000000
0000000000000000000000000000000000000000000000000000000000000000
0000000000000000000000000000000000000000000000000000000000000000
00fdfdfd5c000000000000000000000000000000000000000000000000000000
0000000000fbfbfbbe0000000000000000000000000000000000000000000000
000000000000000000fbfbfbbe00000000000000000000000000000000000000
00000000000000000000000000fbfbfbbe000000000000000000000000000000
0000000000000000000000000000000000fbfbfbbe0000000000000000000000
0000000000000000000000000000000000000018c3fdfdfdbf00000000000000
be000000000000000000000000000000000000000000003efdfbfbfbbe000000
fdfbfbfb33000000000000000000000000000000000000000000008dfdfbfbfb
000000dcfdfbfbfb2000000000000000000000000000000000000000000000dc
00000000000000ddfffdfdae0c00000000000000000000000000000000000000
0000000000000000000000dcfdfbfbfb20000000000000000000000000000000
000000000000000000000000000000dcfdfbfbfb200000000000000000000000
00000000000000000000000000000000000000dcfdfbfbfb2000000000000000
1400000000000000000000000000000000000000000000dcfdfbfbfb20000000
fdfbe520000000000000000000000000000000000000000000007efdfffdfdce
005fbcfbfdfbdd00000000000000000000000000000000000000000000007efb
0000000000bcfbfbfdd3b5000000000000000000000000000000000000000000
00000000000000000059fbfb9923180000000000000000000000000000000000
0000000000000000000000000000000000000000000000000000000000000000
0000000000000000000000000000000000000000000000000000000000000000
0000000000000000000000000000000000000000000000000000000000000000
0000000000000000000000000000000000000000000000000000000000000000
0000000000000000000000000000000000000000000000000000000000000000
0000000000000000000000000000000000000000000000000000000000000000
0000000000000000000000000000000000000000000000000000000000000000
0000000000000000000000000000000000000000000000000000000000000000
fd25000000000000000000000000000000000000000000000000000000000000
0047fcfdfcb53f00003f3f00000000000000000000000000000000000048fdff
000000000014aeedfcfcde1000d7f2b600000000000000000000000000000000
000000000000000000000090fcfcfcbf015cd2fd901500000000000000000000
000000000000000000000000000000006cfcfcfd900014cefcd35e0000000000
84f6fcd3250600000000000000000000000000000fdcfcfded200014fcfce320
fcfc49000084fcfcfc25000000000000000000000000150000c3fcfdfc960b00
bf6dd3fffdfd49000048fdfdfdb6000000000000000000000029ce910047fcfd
0033e7fdfcfcfcfdfcfc732a497cfcfcfcf23f0000000000000000000048fdff
00000000000099edfcfcfcfdfcfcf2defcfcfcfcfcfc49000000000000000000
000000000000000000000090fcfcfcfdfcfcfcfdfcfcfcfcfcfc490000000000
7705000000000000000000000000000090edfdfffdfdfdfffdfdfdfdfda02a00
9a330a1f00000000000000000000000000000000001e8adefcfcfcfdfce7bdd2
fcfcfcfd0000000000000000000000000000000000000000000005a0fcfcfcfd
0085fdfffdfdfdc00000000000000000000000000000000000000000000077fd
0000000000aefcfdfcfcf24e0000000000000000000000000000000000000000
0000000000000000003ddcfdfcdd670000000000000000000000000000000000
00000000000000000000000000000f6cbe100000000000000000000000000000
0000000000000000000000000000000000000000000000000000000000000000
0000000000000000000000000000000000000000000000000000000000000000
0000000000000000000000000000000000000000000000000000000000000000
0000000000000000000000000000000000000000000000000000000000000000
0000000000000000000000000000000000000000000000000000000000000000
0000000000000000000000000000000000000000000000000000000000000000
0000000000000000000000000000000000000000000000000000000000000000
0000000000000b0556f516000000000000000000000000000000000000000000
00000000000000000000cbb1f050000000000000000000000000000000000000
0000000000000000000000000000fcfcb8000000000000000000000000000000
000000000000000000000000000000000000fcfcb80000000000000000000000
0000000000000000000000000000000000000000006afcfc8300000000000000
00000000000000000000000000000000000000000000000032f4fde520000000
dbfdd74400000000000000000000000000000000000000000000000071fdfc85
0000006ffcfd1500000000000000000000000000000000000000000000000013
00000000000000b7fcfd00000000000000000000000000000000000000000000
0000000000000000000000b8fdff000000000000000000000000000000000000
000000000000000000000000000009c4fc9f0000000000000000000000000000
0000000000000000000000000000000000002dfce31100000000000000000000
000000000000000000000000000000000000000000002dfca100000000000000
2f0000000000000000000000000000000000000000000000000096fc39000000
0000a0fc2f00000000000000000000000000000000000000000000000000a1fd
000000000000a0fc2f0000000000000000000000000000000000000000000000
00000000000000000013ecfc2f00000000000000000000000000000000000000
0000000000000000000000000002748905000000000000000000000000000000
0000000000000000000000000000000000000000000000000000000000000000
0000000000000000000000000000000000000000000000000000000000000000
0000000000000000000000000000000000000000000000000000000000000000
0000000000000000000000000000000000000000000000000000000000000000
0000000000000000000000000000000000000000000000000000000000000000
0000000000000000000000000000000000000000000000000000000000000000
0000000000000000000000000000000000000000000000000000000000000000
0000000000000000000000000000000000000000000000000000000000000000
0000000000032d8826121212121239881b000000000000000000000000000000
00000000000000000029fdfdfdfdfdfdfdfdfdfdfe0000000000000000000000
0000000000000000000000000029fdfdfdfdfdfdfdfdfdfdff00000000000000
00000000000000000000000000000000001ee8fdfdfdfdd4a1419db649000000
000000000000000000000000000000000000000000003ce9fdfdf83900000000
fdfdbb000000000000000000000000000000000000000000000034f7fdfdf40c
1818185dfdfdf98e8e71180400000000000000000000000000000000000003c2
fdfdfdfdfdfdfdfdfdfdfdfdfdfdf01e0000000000000000000d181818181818
00002e9bc2d7fdfdfdfdfdfdfdfdfdfdd76e3400000000000000000000a8edfd
000000000000000000153b3b45b0c2e6f1fdfdfd590000000000000000000000
0000000000000000000000000000000000000a1da7fdfdfd5900000000000000
5900000000000000000000000000000000000000000000005efdfdfd59000000
37f3fdfd59000000000000000000000000000000000000000000000002e6fdfd
000000005efdfdfd590000000000000000000000000000000000000000000000
00000000000000005efdfdfd5900000000000000000000000000000000000000
00000000000000000000000014eafdfd59000000000000000000000000000000
0000000000000000000000000000000000e6fdfd590000000000000000000000
00000000000000000000000000000000000000000044877a0600000000000000
0000000000000000000000000000000000000000000000000000000000000000
0000000000000000000000000000000000000000000000000000000000000000
0000000000000000000000000000000000000000000000000000000000000000
0000000000000000000000000000000000000000000000000000000000000000
0000000000000000000000000000000000000000000000000000000000000000
f1570400000000000000000000000000000000000000000082f7f19d15000000
b2100029f3fda8130000000000000000000000000000000000000498fddec6f1
000078eb3400000027cffd920000000000000000000000000000000000006dfe
0000000000000000000000000015f0f348000000000000000000000000000000
00000000000000000000000000000000000047f3d11500000000000000000000
000000000000000000000000000000000000000000000091fdd1140000000000
59feee15000000000000000000000000000000000000000000000012e1fe8800
0000000005cafd6d000000000000000000000000000000000000000000000000
000000000000000000b6fe870000000000000000000000000000000000000000
0000000000000000000000000081fd7400000000000000000000000000000000
00000000000000000000000000000000005bfd9a000000000000000000000000
0000000000000000000000000c1313130c0000000081fdee1b00000000000000
00000000000000000000000000000042e3fdfdfde47c280000b5fdee1b000000
edfefd5a000000000000000000000000000005cafefebfbafffefe9905cafe8d
00007dfdfdfe9103000000000000000000000000000012fefdcb0302126cdffa
a9fbfdd3c8c7f9fdfdd0140000000000000000000000000000000392fde23208
000000000056cffdfefdfdaf7c15000000000000000000000000000000000014
0000000000000000000000000000000000000000000000000000000000000000
0000000000000000000000000000000000000000000000000000000000000000
0000000000000000000000000000000000000000000000000000000000000000
0000000000000000000000000000000000000000000000000000000000000000
0000000000000000000000000000000000000000000000000000000000000000
0000000000000000000000000000000000000000000000000000000000000000
0000000000000000000000000000000000000000000000000000000000000000
0000000000000000000000000000000000000000000000000000000000000000
0000000000000000000000000000000000000000000000000000000000000000
0000000000000000000000000000000000000000000000000000000000000000
0000000000000879f5fffff67a26020000000000000000000000000000000000
000000000000000000039bfdfdfdfdfdfdfdb039000000000000000000000000
0000000000000000000000000069fdfdfdf8fafdfdfdfdbf0100000000000000
fd0600000000000000000000000000000ebbfdfd9b00256fd2f5fdfd7e010000
00008dfdfd06000000000000000000000000000074fdfde20f000000008bfafd
0e000000000016eefd490000000000000000000000000019dbfdfd4c00000000
fdfdfdfdc1200000000015ebfd720000000000000000000000000096fdfdfddd
0000019ffdfdfdfdfdab280200007efdfd3d00000000000000000000000004e6
0000000000000049f0fdfdfdfdfdfd9f3760d3fdfd0600000000000000000000
000000000000000000000000bcfdfdd6fdfdfdfdfdfdfdfd8502000000000000
0000000000000000000000000000000057fdfd4116c0e8fcfdf5ae6103000000
00000000000000000000000000000000000000001cebde150000005156360000
00000000000000000000000000000000000000000000000000e2e01700000000
00c0fda8000000000000000000000000000000000000000000000000007bfd48
0000000021edfda8000000000000000000000000000000000000000000000000
000000000000000051fdfda80000000000000000000000000000000000000000
00000000000000000000000051fdfda800000000000000000000000000000000
000000000000000000000000000000002ef2e961000000000000000000000000
0000000000000000000000000000000000000000000000000000000000000000
0000000000000000000000000000000000000000000000000000000000000000
