04010100ff0402010301030201000302020100ff010102010301020100000302
0401020300000002000302020403020103030101000301030303040100000000
020105050403010200010102ff0304ff00020002040405060605090705040305
f1f800ff0104070905050401000304000301020100fe00fdfefc0003ff010605
f0eee7eaf1f60306030406090809040202040304030201fffdfdfcfcfaf3f0f1
fefafaeeeceff5f8fdff0106060808080b040306020301ff030101fffdf9faf3
0201fef8f5f8f7f1ececf4ff0c0b0c0505000503060504060300020001fffffa
0301010302fffbf4eff3f0f1efeffb0611160e03fb0502050a07070703000300
05040805050100020200f9f7eeededeaecf2030e10120801fc0402ff04030905
0201fdfd04030405030102020200f8f5f1f0f0eaf0fb010e070a03fa0101fe01
100df7eef7f4fffcfcff04040605040302fffdf9f4f5f6fbfb0406050609fffb
010a1018131005f5f6f8f9f5f6f7ff010104040303fefcfe00fdfdfc020f100d
05fffdfafbfeff090b0f0cfcfef9f8f3f1f4fa010400000001020203060201fa
0201060302fffbfbfafcfc050e14160707f3f0efeef3f5ff0302000204020305
020003000003030400fdfcfcfbfcf90507160e0c12fbebeef1f0f9020203ff02
e4e8f3fc01020004030305ffff00ffff0100fbfd060e0f14160aede4e6eaf4fc
100cfae6e9ecf1fbffff0000040402fefb030102020703fd060c1012130cf2e1
020201080806f6f3f1f0f4fa000000ff020301fefc00fc040204050403041116
01fff8fb03fffbf7f9fffcf5f3f4f8fbfe0103030202ff00fcfafbff0303fd02
00fcfd010000f8fd0100fbf6f4fefafaf4fa00fe010302030402ff01fcfafdff
01ff030003010402040801fe0500090afefafbfafb00fffe02000400020201ff
02ff020002020003ff0004030201ff00030101fffcf8f4fbfc02010002020201
040001010301000300040200ffffff05050401fefd04fcfdfaf8fdfe03020200
0402000304000302000103010202030302000103040808060408040101030203
0000000000000000000000000000000002020300ff0400040104030300030100
fffffdfffdfdfefffd0000fefd00fdfffefefdfdfdfdff00fffefffefcfdfdfd
0100fefffffe00fefffdfdfefffdfefffe00fffffefefffffe00fe0100fe00fd
02ff020200fffffcfefefffefdfefd00ff000202ff0400fffc00ff0103010000
0602fc010200000200000000fffffefcfffd000003010506060b070405010102
00fbfefcfc020001030201fdfafefdfffcfffc0000fcfd01000200ff02050303
faf5fb03040307080706040404050100fdfbfafdff00fcfcfdfeff00f8f7fafe
fdfd0202fbf5f800010505070a0300090e0f0a04fef8f7fafcfffcfd00fc0201
fffcfefcffff010602fd0101fffdf60100fcfe080a080c0c02fdf7fafdfffefe
09080302fdfefdfd000006090501040702f5f2ebeefcfafc070b0b0d0603fefb
ff00040a0b0b0504fffe00fd00ff020b0c0504080202f3f5f102fbf5fb07080b
040908f5fafa0002070a0a0401fdfcfefdfd000b0c06060701070b02fd0e0ef9
0b07010b080104fafb0102fd03080803fe00fcfffcfffc040a040505020c0f07
01030408070d0605060104070906fcfcfb0300fffdfefefffefbf9fd07020104
00fcf9ff0401060b0b1108fbfefe03080402f6fcfdfefdfcfefcfdfdfcfefdfe
fb00fefcfffcf5fd0101f802050901f6f2f5fa030402fafbfb00fffdfbfffefd
0305fef9fe00fdfe00fcf6fbfffffc00050105fdf2f2f7010c030201040300fb
090d0805010401fbfe00fdfcfffef8f8fb00fdfffffd0500fcf5f8030e0e0404
05040302070e0d0602fe01fafa00fefd00fdfbf9fbfefb0102ff03fff9f4f30a
f8fb0304080a0d0d09060401fffbf8f9fcfdfefc00fcfff9f9fdf9fafdfb02ff
fcfaf4f5f3f5fc0a0a0f0e0c02fff9f7f6f5f4fafefcfdfefefffdfcf8fcf9f9
fcfffd0001fff8f9f7f6fa00020503f8f9f5f4fbf7f7f9fefefcfcfdff00fefb
fdff0000fdfeff000001fdffffff0307070506060103ff03fffefffe00fdfefe
fffffefefcfdfcfdfeff00fe01ff0203080a090e0a0b07080a0603050302ff00
fffefffdfdfe00fe00fffd00fefffffdfdff0003020604050506090804030402
00000000000000000000000000000000fcfefdfffcfdfffffdfdfcfdffffff01
000200ff000300000102000201ff000102ff01000101ff010000ff02fffe01ff
000002020102020203ffff0000ff000201ff0100010101ff01010001000202ff
0201fffe0102ff010202ffff0101ff0001ff0002fefffe0201020202ffff0002
0202ff02010202ff02ffff00ffff02fefffe0003000100ff0101010203ff0200
fe0200ff00ffff02ff0201020102ff0001020100ff01ff000002ff0100fd0200
020000fffffffe010100fffeff010000000002ff02020001000202020201ff01
020102feff00ff0200000002020100ff0200010000ffff010300ff0200ff01ff
00010100ff0101020201020202ff01ffffff02ff01ff00010001020200010202
02020002000100030101ffff010000ff02000201fe0100fffefe02fe020100fe
ff01ff01fefffe020000ff01ff010100000201020101fefe020203ff02010202
010001010301ff02ff0002fe0000ff01000001010201000000fe00020200ffff
0100ff020200010000ff01fffeff010101020201fefe0101010002010200ffff
0101fffeff000201ff00fe0000feffffffffff0002ff000302000002ff000002
010201ff02ff03ff01000002010000010200000002ff0002fffe0301fe020002
00020102030200000002ff010200000002ff01ffff020101ff01ffffffff0200
ff01ff01ff0202ff0201ffff00fe03010100010100fe0201ff00000101ff00ff
ff00010200010202000001fe03ff01010000ff03ffff00ff02feffff01feff00
ffff02fe0101fe0202ff01ff0100fe020202020000ff01000002ffff00000200
02000103ffff0200ff00fffe01ff00020000fe01ff010102020200fe000100ff
00fe02ff0102ff02ff00ff000100ff0001000001010102ffff02000100000002
0103020302fe000100ff0003ff02ff010000ff02ffff00020202ff02ff01ffff
0202ff000201fe020102ff0102000002010002020300ff0000000200fffeff00
0200fe00fe02010100010102010100ff01feff01000000010101ff0002010101
0100feffff010101020100fe000202ff00000001ff0102fe02010102ff02fefe
000000000000000000000000000000000101ff020001020003000001ff000300
ffff01020102fe0001ffff02fffe000200ff00fefe0200ff01010101ff00fe01
fe01ff0002fe00fefeff000001ff0002feff0102fe0002ffff0001fffe000001
fdfe02fefe00010100ffff020202010000010001fffe010303ff000202ff01ff
08fffefffcfffdfcfc0001fe00000102ff0100000001fffeff020206070402fe
feff00fcfcfdfbf6f8f8ff00fffd020100fe020101fefffdff00fdfc01030706
fbfefef7f6fbf9f3f4fdfffdfaf8f7fdfc00fe02fffe0100ff00fdfefdfd00fe
00fffffefdfdf5f8f8faf4f1eef4f1fbfafefbf702040100030000ff0100fcfb
03020100fefefe030401fd01fafdf7f5ff01fd00f901fffd03020501020302fe
03050a07080301fefffe0005050805060607fff7020d0c0b0802040005040406
170f090609050809070602fe02010006090c0e120c1003f9fc071b14140e0b07
e5e8eb0515141515100904030606000100fe0204090708080d1209f3eef80d15
eaf1f7f4e6e5ddec04101511120e06000201fefffefe03040302fe00fd0807f9
0e06faf4e9ebeeeff0e7dddcef020b0a050a06fd01010001feff00080703f7f3
ff0201060b03fefbf2f1f6f3fbeedfd6dff201fc060503fd010001ff01ff0109
ffffff00fffffe04050103fdf8f5f9fa02f9e7d5daebfafdfefe00fdff01feff
f9f7fdfc0001fe01010000fe0201fefcf9fbfafc0400ede1e1e9f1f5f8fb00fe
f2f2fbff00fcfaffff000301000100fcfc0300fdfa0001f9fefff1e3e4ecf0f8
020001070404040601fcfffb0001fe01fe00fffefafefafe03040801fdfdf6f2
ff0907090502000b0f0c07060503fefeff0001fe00010100fafcfafb01050a04
fcfcfdfe00090c050d020103050a0b0a050301fc0001010100020201fbfdfdff
ff0101fffffbf9fb02010b010601fb01fe040400060300fffdffff02fe01ffff
010201000100fefffffffcfa000304fcfefefcfffdfdfe0201030201ff02ff01
00ffffff02010100ff00ff01fefe0100050605050002010400fc020601fe0102
ff030000ff0100ffffff010102feff020001fffe0603030305fdff0002ff0301
000000000000000000000000000000000200fe0000fe010200020002fe000002
0001020001000002ffff01020001fffe0100feff03ffff000203030001000101
ff01010002020202fe0100000100030101ff0201fe020101ff02ff0100ff02ff
010102030101ffff010202ff02020101010000ff03030201ff0000ffff000000
ffff000100fffe000202ffff0002020002fffe010202ff010002020100020002
020301000202ff01ff01feff0300030001000100ffffff00010001ffffff0103
000200010302ff02fe0100fffe0002010300030301000301ffff010002ff01ff
01000100010101ff020001ff020100fefeffff02ff01ff0200fefe010202ffff
00ff0302010201ff0102030100ff03ff0000fefffe01ff00fe000100ffffffff
fe00000001ffff0202ff030002030100020002fffdfdfd0001ff0000ff0201ff
000000fffefe03ff0001020100000302feffff02020002ff02fe000001ffff02
fefefd01fd00fe020201ff010000ff0000ff0100ff00fffffe0001fffffffefe
010100ff0000fefffffdff00020002ffff00000200ff02ffff000100010001fe
0102000000ff01feff0003fffefe01fefe010200ff00ff010301010000ff0203
000003ff0102fe02fefe02ff01ffff00ff01010103ffff01feffff0300ff0101
01000001ff0000ff0102000101fefffeffff01ff0001000100010002fe01ffff
ff02ff0202ff0000ffff00ffffff0001ff0000fe0000ff02ff010100030202ff
0003010100ff0201010201ff020102ff02ff00ff01010002ffff0003fe010200
02ff01fe02020002ff000001fffe000003ff0001ff00010101000001fe00ff01
01010001ff01000000000000020300010200ffffff02030300ff02000100fd01
0102ffff00fffe02fffffe010001020001010101010002000202ff02ff020000
020002ffffff020003fe020100ff0101fe020202ff00ffff030002ff000100ff
00ff0102fffe03ff020102ff02feff0001fe0100fd00feff0003ff0000000201
020300020202030201ff0002010200020102020101000100030001010200ffff
03020103000002ff0000000101000203000202fe00020100ff00ff0302ff0202
0000000000000000000000000000000002ffffff0301000201010100ff030100
0303020102010204010203000000040301020303010404020203010401040100
0300040100020104010401010203030200020401040303000001030301040401
fffe01020102040400010304000402030402010304040302000201ffffff0200
f3f5f5f6f7f7fbfcfe01030201040001020201ff00ff00fffdfdfbf9f7f9fbff
eee7ebedebf0f3f3f2f1f4f8fbfe030203030301030101fffefdf8f6f5f7f4f3
00fdfbf8f5f6eee8e6eeebf0f5f2f4f7f7fe0103000301000304030100f9f4f1
01030303070d100602050405fbfbf8f6f2f2f4f1f8f800020102040103040502
030303040102070b0a0e151311161d110a0404faf0f0f4f5f9f9fd0303010401
f8fcfe000202020401050c0f070b11111b1f1d1917110f00f7f6fbf7f8fd0001
09010102faf7fe0504020301040711140e09120e1710091017181208010001fe
060c01fd030005050601fd03060402040303080a0a090d070201f6fd080d1106
f2eef0f6000f03fb000507090805020304040203020205fdfbfbf4f6f2f2f1ed
f9f7f3f1f7fdf9fe000b0802000405010503030304030200030200fff5f4f1f0
0300fffdf8f6f2f2f302fff9fb0606050405fd00fe0600ff01030303000102fc
fe0000010202fff9f5f4efeef1f9f6fbeefe0500050a0403fc02000303ff0101
0803fcf8fe0100030001fefcf8f6f5f5f4f8f6f2f900050003060604050701fd
fbfdff0001faf8f7fe030103030300fcfaf4f4f8f9f8f9eaf30004fe03050506
f3f8ff00fcf9f6fdfafaf7f4fa00000204020101faf8f3f7f8f8f7f2ecf80401
f7f1f2f1f7fefcfbf5f7fcf9fcfaf4f7ff02030303040003fffcf7f8f7f5f7f5
00fffdfdf7f7f7f5fa02fc00f5f802fefffbfafcfe00010302020400fdf9fdfb
020403000401fefefaf7fbfdfafcfa0200040201fffe00ff0203010001040402
040102040304010103020001020203fefff8fe00fefffd00fefe020103030201
0202000202030404010202030306070706070a0a0505050401fe01ff01fe0203
0503020101020103020202030401000302020405050708080a0b0b0808070603
0000000000000000000000000000000003040004010100020102020204040203
0301ffff01000201ff010204ff020002010003000002000201ff0201ff010300
0303ff0000030301010303000201010302000101000002ff0303000101000201
0004030001020100020202020202020001030103020404030303030300020201
fbfe0302030505020103040100020301020300030000000300fefeff00040303
f5f9f7fcfbf8f9000205070405030101010302000400feff0503fffe02faf7f8
0802fcf4f1f4f7fbf8eeeef3fafbfefe0101020302030303030200050804fff9
ff0301030100f4f4f3f6fcf9f5f4e6ebf4f5f7f8fefd01000102000200010005
ff030000000004fefbfaf7f9f5f902f2f5ede8e8f5f8f5f0f6fd0100ff020302
f7f3f8fcfe02ff0402ff03fff8f70200f9fc0004f3e1e1e9eff2f4f5f2f2fefe
e5f1f8faf5f3f7f8fe030101030103fef5fb0301fdfe070e0cf3e6e0e9f3f9fa
1115130bfdf5f7fef9f5f2f9ff03000003fefefaf8fb03ff00f6fc0f130afaec
030000070b0a10190d04fe00fcfcfbf901000002010201fffa00030303fcfa08
0d0d08080a05070c0a0d111c140a0c04040501ff030200010303060907050706
ff020409080c08050b0b0a080d141517100b0c0c0c0b07020202ff0103030107
0304020103010306060a100e0c0d08080f1411080b030b0b110c070504040303
06050705030201020104040606080c050510080a04100a060902080a0c0d0707
0b0408060401ff04020303000301010501ff02ffff0b080b030d100f05ff0807
0000f80201000300fdfdfe000202020103030103fff9fcfcf903070d08090a06
f9f9fbf9f7f5eff1f2f6f8fdf9f8fdff0403030101030100fbf9f9fcf9000507
f9f8f9f8f8f2f3f4f4f2f1ebf2f3f2f3f8fa01010302030003030400faf6f9f7
030401fdfcf9fcf8f4f2f3f6f6fcfa0000fcfbf7fb000401030200ff01010100
ff0202ff03000001fcfcfcfbf8f5f5f7f7fc020302fefdf9fbfd01ff00010303
fdfe000103030003ff0203010100fcf6f3eff0f3f6f2f8fafcfbf9fafbfe0001
010201000000ff020100010303ffff010002fffbf7f8f8f5f7f4f6fafafefbfc
00000000000000000000000000000000030100ff00010100fe020202010103ff
00ffff01ff0200000300000002ff02ffff0303ff010300030101ff0100ff0102
000300ff0102ff02010301ff02030302010202fe02ff0201ff02020200ff0301
fbfeff01020201ff02ff02000202030301020304020301010403030301000001
0101fcf4f3f5f6fcfeff01000000ffff02ff020200050605040301010202fffd
0d0c07fd0302faf6f3f9f7f5f9fcff02030202ff0302ff03050a0b070a040501
0e0a040402fffefe0003fef8f7f6f2f5fafb00fefe000302010101060d0f0908
000201040504ff0002fd0000020b010000f7f6f3f9fcfffefd01010101020405
fdff0102ff01050301fafafafafb01ff0003070300f7f6f4f6f7fdfbfeff0201
f7f3f9fafe00010001020105fcf2f5f1f2f9f9fbfdfa060806f8f9f9f8f8f9fb
0803fef8f9faf7fafe01000101000300fbf6f0eff1f600fa04f9040c08fff9fa
fef906120f0600fd0102fbf9fc0102fffffffefffcf5f6f0f5f9020200f1000b
faff01fafef5f90706020201040601fdffff03010000fe0001fcf8f7fafcfefe
0305fffdf9f4f900fdf3f3fcfafe0406050505010000000102fdfcff04fefdf9
01fffefe050400fdfaf7f7fef9fcf60002060a09050102ffffff000200fcfe00
0000ff0001fdfbff0002020501faf3fe010afbfd07080a09030303fe00010301
fe00fefdff020202fffdfafdfefe04030002fdfe030a00fa030f0a07010204ff
090506020003ff01ff01ff000200fbfaf9f903010201fd0007090202ff000605
060a0410130d0b01fd01ff0200ff020303ff00fefafdff060708020708080603
05080a0509060710100e0505fd000504020002000100fefefe010102080e0c0f
fefd020406070607080103fd01fd00fefc01040002020102030002fefffe0507
0301ff00fe00fe0002ff04050501fe00fe04fefefe010100fe00ff02ff000200
ff0000000000ffff02ff01fdfffdfef8f8f8f8f9fcfefdfbfafefd01ffff0101
ff000202020000ffff00ffff030000fffafaf8f5f8f3f6f6f5f8f8f9fdfcff02
ffff000101020200010101020203ff03fffe01fefefbfcf9fbf6f7fbf9f9fbfc
00000000000000000000000000000000010101020302000002fefe0201fffe00
020001020103ff0202010201ff00ff020102ff0002010101020202fe02fefe01
01020201fffeff02010202ff01ff0300fefefefefe01020101000200000000ff
0003010000010202ff0001020001ff0002ff0303ff010000010202fffe03ff00
02fe0202ff00ff00ff0002ff0001ffff020101ff010100ff0203ff00ff01fe01
000100000100ff0001ff02fffeff0000ffff0101fe00ff03010302010100ff01
00020301fe01ff00fe0201fefe0003fffffe02010001ffff02ff00ff02ff0301
ff0202fe020200ff00feff00ff0000fefeff00ff0002000002ff02feffff0101
020102ffffff02fffeff01feff0202fe02fe00fe00010203ff0101010000fffe
fe0202ffff03ffffffff030201ffff0000ffff010300020102fffe020101ff00
fe0302020000fffefe0000ff02fffe02feff0000ff0102feff00ffffff010100
01feff00ffffffff00010001020001000000000002fe0002fe02fe01fe0001ff
020102fe0102fffeff01ff02010002ff02020001010001020201fe0200000201
020302ff0001ffff02ff010100ff01fe010001fe010201fe0000000100020003
01fffe00fe0200ff01000001fe000000fe02ffff02fe01030102fe01ff02fe00
ff0002020000ff0101ff020000feff0001fefe0201ff01000103000301020100
00ff01fe000000ff020101ff0300000102020001010202020001fe010202ffff
02ffff020100ff000200020002020003ff0101010002020101ff00ffff000201
00fffffffffffefe020100000102ff000001fe02fe0202ff000100ff01ff01ff
00fe0101ff01000100ff02fe0101000002fe0001ffff0000ff01fffffffe0100
0003ff010000fffefe0101000001feff0001fe0300feff030002010102feff02
0001020001ff0100ffff010100feff02ffffffff01fe010201ff0001feff00ff
01000002ff0302ff02ffff03ff020302ff010100000201ff0100fe0100ff0100
02020001fffe00fe020102ff03ff00000101020103010100020101ff0203ff01
fe01020200fe020101fffe0103ff010000020203000001ff0001fe0103020000
000000000000000000000000000000000000ff02ff02ff010202000202010102
0000010200ff0002ffff01000201fffe030002ff00ffffff02ffff00010200ff
fe01fe0201020102ff0101ffff00ffff00ff01ff000000fe00010101ff0002ff
000301000002000201020100020000fe02ff010103ffffff02ff000302000001
02ff01ff00ff010002000102010100fe0102ffff010202000100ff0002ff0000
00fe010003ffffff0100000001000002000201ff03010002010102ffff00ffff
00ff0102010101000202ff01fe020202010000030002ff01ffffff00020200ff
0001ff0002fefefefe01020101020200ff00fffefe01020002010202ff01ff01
0003fe01010102ff03ff02010202ff020000020002fffffe02ffff000001feff
010100000001020003fe01ff0300020100fefe00ff00fefffe00fe0001ff0002
fe0003ff00fefe00000200ff010000000101fe00fffe0000ff000000ff00ff02
01fe0201ff03ff010000ff03020200ff02020202fe01ffff0002fe010002fe02
fe02fe0002fefe0002010101fe01000102030101000202ff0002ffff000201ff
01feff0001000001fe0200030103ffffff02feff03ffff0101fffe0202000101
000001fe02ff00feff000101fe010202000300fe0102000002fe0002ffff0200
00000002ff01010100010200feff0000ff02ff02ffffff01010001ff01fe0100
ffffffff0101010002ff020300010100fefffe00fffe0201ff02fd0202ffff01
0201feff0002ffff0201ffff01ff02020002fe0100fe000001020201000000ff
01fe00ffff0101ff00fe0002ff0202ff01ff02fe000101fffefe00000000fe02
03000002ff02feff0100000000ff01ffffffffff0200020003ff0101feff01fe
00ff010001010100ff03ff01fe0200010103fe00010202fe020101fffefefe01
ff020202000000fe03ffff00010001feff0001fe0001000100ffffff00ff0201
01030002010200000002ff0101ffff02ff02ff0000ffffff0000ffffff0201ff
00ff010202020100fffe00000101fffe00ff0102ff0002ff0000fefe02ff0002
030000ff01fffe0200020202ffff0301ff03010201ff0203ff010201010200fe
000000000000000000000000000000000302ff0102ff0202ffff020003010100
0201ff0201020100feff02000201000002ff00feff000102010200fffe000200
ff0002ff01020003ff02000100010100ffff0200000002ff0000020202fe02ff
0102fffe010101000200000202ff0200fe00020000fe01fe0000fe02ffff0101
0100ff010101fe01fe03000200020201ff0000ff02020200010101fe01ff0200
fe02fe02ff00ff00ff000201010102fe0302000101020000feff02ff010102ff
0100ff0100ff0001fffe0102000100ffff0200ff03fe02010000ffff01fe0102
010101010100ff01010100000202feff02fe020201feffff0100fefe01010001
02ff02020002fe01ff0101fffffffffe000201ff01ff0300feff02fe0002ff02
01ff01feff00fe02fffe02000202feffff0302ff0200fe01feffffffff02fefe
000001feff030202020101ff010102ff0101ffff01ff02ff01ff0202fe0101ff
00010200020102000100fffffe02020000ff0002ff00fe02ff010101020000fe
0002fdff0102010000fffe010101ff020000fffe01ff01ff0201ff00fe000100
ff0100fffefefeff0201ff0000fe0101010001fefffe01fe02010002000100fe
00feff02010001fffe010100ffff02fe0002fe01010202ff0101ff00000201fe
0002010202ff0100000202010000000000fe010100ffff01fd020102ff030000
0000fe01010101fffe01000101020101fe0100020201ff01fd0002fdfe02ff02
fe000201fefefeff03ff000100fe0302010100fe01fe00010000ff0102020000
ff020200fffefd0001ffffff00ff00ff01000002000102fe0101ff010000ff01
fffe02fe0000fe0201ff0102fefe01feff0101ffff000200fe0000fffeff0202
ff0102010001ff0000010101ff03ffff0001000200ff0200fffefe0002000201
00fe03ff0100010002fe00ff02ff00020201fe00ff0200ff02ff0203010100ff
02fefe02010201020102ff0202000201ff0300020201ff00020201010202ffff
020102ff01020102fe01fe01ff0101ff0303ff0102ff02feff01000100020003
fe00000201020100000002020000ff01ffffff02fffe02fe00010201feff0300
00000000000000000000000000000000020102030200020000020101fe00ff01
01000102ff010200ff00ff0000020201020003010001010100ff0100ff020002
ff010101ff02fefe0200010001ffff02fefeff010102020102010002020200ff
02ffff030202fe0100ff0000fe010001020100020002ff02010102020102ff01
000200000202ff0001ff0201000200ff0200000102ff02fffffe000200ffff03
00ffff02fe01ff02ff02ff00ff03000102ff0201ff0202020100ff0202ffff02
00fe02ff010002000000010201ffff0201feffff0201ff02ff0100ffff0103ff
0202ff0200010001fffe00ffff010100fefefd000302ff02020201ffff0001fe
00010201030100feff020200ff02fffffe02010102fefe02ffffff02010001fe
02fefefe0103fefe00020000ffff01000002ff0202ffffffff00010201010200
00feff02ffff0201fe03fefffe0100010200ff00ff0002010102ff0201020102
02fe02fe0002010101020201ff02ff01feffff0200010101ff0201020201ff00
02ff0000fffd0000ff01fe020001ff01fe0101fe0201fffe0002fe0201000101
0200000001000100ff0100ff00000102010202020102010201ff02010001ffff
010101ff0001010201fe01010002000201000100ff0001fffe0001020100ffff
ff030100ff0101ff0001ff01010201fefe02ff01fffd000001ffff000002ff02
020101020000fefe01ff020200fffffe01fdfe02fe02000201fffffefe010002
fefffeff010101000200010102ffff01ff0002ff00feff020202ff0100030000
0201fe01fe03ff00ff00ffff02fe00000201ff00020102010100ffff010000fe
fe0203fe00fe00000000ff0001ff01ff0001030101ffffff01000100000000ff
02010101000201fe0101fefe0201fe0102010001020301fe000200fe0102fefe
0100000001000002fffefffeff02ffff0201ff02000003010200ff0100000000
00fe0001ffff0301fffeff0102ff03000200fe00ff0001010200000001000000
0200fe0301000202ff00ff020000fe0200ff01fe0200ff010102ff010200fe01
000301ff00ff0000ff02fefe00fefe0000010201030001feff0002020302ff00
0000000000000000000000000000000002000001020202010300000001010201
0002ff00fffe0100ff0200feff0001ffff020101fffe0102fffefefe00fe0202
000200fe020101fe00fe00fefe00ffff000100fd00ff01ff00fffefe0200ff01
03020101030201ffff010100feff000201fefeff0202fefeff00020200000201
f8fbfd01010402060304010101ff00fffffe00ff010100000300020002020303
f9f3f2f1f4f9fcfffffd00030506060002000102fe0002fe00fbfbf9fbfbf9f9
faf7f8f8f8fcff0003060a0404030301020505020002feff00fefdfefef7f2f7
0201fcfaf9fafdfbf7f800ff0d0e0e0f060101fffb00ff03ff00000002fffffe
01fe02020101fef7f8040902fb02faf9fb01060506050004fdfdfd0401010201
0600fe00000000fefe00fbf8fd08090b0303fef8f9f8f6fffe01030b0501ff02
f8f80104020304040300fffe00fdfefc010a0b0f0a06fefaeff0f0f3f4f6fd02
0e09fdf6f5fffe0505050603fefe02fefffffcfc030d0e19130e1007fefbf9f9
0d090b11100f0cfaf6f8f80306050802010001fffefdfefe0a0d0b0c11100d11
fc0407030800050d0f080d05fcfbf8010302020100ff02fffd01fcfe04050b0b
fffefffdfa01050603fa05050602060a07fbf4fbff01fefefffffe01fffffdfe
0101ff0002fcfcfcf7fc02ff0001fefcfafb000304f8f5f9fd00fdfe00ffffff
fcfcfd000202ff00fffefcfaf8fa00fbfffdfdfbf9eff9f8f4edeaf5fdfcfefe
f5f6f3fafaf902040001ff01fe01fbf8f4f700fd0200030400f7f5f2f7edecf2
0008fdf1f1fcfdfefe00fe000101fe010101fff7f6f6fdff0500fe030401f7f3
00fdf7fcfafcfef8f7fe0102fcfbfd010300fffe020000fcfaf7f8fdfcfbf9fb
fdf9fcfefdf7f6f7f8f5f5f9f8fdfcfcf8fcfe020102fffe0000fefffcf9fafc
0101fe01fe010101fd00f9f8f6f4f5f2f7fefbff0501040202000101fe00fdff
fe0101ff000200fd0001030303fe0101fcf7fcf7030600080807040501fefefe
010202fefe02ff00ff0102feff020306060506030009070d090a090a05060601
0200ff02ffff020002ff02010102000100020101020203070608070807040604
000000000000000000000000000000000000010001000101000101fefffffe01
00fd00fefdfefefd00fdfd0000fefdffff00fefe00fefefefffe01fefe010101
fcfeff00010000fefdfdfd00fdfdff000100fffdfe0000fffefcfdfc00fefefd
fbfdfdff00fefdfdfe00ff01feff00fefefdfefefefefcfdfafafbfbfcfffefc
fdf8f5fb01fefbfe00fcff01ff0001fe01fdfffffdfeff010001fff9f9f9fafb
f6f4f9f7e9f1ee0106050305010200fe0001fffffdffff0100ff01fdffff02fe
0801f9f900f6f6f3f5faf900040d0c0d0703050000fd01fffdff00000403fcfc
fd03070a0601ff0201fefb000200fcfc06080f140e090301fe00fefeff020709
fe00feffff040e0e0b05050a02ff010102fff8010505090a0e0a06feffff00fe
0e0805ff00fffeff01030d0b0a090b0803ff01ff00faf60006020b0b0a080600
070c1006070601000100fd01fe010b05fe02060800fdf8fdfcf2f50007080c09
fbf0fc0911160d0a050303fe010101fefe0204fbf3f9faf8f7f5f7fbfdecedfe
fb01fdfe00fd06161e1810060202fefc0000fd01ff0101f2f0f2f8fbf7f5f3fc
feff02fcfcfe0305090b0b1918150b03fdfbfefd00fdfffffdfefcf9f2f80103
fd00fcff030503f9fcff07060d0c0b18151107fff9fcf9fefdffff000102fefd
fefe00ff00010104050708fe01020a020f0510100200fbf1f3f6f7fcff01ffff
f6fcff03ffff00fe01fe01050707090101060a08060204faf7edf0f1f1fcf9fe
f1f1f6f9f6fc0301fe0001fdfd0001050702050502fc0100fbfb01faf3eaeef1
faf9fdf8fafafffef6fa00fe01fffefefffe000307060402fffefff9f6f8faf2
fdf4fd00fcfa00fc01fafcfbfcfbfb01fefd0100fe000000080806fffcfafcfc
0403050000fcf8fdfeffff0204ff01fefcf9fb00fefffd00fdffff01050909ff
fefffefffefffe0301fcfaff000200010909060301fefe01fe00fefffffd0001
00feff01010001fefdfffffd02020108060c0c08090707040000000201fefd00
fbfdfeff0100fefdfdfefd010100fdfefdfd03050804090406060201010100fe
fdfdfffd010000fe01fdfdfd0101010001fdfefbfdfcfbfefefbfdfefefbfdff
00000000000000000000000000000000fdfffefdfefd0100fdff0001fffe00fd
01020102020300020300ff010300010302020101020002010300ff0200030200
03010203ff0101000303000100030001030202ff0300010103020302000201ff
0101030202020303ff0303020203020100030200020301ff020102ff00020202
03ff0201fd01ffff010302010302000302010101ff0202ff00020303010302ff
02020100ff020000fe0001ff0002ff0203020000020202010001020000010003
03ff020102020203000201ff00fffe0102010101020203ff0003010002030002
01ff0200ff000301020102ff01ffff010000fefe0100ff010301020000000101
0102010102010303000103ff01ff0203010200010200ff000203010200020303
0101010203020301000101020301000201ff01ff0201010202fffe0102000200
ff01feff00ff0301030100000100030300010102fd01fdff0001ff0102ff00ff
fffe0001fffeff01ff0300030302ff0003020301010301fffe0100fe00feff00
ffff0202010101fd0000fffdff0303020002020001ff000200ff01fe01fffe00
030200ff0002ff0103ff00ff01000000020001010302030303020001ff000100
0100ff01ff01fdff0000020100ff010203fefffe01ff0302ff020300ff010101
02ff02010003010201020000fe03020101010203ff00fffeff01020100010000
ff0001010000020003ff0301010101ff00ff01ff02030002020000ff02010200
fd00fd010001030200000201020302ff000002fffd0100ff00010103fe0001ff
0001fefe01fd01020301ff0103010103020301000203fffffd00fdfffe01fffe
0003fffeff00fdffffff02020102000300010202000101000202020001ff0000
02ffff00010002fffd00fd010300ff03010300ff0203010301ff020102010000
00ff0001030000ff00020003010103000201010203ff00010203ff01ff030103
0302010002010301000203030002ff010101020201020102ff010102ff0101ff
0302020100010201030003ff02ff0200ff000102ff0000030300000300010101
0001ff0200020203010303030303030001ffff02030101020201020000030201
00000000000000000000000000000000010003ff000300000001ffff03010101
fdfffdfffffdfffdfcfffefdfffffffefcfdfffd00fefffffefcfefcfcfffefc
fdfdfffffffffdfefdfcfefdfffffdfffcfbfffbfefcfdfcfefffbfdffffffff
01fe00fdfffcfefdfefdfefdff00fcfbfdfdfbfffefbfcf9f9fdfbfdfbff00fd
0704050606080202fe00fffcfffffcfcfdfefdfbfdfffbfafcfbfbfcfdfffd01
05080c0c080905080905050000fdfcfdfefcfcfdfcfcfffffbfdfefdff010304
070804fe01fc040303fe01fff7fafd03fe00fdfffefffefcfefffdfc00020404
fefd02080d0800fc0000030102fafaeff3f3f9fdfdfefffffcfffbfffbfd0000
fafefbfbfefe04070e0a0b090a090d11020200f7f2f5f8f7f9fcfc02fffefcfe
f8f9f9fcfcfafcfdfefc02060e0a0d10100c0d0ef9f9fff5eff2faf4f4fafcfd
07030300fcfcfaf8f8fcfefffefeff05090903070b0b06f8f5f6fd06fdf7fdf7
eff510170a0d060003fffaf7fbfafffdfffcfe060701fcfe06f9f7f2eef5fd0a
00fef7f4f6fc0f1713080d060400fbf8f9fefbfefefdff04040203fe03f5f2ef
fcfaf9f6f9f9fff5f7ff0f13160a0805070402fefdfbfefbfeff00020100fdfb
fffe0201fef8f5f4fbf7f900fd02060d10080d060406050200fcfdfdfffcfd02
00fefffdfd01ff0102fdf8f7fbfc040704fe030e12100b040706060102fbfefc
070b090402fffcfefd00fffefffdfdf9f7f6040cfbf8f9060c0b0a0606090702
010405080a0b090202fcfefdfcfdfefe0303fef8f3f6fb0b00fafb0002050806
05fefefe050603050a080803fe00000000fcfbfc02070500f6fc000506fefcf9
02fc02000b090a01060405000503020401fefdfefefffefd02050904fbfc0304
0004080708050404080d130d140c07040000fe00fffcff00fefcfbfe010a0804
fdfcfcfcfe0305060c0c0507060c1415170c0c08fcf6f8fbfdfbfffcfdfcfbfd
fdfefffefd00fdfe00fdff0004060609070b0b0b060302fff8f6f6fcfffefeff
f9fd00fffbfefffefcfdfcfcfefcfdfcfdfcfcfcfffdfaf7fafef9f7fafbf8fd
fdfefffdfdfdfcfefffcfcfffffbfd00fefbfbfdf9f6f9f4f8f5f9fbf8f8faf9
00000000000000000000000000000000fbfffcfdfdfbfffefbfcfcfbfdfdfaff
00ff0201fffffffe0201ffff01030100ff0200fe02ff0100020002ffff00ff03
03ff0102ff01030000ff03ff02ffff000202ff010302010101feff0000020101
fffffeff0203030202fffffffe0101fffe010101ff0002000301000102000002
0000000000ff02020200000101ffff010002000103fefe0100ff00ff0002ff02
0001fe010201fe01fe01ff0101ff0101ffff01010301fe02ff0202030202fe01
02000200fefffeff0100fe0100fe00020200ff000102ffff030000ff020302fe
020101020101fffefffefe01feff010100ff00ff0302000002000002ff0003ff
00ff0001ff00000000ffff00fe000202fe020101fefffe01000002030103ff02
ffff02010001030202020200010100010201020302030300ffff0102ff03ff00
fffffe00fffe02fe01ff0002ffff00ffff0001fe0002fe010101ff000203ffff
00ff02010003020302fe020100ff02010201020201ff0101ff01fe01ff0201ff
fefffeff010001ff02ff00ff00ff0101ff030102010101fe03000201fe0001ff
ffffff00ff0001020101fffffeff0200ff02020101fefffe010201ff01010201
00ff0200ff030001ff0001feff01000000ff02010100010301ff00ff0100fe02
000302ff00ff00020200ff01ff02000100fffdfffefe01feff0000fffffe0200
ff0201ffff00010201ff020002ff02ff01fffe0002000102fd0002feffff02ff
0001ffff0001020102000200fffe000201fffffffe00fdfe02ffff00ff00feff
fffefeffff010000000001feff00fffffe000202ff010100ff000000fe0101fe
01ffff000102fffe000101fe0100ffff010203ff0202ff000002ffff01000101
00020100020201fe010202fefffe0002ff02000002ff010203ff0100ff020101
00ff00030002ffffffffffff010300ffff010203020003020000010100010201
0302010202020102010203ff0001ff03030101030300ff00ff0000ff01feff00
000200ff0202000200010101ff010000000200fe0200ff01030002020301ff01
ff0100000003030102ff03ff03010201ffff000100ffff020201020100000000
00000000000000000000000000000000010202ff02fffffffeff00010202ff00
0000fe02fefffe0100fffffeff0000fe02ffff01000200ff01ff020202fe0100
fe000202fffffefffefe00010001fffe02fe00fffd0000ff0201ff01010102ff
fffffefd0100fffeff02fe0001000102000103fefffffffffe00fdfe010103ff
f5f9f6f9fdfbfbfbfffffefe0102ff01fffefe0004010101fffefbfaf8fbf9fd
f5f6f6f6fb05040501fdfe00fcfbfbfffe00fe010200020201020403fdf8fbf2
0201faf6f5f2fbfbff07030301f9fefefbfbfafeff01fe010001ff03ff00fdf9
00ffff02010201f6fcfc020404fe03fbfdf901fffdfafdfdfffffe02ff000000
fcff0200fffffc0102fbfefbfcfbfd01fbfbf5f4fefe0201ff00fcf9ff0100ff
080802fbffff0200ff00fafefff9fd010302fd0101f2eef1fc0503ff0102fffd
091111110a0906fcfdff00fffefef9fe00fc00020704feff03f4dff703070f0a
f0e6f200140e0d0d0c09040100fe02ff01fffefe040508030400f6f9f8efe7fa
0705fffff4edfc0f1f180e0a0a06040000ff00ff00fffd070a0a0b0607fefaf2
060d08070b0e0b06f1e7f714221206070b0a0804ff00fe0201fe02060911100d
0202010101000303060e110902e7e80e170c040107080202fffd01ffff00ff03
fbfdfeff020101fbfafe0202040a161615f9e9ff05040205090b01fdff010001
0b0a00f9f8fe0200000102fefcfd0305fe060c0d140cfdf4f804070a090a02f7
fefcfcfd0408fff8fc00020102fffffefbf5fa0100fe0005080f0afcf5fa0009
f8f9010b0802f8f5fefefcf8fa01fffeff010000fcf9fafbfaf8f6f700070404
f0eff1f3f7f8050c090805fcf9f9fffcfbff0101fe00ff01fbfbf6f4f4efeef0
01fffdf4f4f2f5fbf6f6fb0a070e070501f9f9fb00feff0001ff01fffffff7f1
000202ffff0203fff9f6fd01fd01fefefcfafd03faf7f5f8ff02000101ff0000
ff000000fe0100000202010301fcfb00fdfbfaf9fbf4f3f5f9f6f9fafd000202
000202ff00fffeff020002fe01ff000201fefffefffffcf5f9f9f7f5fcfc00ff
02feff02ff0100fe0102010102ffff00010001ff0101fe000101fffefcff0102
00000000000000000000000000000000fe01fe000100fe0100ff0201fe010201
fffffffe0000fffdfdff00fcfdffff0000fc00fffcfd00fefdfdfdfdfdfefeff
fffc00ff00fefefdfefefdfc00fdfefdfdfffdfdfffc00fcfefefdfcfe00fcfd
fdfbfbfefcfefdfcfffffefd00fdfefcfefffffefdfdfdfcf8fcfcfcfcfdfcfc
0803060908070104010101fd00fd00fcfdfefdfefefdfb01fcff01010204ff02
fefeff01080907030707050305060200fdfcfefd00fffefdf9fdfbfcfe020003
ff0401fef8fcfcfafafb01ff0404060405070402fe00fdfe00ff00fcf9fdfcf9
ffffff040804fcff000101f9f2f1f6fafd05070101020000fefdfffefcfdff00
ff00fffdfefeff04080b0409060b080a00f8f8fffafe040001feff01fdfcfffd
fefefd02ffff00ff00ff020a0c0d0b0c0b0b0f12030605fffdff0400fe02fefe
0903fcfefefffa000200fd00fffe01090d0c060e050915160f090d02fdfd00fe
050b0e160d0c02fd0104fefefefd00fefdfe00020505000201010f060c0c1008
020cfff7f7fb000c070705020407fffefefdff00fcfd000002fff9fb010603fd
07010507090a01f2faf7f80201ff0203040305fdfcff00fdfefd00fe01fcfdff
fefcfc050a0b08110d0bfff3f8f4f0f7f9f9fcff07040b02fffffffcfefefe05
00fdfdfc00fdf7ff0b0b0c120f0d01eff7f2f4f7f6f2f4fe05050c04fdfdfd00
00070a0601fdfdfe00fcf8ff070c06080b060afdf1f2f7f7f9f4f2f904060b06
0402010604080b0604fefc00fdfcf7f8ff09060508010201fdf3f8fb01fffaff
fd0304030907070604040502fffffe00fffefcfbfa03060101070701fcfbfe05
f9fc00040902fc0002fdf7fa0001fdfefdfefffdfefffcf7fafdfefffb010701
f9f8f6f900fe050a0e0b06ff00f6f0f6fbfdfdfdfe00fefffefffcf9f6fbf9fd
fdfefcfbfbf6f7f4f8f900060f110d050301fafb0303ff01fffdfefefc00fcfa
fcfd00fe00fdfffefafaf8f2f3f5fbfd050b120a0807040604050502fe00fdff
fefcfefffdfffffefefdfe00fffffbf9f7f9f7fdfbfe0306050703040503fefe
fefdfffefefffcfdfefdfcfcfcff00fefffefcfdfafafafefbf9fbfefbfefdfc
00000000000000000000000000000000fdfdfdfd00fefefe00fdff00fefffffd
0202020200fffffe01ff0100fe0001000202010101fe0202ff0200010201ff01
ffff00020102fe0102ff0100ff0002ff00ff0101ff01ff02fefefe02ffff01fe
00ffff02fe01fe0200fffe0002fe010201000302ff00000202ff0103ff010201
00000200000202ff0102feff00fe00fe01fffefeff0200ff02010200fffe0000
0002020300fffe0000fe00fe0202fe0102fe000001fe0202010100ff02020100
ff010000fffdfe0100fe0000ffffffff0201020302010000fe00ff03010001fe
fefe00000101000200ff01fe01ff02fe00fe02000102ff000001fe03fe00ff00
02010102fe00ff01feffff00fd00fe020100ffff01fe0101ff0102fe02010101
fe020202000001ff0202ff00fefffeff0200ffffff00030000fe01ff00ff0201
00fe01ffff000202010202fe0100ff01010001ffff01ff0000010001fe010101
ff00010102feff0200ff020000ff0102ff0302fe020100ffffff0100fe01ff00
000000fe00ff0000ff0200010101ff0102ff000200ff0002000201ff01000101
fe01ff03ff0000000001ffff000001fe000000ff000001000202020202ff01fe
0102feffff0002ff020001ff01ff0200010201fefefeff02ff0100fffefffeff
0102010200ff02010002fefeff0101010100feff010200fe020002020202ffff
ff00010201ff01fefe020302020201fefeff0200fffe01ff02020201fe00feff
010102ff00fe0001fe0002030200ff00ffff0002fffe01010001ff00020002ff
feff0000000100010002ff0100ff000100ff010102ff01010102ff0100fe0001
ffffff00ff02010201ff00ff00fe01fffffe02000000ff020201010003010200
0100fe00ffff01ff0002010100fefefffe02ff0200020101fe0001ffff000100
00ff0101020100fe0002000202000100ff00ff00feffffff00ffffffff00ff00
02fe010101fe0200ff000302000200010201010002ffff0200fffe0100020100
fe02fe0102fffffefeff03ff000102ff0000ff03020001020201020201feff01
02ff02ff00010102ff01fe0000ffff00030202fffeff010100000100ff02ff01
00000000000000000000000000000000ffff00fffe010102ff010002fe000200
01fdfd01fd00fdfdff01fffe00ffff00fffd00fd01fffefeff0001fdfe00ffff
01fe0000fffffffefdfdfdfffdff00fdff01fd0000fffdff00fffefffd01fdfe
0704040403fe00fffefdfffd01fefd01fefdfafdfafdff0000fffffefefdfdfd
0f0d0e15130d0d08070501fffefffdff01feff00fbf8fe02010005030505050a
080f0e150c0911151411100a0a0704010200fefd0001fefffafa03070a0c0b0e
0304070a090e080f0b0d0d120d10120c0a0c050202ff010001fe01020002050b
fe01fefb0009050306050102ff0200060506060b040b0605010101feff020102
02fffdfdfdfdfffdfc0402fcfe01fef90204fdfbfd00000200050806fffefd00
f0f6fd0203fe0001fefffffbf703faf8fafd000206fdf3f5f0f3f7faf9000605
faf4ecebebedf5fffffefdfffdfffdf9f3f4f1f9fbfc0402fcf9f2f4efecf0f1
0c03fafcfafef2f0e8e5effafffdff00000100f7f1efedf70607050a06faf3f9
02040708060a04fbfaf7f5f1ebe4ebf7fd010001ff0100f8ebeef403090b020c
f7f700010307ff05070b01fbf7f0edf0efecedfafffd0000fd0000faeff6fb02
fd010201fcf8fffe0500fe020600faf2f2eee7e8f2f4f4fe00fdfffe000303fe
06fffefe01020306fcfe0103070400fdfdfbfcf2e1e9eae7f0faf9060200fefe
fd0a0f0b09010001fefe0407fffcff02070906fe03f9f0e7ece9eef4f6fd000a
0f0f0c0a090d120e07ff0000fdfe0308010006090e0a0d0c08fef7f2fe00f9fc
0b070a0a170e10181612120f070200feffff01030302090c0d0a0f0a0d0d0d0a
0d0b0707060207080c0e0e0f100e0e0903fffefe01fffe050304060e0c0b0c0f
02020303090506ff030100fe050704070d08070703fefe000101010305040406
fdfe01fe03ff00ff0202000101fcfbfb03020000040605070301ff01fffefe01
0001fd00ff0000ff0001fdfdfbfe0401010400fb00feff020407030400fffefe
fffffe00fe00fdfefffe0000fdfdfdfdfffd01000306040707040606020201ff
fdfffe00fe0000ff00ffff00fefdfdfd00fefd0000fe01fefffdfe0002fd01ff
0000000000000000000000000000000000fefd0000ff0100fdff01fffe000001
ff000201fffe00010200feff010003020100ffffffff01fe00fe010002fefe00
00000201fffe0100fe0201ff0201fefefd00000001fe01ff00fe0101ff010001
fafbfdfcfcff00020200020100ffff01fefe00fdfefdfdfefbfbfbfbfefcfdff
f1edeff0f4f3f8fafe00ffff00000100ffffff0000fd00fdfdfffaf9f3f7f6f7
ff00fff9ede6e6eceff4f7fc010101ff01ffff01020202030202fefcfffff8f3
0405070609070503fff5f0f6f8fd0603040100000200010002ffff0103030203
0100040502070a0b0b0905080c0e120b06040608030a03030402010200ff0203
030201ff00ff0102050e0e080904ff0509161a191e170b090a0906030303feff
0c0e080704020201010202ff06160e060000030a0b131b27272116100b0c0806
f2f703040105040601030002000101fbfe0809080400fbff0400040c15181410
fbf4e6dad9e2e9f5f1f9fc02000100fe010003f7f501fefffffdfdfdfcf2eaec
fefdfefdfafef8ede9e3dfe7edf3f6fdfe02ffff020403f8eff8fa010100fe00
f8fafb030601fefdfe020303fbf7f2eff1f1f3fd01000102000204fcf4f5fd05
000403fdfafe0403090b06fa04ff070c0a060101fafefafe0000ff01010505fd
0302fffeff040702fb0306060d0c0e030a0610170d0d0f080503fd01040001ff
0b0807060302020100000701fbfd0504040806fd04080d120b03060f0e08fd04
f5f4f9fe030205050301010101030402fdf8fcfafe0304000002020101fafc07
0206fff9f6f4fafd0000030503ff02000202040201f9f8f3f8fbfe000503fcf6
f8fbfe03000002fffdf5f8f8f9f9ff010300ff010200030502fbf9f7f5f4f502
010202fffefafe02fcfafc02fdf9faf9faf9fdff020003feff0202030200fdf5
feff02ff02fe02ff00fefdfcfdfaf9fafff6f9fafffeff0300ff0100feff0301
ff0201010301020100fe000101fe0003fdfcfbfbfcf9fc00040703030301fe00
0203ff02020202fefefe02010000fffe02020306060704070607070407050303
01010100ff02ff01fefe00fe01010000ff020000010200030303050301020203
00000000000000000000000000000000fffe00ffff00ffff0102000203000000
01fdfdfe00fffffdfe01fffffdfdfe010001fefe0001fdfffefffe000100ffff
fe00fefefefffd0101fffdfefefefd00fe01fe0200fffe0100fffdfdfe00fefe
0606020301ff00ff00fdff0100fdfefe01fffffffcff000301030004010301fe
070a0c0d0a070804ff01fe000001ffff01fe01fefefcfcf9f9fe010805050a04
050b0a0a0401fffd0201010201fefe0101fe01fdfd01fcfdf9f7f8fafc010609
f50002000002090300f8faf5f9f7f7f9fbfcfdfd0100fffd0100fef8f4f8fe01
fffdfaf6f90104fbfe07070102f8fbf8fefbfbf5fafbfd0200fdffff00fffaf4
01fdfdff00fef4f5fc02ff000004100e06fffdfcfc05fdf8fdfefc0400fefefe
fafbfcfe01ff0101fdfbf8f90308060805fe05090507fbf4f400fffafaf9fc01
f8f4fcfdfdf9fbfcfefdfffe00fff8fc0b0b060600000100040e00f8f9f7fcf9
fa0e1202faf802fcfafbf6fbfefffefe01fffd050e0d0a02fbf7f2f3fd1007fa
f8faf6fefd0b160a01fd01fffbfcf9f7fcfd01fd01ff000f13110cfff9f4fbf7
060302fcf8f9fafafc05110f0d0100ff020300f8fcff01010000060d0f0d04fd
fe01080b0600fefdfcf6f4fcf3000b0d140a0804040606fe00ff01fdff03070d
00010101ff040a0607ff00faf9f5f8fcf3f6fd0a1917150906080b020400ff00
0803040302fefffd020208050203fffe00f7f6f6f1f0f102121a120805070303
fd0d130e0906000100fdffff01ff03050809fefd0002fef8f5f1f1f4fd0f1209
fdfafafefe090b0f120b02030300fffe00fe0303060e0600010103fbfbf7f8f4
0301fcf7f9fdfbfafc030805100d0405030200ffffff0100020609040401f8f7
fe0000fffbfcf6f4f5f80303050d100f0d0f070002ff00fffffeff010003ff01
fefdfefd0000fefafcfdfaf9f9fc0506080b0e0b0301fcfe01fe0101fdfdfdfe
fd00fdfe01fe0100fefffcfafbfffc00fdfdfe000101fefff8fbfafbfefefdfd
fdfffffffd00fffffeff00fffdfffefbfefbfcfefefbfdfdfdfcfafefdfefafb
fdfdfdfefefdfdfd010100fdfefefe0101fffefcfffffbfdfdfdfffd00ff00fe
00000000000000000000000000000000fe00fdfefd00fffdfd01fe00fd01fffe
fe00fcfefefefe00fbfffffefcfffefffffefffefbfdfffefdfffefe00fefcfc
010000fcfcfbfcfffbfffdfcfcfdfcfdfeffff00fefefefffdfe00fe00fffcfc
030103000000fdfefefdfffdfb00fffbfffcfcfd0001ff030100fe0101fffcfe
030403050605040202fefdfdfffefbfefefffdfffe00fdfdff02010003000203
01fc030602ff0103fffc000001fdffff00fdfefefefffdfefdfcfdfdfd020007
f9f5f8fffd02060909fffe0100020401fd00fcfffefdfffffcfdfefff9fdff00
fffe00fdf6fafaf9f6f9f7080b01fafdfaff0109fffefb01fefcfefefffefe00
01fffcfdfcfffffafafef6f8f8f1f9fd020004fcfcfffe0406fefdfe00fcfdfd
0403ff02fefffd00fefe00ffff01faf5f1f1f5ff0e0efcf8fcfaf90505020202
f1f2fdfafe0000040000fffc00ff020203f9f9f8fcf6f404141c0bf8f3faf5fc
1c2511faeef4fbf7f8f7fd01fffdfcfefffe02030300fafdfef8f4081b2615fe
fcf9fa0d1b1e1b06f7f7fbf8f1f1f7f7fffcfefdfefe04ff01fafdfffcf9f909
f8f4f7fafafdfa0c191b1907fdfff8f7edf1ecf3fffcfefdfdfefffffcf5f9ff
fdfd0300f9f8f7f9fcfbfc0d1b21180a01fefdf4f2f6eff6fdfbfffdfcfe02fa
02fdfdfcfeff040200f9f9f3faf8f809141f1c0e0801fef2f0f4f2fe0100fdfc
fafdfcfe01fdfffffffd000501fdf9f5f9f0f3fe0b181a120801f8f9f4f9f7fc
03010100fefe000001fcfeffffff00060703f9f6f7f6f7f6001117110702fffa
070604ff01040605090801fe00fefefcfdfe00040906fffafcfbfc020505130b
ff04fffa010903fafe0307090d0b030100fefcfcfdfffd0009050002fffef9fd
0100fffefcfefbf8f7fbf6f9f9020a090a050101fffefffbfcfcff01020101fd
fffefd01fffffe000302f7f9f8f4fcf9f7fc0206fffe0102fffffcfdfefd0000
ff00fdff00fefdfcfe0000fe0202fefcfffe00fefdfdfbfefdfffefefefcfffe
fffffffdfffbfdfdfdfcfffffffefe0002040303050103050303ff0100fdfefd
00fdfefffefefbfbfdfffcfffcfcfffdfdfcfeffff00000101fe00ff010001fe
00000000000000000000000000000000fffefdfbfefbfffffffcfcfcfdfdfefd
02fffe00010101fefefd0102fefffd01fffeff0101fd0000ff00ff02000001ff
00010001ff00ff000100ff02010101fd0002fefffe0100fffdfefefeff01fffe
00fefdfeff00feff00ffff000100fefe00010101ff01fefe0101fe0000ff0000
0503fe040501fdfefdfdff0201fefefe0200fe01fefe01ff00ffffff00fdfffe
0a0f0f09050206050600fdfafdfcfd01fefefe0102fe0302020601ff01080802
05050a0f111210110c070403fdfcfbfafaf9fd0001ff00fe00ff01030306030a
ff0106020001071010100f1818170afefafcfcfaf9f900fffd01fe0001020207
fdfe000200010503fcfc060301ff020c100f0b06fb010700f9fbfcfdffffff00
0102fefdfcfdfd0001020502fef9f7f2edeaeaebf0f7050906060a06fdfefefd
01020503fdfefe00fffffe00ff0202fdf6f1f0f0ecf2ece2dee8f5060502080a
0812090104090301fdfd000101000101fefffffbf8f1f4f8f3fffffaf6fb07fe
fa020405040d0d030203fcfffff9fb02feff01000001fff9f9f4fafefd040a04
00fdfbfcf1fc020402060a02f9fdfdfef6f5f9ff0101fffeff0200fffafbf9ff
000000ff030200fdf9fbfd00f5ff0b130803fcfbf6f3f6fbfffefefefefdfffc
02feffff00fffd000104feff0200f7fff9000916160afbf9f5f0f7fefe01fffe
f4fcfe01010100ff01fefefd01010305080afdfcfdf5f7fe03fcecf0f3f4f700
e4e9edf7f7020707020201fe02ffffffff01050c0f0c08fefeeadcdee7e7e6ee
04f7faf4f1f5fd030307090502fffeff01ff01ffff0403080b0b0a01fbedeae5
fdf6fb020501050808050505040506060201fefe0001fffcfe03ff0605030605
01fffffffef8ff04080e0e14170c090603fe000100010102ffff00fffeff0004
ff010001fd02fffffdfd00030915131b1e1c110d06060804ff02fffffe00feff
0101ff0002fefe01fe0301020004050503090e12121613110c080503010101ff
ff02fe0200fefe00000001fffe01fffe0404080a05030b0b090c09090503ff00
0100ffff0001fefd0100ff010001fffe00fe02ff010303030305060807070500
00000000000000000000000000000000fd00fd010001ff00fe01fe01fe000101
ff01fffefefe00ff0200010101ff00010001ff00ffff02fe01000101fffffefe
feff02ff0000000202fe01fffe00fffe010001ff010202ff020100ff01fefefe
fdfcfc0001000001ff01ff010101000001ffff0100fdff0101fe01fefefeffff
07040603040003050301020001000101fe0102ff00fefefffcfe010305040000
00fef6fbfb0205fdfe03020201060500feff02fe0102ff010103fffefefcfd01
080907050102fa00030607020805ff010205020103feffffff03030103060306
fe0202020605040606050303010a0004080808000002010102ff0201ff020504
020200020001060606020404ff03fd020a0f0607010404fe00fefdff02010201
fffffe01030200fe0100070b040401fcf7f7f1f4fe070c01030302020200fd03
fbfcf9f9fcfefe0202020101020007060100faf7efeff2e8f3ff09fbfe020301
edf9f1f2f60200000304fe0204ff000000030204fdfbf5f3f0f4f3e8eafbfef7
f3f4f4edeb01f5f0f0fc01000303fe00ff020000ff02fefdf9f4f5f6eef6f5e8
04fcfffdf5eceeeff803fcf7e9f6fe0101fdfdfeffff0201fe0202fefbf6f7f4
fefeff06060003fff9f0eaf2fafb00fdeff7fbfcfdfcfdff000001010201fe01
040001020100fd0206020403fdf1e7f2f3f9fcfcf3f8f7f3f3f4fb00ff02fffe
f2f5fe0301ff0002ff01fe000503040101f5edecf1f1edececede8eaeef4fb03
ebf0f6fbffff0203030101ff0100fd01050b09030400fcf2f2eae2dee4e8eaed
010000f8f9fd0a08030204060302fefefffffe000207060408040500fcf3f1ea
02fef9040e0c03060302050b0a0506060302fe0001ff01fc0305030206080406
02ff01040506030308060201010205060608070401ffff0001ff010000020906
0002010000fefb000005080609070705060702020308090203020101ffff00fe
0001020200feff0200fdfcfefc0005fb02080a090609070606070604ffff00fe
ff02fe02ff0100010202fe00010201ff000003020201060a0502050605020102
ff0202ff02000001020100ff01fefeffffff010103020101010000ff02ff00ff
0000000000000000000000000000000000fe0000000201010202ff0201ff0100
0203000303020300010102000301010103010203000002030302020202ff0103
fe010202020200020003030102ffffff02010103ff0100ff0201010201030001
030002fe020202020303020003ff0100fffe000100fe0001fffefdfe01fe01ff
f7f8feffffff02ffff0203020200030000000202fefdfefefefdfe00fffefc00
fefbf5f4f5f3f0f700fe01030200020104040200ffff01ff00fefffdfcfbf7f5
fdffff02000401fbf70101f6fcfc01fd0304040202010203030100fcff03fdfe
0000fdfef9fbfe00ff020501fa0a0cfcfdf5fafafb02010303020102ff00fd00
ff0202ff02fffdf8fbfdfbfa0002fef6fb00010103fbf3f6f4f9fe030301ff03
f6f8f8fbff01020101fffdf9f4faf1f6ff03010005ff03040603faf3f7f9fa00
01fdfafaf6f7f9faffff030303ff01f9f2f1f2f10001070908f9fb0a0704fff3
0b07fcfbfefffbfaf4f7f6fefffe01040302fef9f2eff5f70409111310fbf4fa
fd0b160b000809fffb01fdfffef6f6ff00000000040302f8eff3f2f9050e1211
f8f4f4f8f706101401f5f900fc030c0a09fdf90401030201030604fcf5f3f2f6
010306fffaf8f6f0f1fc0a130cf2f8fdfd010f0d0803050502030300000302fc
0502000301060805fefffaf3f2f2020b0d040409070a14110a07070804000100
00030a0a05ff0200030209050300fbf2f2f2f5fe1010121110140b0805070508
fffbfbf8fefe06070700ff00010206040905fef9f8f0eff8000e06090b0c0700
ece9e8eaf4edf3f5f6fa0308060303010204050707050401fdfaf5f8f3f9faf4
0803fcfbf1e9e8eaeef0f0f2f1f704040403030002040208040406070600fefc
03050305fefffbf5f4f2ebe9eaf0f2f5f9fb0006030304000002040503010703
03030401040504fffcfdf8f5f1f3efe9eff2f5fc000004010400030302030202
010103010202040205050505fffe00f9f5f5f7f4f6fffb010504050103000000
0505010101020001010103000102050402020104010502fdff01030606070501
0003040302010103010001010100010101020305030205030104040301030404
0000000000000000000000000000000002030401030102020101000002010102
01ffff000200ff0102ff02000202fffe03020303fffffe0000ff0102ff000000
00ffffff000102030200ffff000001ff0302030200ff020000ffff0302fe0102
ff0301fe03030200010203fe03fe0002ff0100ff01020202ff020002fe00fffe
02ff02fe010202fe000002020001000102ff020201fe0001020000ffffffffff
fffdff02010001feff02010200000002ff0000010202020002010000fe03fe03
0101fe0001000200fffe02ff00000002ffff00fe02000201ffffffffff0200ff
00ffff00ffff010200000202010300030003ffff000101010201000201020200
01ff010001ff020101feff0101000000fefe010100fe0002ffff0200ffff0200
feff01ff01ff01000001fe020100ff02000001fefefe0102020200fffe01fe01
ff000001020201010000000200010001feff0302ff01ff02000000030102ff01
02fdfd01fe0102010200fe02ff0001ffffffff0103010200ff0001fffe02fe02
01ff01000102fe0102ffff0101fe0002020002010200ff02ff0202ff0003ff00
01000201fe02010001fd0200ff02ffffff00fe0101ff01ff0201feff01030202
ff01020201ffffff000300fffe02feff01ff010202000103ff010202ff02ff02
02010202ff01ffff00ffffff01010201fefeff0100ffff01020000ff01fe02ff
020202ff0002ff000200ff01010102ff03fffffe000000fffe01ff00000102ff
020101ff0102020201010201ffff0200030103020101feffff0100ff02ff0102
000002ff02fffeff02ff000301ff00ffff0103020103000003ff03ff0001fe00
fe02ff03ffff0202010201000203010100ff010000ff01020101010100ff0001
0302ff0201fe0200020100ff0100ff02ff01ffff020000ff01ffff0102ff0100
02feff03010103020200ff0101fe00ffff00ffff020200fffffeff00ff0202fe
0001ff000101fe0000ffff0301ffff01020203000002ff0002010001ff0201ff
fe01fe0102000202ff020202000002ffff01ff010201fe02ff0000ff00ff0302
030200ff02020200010200fe000101fffeffff01020001010200ff0302ff0201
0000000000000000000000000000000001ff010001ff00fe0103000001feff02
fefffdfdfdfcfffeffffff01fcfdfdfd00fdfefcfdfdfefefcfcfcfefdfc00ff
fefd00fffc00fefdfcfd00fffcfffdfe0100fefefefd000000feff00fefdfe00
0a050702ff01ff00fdfefdfdffff0000fffffefdff020103030002030401ff02
0509080e0b0f0c090303fffcff00fe00fcfdfcfeff00fdfcfd02060608090c0c
02020301fdfcff03040703040300fdfffefefd00fefffefcfaf9f7f8fb010207
f0f6faf8fc010001fbfd00fdfcfffdfbfbfbfcfe0000fdfdfffffcfaf5f2f7fb
00fefbf4f3f7fbfafc04010604030201fffdfcfcfcfcfefefcfe00fefefbfcf4
fd000000fffcf6f4f4fffe0102020e0f080902faf900fcfefafdff00fefefcfe
0004feff01fcfefefdfcf7f8fe01030709080b0f0d09fdf9f4000000fffe0100
fcfcff00fdfefefefefe00fefffef8fa06040507090d0b040007fcf6fafefcff
fd0c01f6f2fc05fffdfb0000fdfffdffff00fb02070b0c0e130c04fbfb07f9f0
06040201fa090f01f4f90100fdfcfcfafffc00fcfffdfe060b0907070e080900
03010603fa00f9fd01071006fdf7fc00ff01fbfcfcfcfdfffdff010907060601
fdff020600fd0103fffbf8fffa04090804fefdfd000103ff00fcfefeff000207
0400fdfffe0206060101fcfbfc01fefdf6fd04040c0a01f9fd02060602fefdfe
0101010404010000fdfe03fffe00faf802fb00fdf6f3ff0908090200feff0202
040704040602030100fc0000fefd0304040701fbff04080500fbfbff02060201
0b0f0c06040604060806020605feff00ff010102070a06ff04090a0707030a07
05060706070f0e09040406ff0703030404fffffdfc01ff0101030507030a0509
0003fefefd00feffff070c0a09060707ff0400ffff0001fd00fdfdfe0101fcff
fdfeff01010502000000fcf8f7fd060202030306fe00fe00ffff00fdfefcfdfd
fdfdfdfefdfd01010100020200000300ff00fffdfbfefefffdfbfdfefffd00fd
fe000001fdfefffcfefffdfefd01020305050202000106040100ff0301ffff00
00fffffc000100000000fefefe0000fefffffe0000ff010200030204040300fe
00000000000000000000000000000000fdfcff00fefffffd00fdfc000001fcfe
fefdfffe01fe00fefffdfdfd0101ffff01fffd00fe00010001fefefffefefd01
0000000001fffd0001fffffe00fffe01fffefffd0000fefd0100ff01fefd0001
fbfdfcfcfdfd00fffdfe000001fffd00fefe0002ff0100fffefefe01ff00ff01
fbf9fbf8f8f8f9fbfbfeff0100fe01fd00ff0100000002000100fafafbf9f8f9
fefc02ffff02fcfafdfd010300fe0000ff00000001fefe0001030603fff9fcf8
07090407080008fffff7f2f8f8f900050300fffe00fefdff00fe000204000101
010001050d0907070d0f110503eff2ecf3fbfefd04020000fe0100fffefdfd02
02fffe00fefdff020507070a090d070403fafcf9faf70100020302fffe010101
fbfafe03ff02fdfefefdfafd06040a0c090500fcf6fe0406fdf5fcf9fcfc00ff
0a0d0d0401fdfeff00ff01fd00fefafd0407060802fff8f4f8fb040502ff03fb
f8edfa0b0e090b0b0702000001fe00fefe00fb0006070500f9f6f3f6f3f70511
ff05050a0cf2efff090d0b09080d08020001ff0000fcfc040c0d0800f8fdfcff
090602010a090e0d0f05fe020f0c0a0a0a0808fefdff01ff00fefc050d0c0902
fefbf8fc0306020102090f020f0b060a110e0e0c0c0603fcffff00fd00fbfd01
f900fd01fdfdf7f6fdfdff05010309070e0b02080f1016190f09fdf6fb00fefd
02fcf6f2f80100fffefcf9f9fbfa00050003050a050c05040a0b17120a01fbf4
01030200fdfbf5f2f900fefe00fefaf8f7f5f9fffb02000504030a0807060e09
04050104ff00f9f7f7f5f4f6f8fdffff00fdfafaf5f2f6f8fcfbfd010403fb01
f6faffff0605040603fcfbfbf6f6f4f7fcfffe01ff00fbfaf6f3f4f7f6f7fefd
f8f8faf5fcf5fc0009050604fffdf6fcfdfbf7f9fe0001fd00fefbfbf7f9f5f8
fdfffefbfdfafbf8faf9fa04070c08040000fcfb00fff8fcfe01fefffdfffffd
ff00feff0000fdfefbfbf8f7fbf8f8fd0004040706020200fe00fefefdfffefe
01fd0000ff01fe0100fffefffdfbfaf7f6f8faf8fbfefcfaff00fffbfefb01fe
fefd01fe01fe01fdfdfffd01feff01fffd01fcfcfdfefbfafdf8fafbfbfbfcfe
0000000000000000000000000000000001fe0001fe00fe00fffeff0000fffe01
0202ff02000302fffe00000101000201fe02020100ff03000203ff03ff01ff02
01ffff010100010001ff020101ffff01ff030003010103000002ff0102000001
060807010400000001000301010200010302040102020301ff02010406050200
fffbfb04080706050003010000fe030001000202020102000201020100010007
060705fdf8f7f5f7f9fdfe010001000103ffff0003ffffff01fdfd0000000301
f8fbfffe00070b08faf4efeeeeeef2f4f7fafe03ff01020200010100fdfbfd03
0301fef8f2fd000104050603fbf7f6eff2edeff1eff7f9fe000103ff020000fa
ffff010100fdfaf4f5f9fe0104ff0000fdfcfff9fbf3efe8eaf1f8fdff01ffff
f9fafcfafcff00ff01fffaf4f0f4f7fefcfbf6fc010a0c03fd00f4eff0f1f4f9
00fd0602ff0001fbfefe010001fdfbf3f3f8f6fbf8f0f0eff0fa040f0402fdf8
eff1f9fe02040406ff02ff01fdfe000200fefcf5f6fbfe0200f1f2ede8edf700
02feff02feff0608090d070a0a050002000101fe00fdfffffcfe010302f9f5f7
08060402030201120d040a0f100b0f0c0d05000401fe01ff03020104040104ff
010506090501000008070e1616090a100c0b080907080404040200ff00020607
01ff02000006070706080801070b1714110d080e150d0d050807060501010001
0b080509010202ffff0008020408090005080a120e0606070b110a0b05090404
0605fbfe0203080800000200ff0007080509080206040c13110f080401060709
fffdf7fb030001fd01fc04090403020102030204080c0d060707050c100b01ff
fbf8f9f5ebf5fe01fdfcfe00fefa05050100ff0002010304060706050602f8f9
0003fef7f1edeef0edecf4fdfcfcfbf9faf9ff020401ff01ff000104070501fc
0100ffff0101fcf7f2f1ededeff3f1f2efeff3f9f9fbfd01000100000001ff00
ff0102ffff02ff030000ff01fefbf4f5f1f3eff2f1eff6f9fefe0101fe02ff00
010402020203ffff02ffff01020204050402fcfefc0300fc00fafdfd0102ff00
ff010100020200030002fefe0100020202000304040400010404040403020102
0000000000000000000000000000000002ff0102ff020101020002000202fe01
0304030003010300030203020002ff000202010102030300030300ff00020203
01040100030201020402020104020103ff0403030300ff01ff01040102010301
fcffff01020100040300ff0004000002010200000201fe04010000fe02ff0002
00000506010101040102020003010003020203020101fffdfcfefe00fdfe01fe
f7f6fa010a04070b080202000404060203010100030202fefdfffbfdfcfafafe
fbf2f4f5eefd060b01010504070100fffe00030104020002000101fefefbf7f6
ff0201fcf7f3f3f6f7fb07100b0100fdfafdfff7fb00ff0302030102ff0001fc
020302030000fcf8f5f5eff1f807070c130700f8f9fffe02fffffe0403ff0202
03050303030104040103fdf7f3f3f0f0f9071315190f07020306fe0302020202
0e0b070b060304070301000200fffaf6f4f6f6f5fd02101b1a120506070a0103
1f1701f7ffff030907020507060304000101fff8f6f9f501000613171f170505
f9000c1a1c190af7f8f8fe0603feff0603010103030003fffdfafcfbff051118
fafbf8f2f5f90c17181813fcf5eef8f9fcf7fc0201020000010200fbfbfbfcf9
0304fefcfafcf8f2eff50b14141814fef8f4f8f8f2f0f70200000200010302fa
02030203010301fdf9fafaf2edf0f50a0d130c05fdfe00fcf6f1f6feff010302
f5eff1f9ff010201ff0100fefdfaf9f7f2f3f1f405090b00fc0000fcf5f1f2fc
e7f8fbfcfdf2f0f80103040000ff01fdfafcfefcfbf8fceef8fff9eef4f6fcf7
f8f5f6f4f4ff010400f9f4fafd020001030102fdfd01fdfefef9fffff2f6f6ea
fcfdfbff02fbf8faf9060502fffbf9fd0201030301020002fdfc0002fcfd0105
fefbfdfefbfcfbfbfd01f7f60001ff01fa00fe00ff02000303020000fdf9fe00
03000003ff02fefefeff000000000202fcfdfbfb01fd01fd00010002020300ff
01040002ff020100010203010100fdfcfbf7f5f7fdfefdff0002040201000303
030401040201000104ff0001020103060704000200040203ff02020605030202
0101020003010302ff000202040102020202040607070807080c070505050706
0000000000000000000000000000000002020002000302040300030004040201
02020202010103ff0003000301020101ff03ff03ff0200ff0201ff0002020102
ffff0002ff00ffff0001000101fffeffff0101fefffffefd0101feff02020101
f5f7f7fdfdff01000101ff0200020101fffefefefffbfcfbfdf9fdf9fcfe00fc
f6f4f7f3f6f5f3f6f9fbfe010003ff0100000000fffdfcf9fbf7f9f6f1f1f0f5
fbfe000002000102fdf9f6f5f7fbfd010300020102010200ff01fffff9f9f9f4
fffe0201070c0e070004ff02fdf9f5f6f9fcfeff0201010001fe00fffe01ffff
01fffefe060207090d0e0e0f050104fdf9faf6f5f7f8fbff02020102000100fc
01fe02ff0301fd0205010503050d0409080a0bfffffffffcf9fefc0003ff0000
000201ffffff030302ffffff010403040b0d08070b0b0e05030302fffeff00fc
090f0f0f0b080501000201030002fdfc010405060d0a04050701ff0704050600
04f9f6ff01090f120e0c070502030003ff0101ff0308080e060b080a0cfffb03
050a0e0805fdf50104060e12120c0a0b0302000002010200040a100d0b0b0a04
f9fffe0104051207ff0200fdfcfc050b100808090200030001ff01fafd050c0a
0002fef6f9fafafcf9021109fffe0104fefc0208060603050302ff0201fe01f9
fa0200010102fbf7f6f8faf7f1f9090900fc0408fcfdfd08020101ff00020103
fbfaf9f8fafeff01ff02fdf9f5faf7f8f3f8fc020607060700fc0201fefe00fe
f2f2f4f7f9fdf8f9fdff02000201fbfbf5f3f5f9f6f3f6f2fd0102fc01fcfbfc
fff3f5f3f0efedf2f1f8fbf6fc000001ff0201fcf7f1f2f7f8f9f6faf6f9f9f4
f5f5fa00fef6f4f3f1f0f6f7f9fefef9fe01ff02020301fdfaf7f6f8f7fa0102
00fefefaf5f8f8f6f900fbfefbfbfb010100fdfefd0001000300fffffcf9fcfb
0000ff0100020001fdfe0002fc0308070504030502fefdfafdff030003010302
01010000ff02fffe020304030500fafdfef9ffff05060200fd0000fe01020001
02040002010301ff010100ff02ff0407010401fefe01fbfb00fefcfefe020200
0001ff01010102010101000300ff020300020501010104030408060303050204
00000000000000000000000000000000000001010102000202ff020003000103
ff01fe03fe020202000100010202010202020000010200ff02020201ffff02ff
ff02ff0001ff02ff0000ff0200ff0101ff0102ff01ff01010201020200ff0200
000301fe02ff00010200ff000000ff01000101000100000000ff010102020200
0203020101ff02ff01020101010101fe01010001fffe01ff0200010102fe0000
020101fffe02fe01000202020102000200ff00010202ff000000fefe02feff00
00fefffefe02ff03fffe00ff00fe00000100ff0101ff010000ffff02fefffe02
01fefffffe01ff01fe010202fe00000102ff00ff01fe01fe0200fe0000feff00
00feff0002ff02ff010100fefe0200ffffffffff010101ff0202020100010101
ff00000100010002ff02fe00000101fe02fd0102020200fe00ff0001fe0200fe
0001ff000200ffff000001ffff0103020100feff000202010201000000000200
000300010101010000fffe01ff0201010101020001000000ff0200feffff01ff
0001fe0002020201fe000001fe0000fefffeff00020101fefe000101fffe0000
00ff0002fefefefffe0001ff0000000200ff020002ff01ff02feffffff000101
00000200fefe0001ffff010202ffff010201fe020102010202ff010003020100
ffff0200000001ff02feff02000002010102ff02020100ff01020002ff020201
00010002000103feff01ff010202fe000102fe00ffff01ffff000001fffe0001
0100ff01fe010200020003000102fffe0201010201fe0202ff00010102000202
ff0101ff01fefefefe0200000002ff0200ff00010100feff020102fe0202ff01
01ffff0001010001fe01ff010001ffff00ffff00010101ff0200000201fdff02
00fe00ff030000020100ff000000ff01020100020200020200020201ff000102
ffff010202000102010202ff02fffefe0001ff00ff00020101010202ff01ffff
0002ffff0202ff0102ff00ff00010001ffff0001fe02fe0001ff0201ff000002
0102fe00ff020002000202fe02ffff010100000002fe0102ff01ff01020102ff
fe020103feff02020000020101fe020002000201fe0200020302010000020202
00000000000000000000000000000000fe02ff0100ffffff00ffffff0000fe01
fefffefffefdff00fd000001ff010100010000ff00ff00fdfffefd01fffffd00
fe000101fdfdfe00fdfdfefd01fefd00010100fefd0100fbfcfefdffffffff01
f7f8f9f9fdfdfd00fdfe0000ff010000fefefefd00fefbfdfaf9fafafcfbfcfb
f7f1f2f7fdfcf9fefffeff00ff00fefeff01fffefefcfefffefcfbf9f8f6f4f4
f4f2f5eff2f9ff04080202fd000404010000ff00fefdfffefefefbf9fbfef9f6
fef9faf8f9fdfefc030c0f0f0c080804020503fffefd0100fffe00fefcf8f4f7
0100010400fcfbfefd040b0a110f111309090b0904020300fe0100fefe00fffe
010100ff0101080804040002ff0b0f18141006080802080a070200ffff00fe01
080900010000fffe00ff090806080503070d1218110a03030707060b0a07fefd
fcfa030a090c0102ff01fdfe0100080805040003010208110a00fdf7fbfc0708
fffafef9020301080a0a060400000101ff0101010002020501050c0b0dfffffa
fe00f6f3f4f4fb020702050a0f06050602fefe0101fefdf7f8fffe03040500fd
f7ff04070101fcf4f8f4f8030206090b0d0406060100fe01fffdfdf2f4fc0204
00fef8fafe030805050200f5f8f7fb05080c080a05ff0202fffdff01fffffaf9
00fffffdfffbf7fdffff0002020501f1f3f304110606070800fdfbfffffdfefe
fbfcfdfdfe01fd0000fef8fcff02fffd00ff05fcf9fa05070301020600fefbfe
f9f4f4f9f7fcfe00ff00ffff01fffbf7fa00010403fbfbfaf5f5fb0106fefc00
f4edf5ebebecf0f3f3f6fcff010101fd01fffbfdfdfb04050805fbfaeeeff5fe
0402fe03f8e6e8eae7e9e8f3f6f9fbfe00ff00fefefffdfeff01030507030200
01ff00030002040afffdf2f1f0f2f6f9f9fcfb02fefe01fd00fe01fffc010603
fffffffe01fd00fefafc04060607fffa0002fbff01ff040302ff010000fe0101
fffffdfffefffffffe030103ff00030708070904090b05060b09040102feff01
0201fffd01fffefdff010001feff03050506080909070a0a0b0b0b09060103ff
fefe01fffdfdfeff01feff00fefefeff01fffe02010402050608070405020300
00000000000000000000000000000000ffff01ffff0100ffffff01ff00ff01ff
030000010000ff000002ff03000103ffffff02ff0000000001010300010201ff
00ffff03ffff0101000101ff000302ff0101020001010003020101020202ff03
00010100ff00020102ff01010101ff0002ff010201ff0000ff00020102020003
fefafdfeffff00ff01fd0000000100ff00000103fe01fefbfefafafffdfd01fe
fdfefafdff0002020105050201fffe010102000101ff02000001fefefffffffb
0305030200fdfdfdfbff020a0c0d060907040300ff010201ff01ff0203050200
0200ff0103050503090f0709fe04111516130f080a070402030102ff02020001
02ff0001030101010406000108020c0b1217141a15100e0a0b07060300010202
00030103000201ff020102ff0003fcfbf8020a0a101617100406090505020602
e6ecfaff01fdfc00ff01ff0003ff0002fcfbfcf9f7fc050102fe00f8f8fd0202
f1e4e1dfdae4ebfaf4f4f9fc010202020202ff00fbf7f7f1f6f6f6f8f0e5dddf
f2f6fbf9f8faf2ede8e3e6e7eff2f4fcfe0003ff02020001f6f4f8f2eff6f5f3
fefafbf8f8fbfaf6f9fdfbf8f3ebe0e1ebedf5f8ff02010200030305f9f8f7f2
01030604fff8fbf4f1f7f9f4f3ff0c0503f5eee6ebebf6fafefffe0200030603
000200010003070400fafcf7f9f6faf9f2fc0f0e0804fdf7f0f3f4fb010203ff
fff7fbfdfb0001ff0302070a04fefffaf9fcf6f8f7000c0f0b0e0afaf6f4f6fa
100806080700fcfdfd0101020304080a0500fefefdfaf7f5faff0f1207080605
120e141a1309040503020201fe0303ffff0108070501010000f902fd02081313
0103010a14140f1210060803fcff02ff010400ff01040604020102fc01fe0308
030204010000fc030b0d0b0807050b0705060300010300030200020304040002
03030301020200fe04fffd060a0a0b0e0904070204040300ff000000ff010203
0202ff0002030202fefcfdf9fe010202070d0906fefb03fdfdfffffeff010103
0000ffffff00ff0202ffff02fffcfdfcfcfe00030302fdfefdfafcfefefeff02
00ff00000002010203000203ff020302000000000000020002fffffafafcfe02
0000000000000000000000000000000001ff02010202020100ffff0303ff0000
01ff00fe0300ff010001020200ffff02ffff02010100ff00ff000100ffff0102
0101ff000100ff02ff01ff0002ff010300000000000001feff02000202010100
01ffff0201020000ff00020200feff01fe0002ff010001000000ffffff020002
0201fe02ff0203ff0002ffff020300fe030001ff0000ff000200ffff03ff0002
02feff0202ffffff03feff01ff01020303000101ff00ff00fefe020201010102
0103ff0001010001ffffff020000020101020001000101020301010100ff0200
ff010201010202ff010000fe00000101ff01020102010202ff020100ff0003ff
03ff0200000202ffff0301fe00fefe02000000ff000002fe0203000002ff00ff
ff000100000000fe01ff010201ff0200ff01ff0101ffff0202fefeff00010301
01fffe010002000303020102000001ff020102fe01fe010201fefe01ffff01fe
00ff0000fe0102010101ffff000000010103ffff020202010101fe01fe0100ff
00020201feff0202020000fe0100010303020100020201fffefffe0202ffffff
0000ff0201ff0002ffff00010200ff0000ff020202020000ff01000201010100
010102020300ff0203ff00020000ffff00fe0101fffeff0101ff000001000202
01010001ffff00ff00010100ff00010002020001ff01ffff020301fe0003ff02
fe01010000ffffff0202ff010001fe010202ff01000101020000fefeff020200
0002020201ffff03010102000203ff02020201ff020100ff020200ff02000100
ff02ff0100ffff01ff01010201ff010200ff000000ffff00020000fefe00fffe
000200feff0100ff00ffff02ff02ff01ff03fe0301010203000001ff0201ffff
0200010101010002000202ffff01000001020100ffff0002020201fe0000feff
ff00ffff02ff010202ffff02fffe010200fe03000001fffefe02ff00000101ff
000001020102ff03fe0200ff01ff0201020000fe0100ff030102ff01ff020201
01ff00020000ff0100010002000202000000ffff0201000000ff000002000001
0000000201ff0201fe020101ff0103fe020100030100ff020002fe00010102ff
000000000000000000000000000000000103ff01ffff01fe0301ff00ff0002fe
fffdfefffefefe00fdfdfefffefe0000fd00fdfe01fe00fdfefefefdff01feff
01fefd00fffefdff00fefd00ff01fe01fd01fffefe00ff00ff00fffeff00fd00
0706030202fffffffffffefefe00fd00fe000202ff0204fffe01020203030101
fcfbfaff020204fffdfbfffdffff00fefefffd00020201fe0102020201040503
fcff02fbfaff040104050202fcfafbfcfffefffffe00fcfdfdfdfbfbfc0000fb
f6f9fefc00010407080f08030603010001f9fbfcff00fefefdfefefdfaf9fdfd
fdfefffcf5f901fefcfbfbfe050b0d0e0d060201fcfcfbfafffffffffefdfff7
fffd00fdfefffefafbfa0100fbf8f5fefd0103060d0a0709fefffbfafc01ff01
0408fffeff00fdfd00fbfc01fbf8fe00fffef1edf1fbf904080e0906fffefcfa
fb000509070601fdfe00fdfefdfcfd0202ff0102fe02faf9eff8f3f803030609
f7fbf9f0f8fd020505070103fe01fcff00fffc040b070705ff0001fff7fefaf6
02fefbfffbf5f9f5fd08fefe000200030000ffff01fcfd070d0706ff020103ff
090909030005fbfefaf1faf605090402040500fefe00000100fd00090e0a04fc
fffd00060502060b0605fff8fcf7f7fb0408fbfe020203fcfefefffeff000004
fcfefefdff0002010103fe02040304fbf9f4fa010b050101ff0304fdfcfdff00
0801fdfbfa000000fefd04ff0000ff00000204fef8f3fb05100d0705010300fb
100c01040302fefefbfefefefcfeffff0201fefefefe0501fbf6fc070d0e0607
02010306060b0303fffb00fcfb00fffdfdfd00fdff04fdfcfcfc00fcfefdff0e
fafd040a03090a0c0a080afffffcfdfcfd01000001fdff02fe00fdf8fdfbfdff
fefefef9f4fcfc0705050d0c0408060200fcf9fcfd00fdfdfdfefe01fffefbf6
fdfdfdffff0301fffaf9fd00020500fffbfcfdfffef9f8fbfefffeffff00fdff
00fcfe0100fdfd0002010202fe02ff0302fffcfef9f9fbfcfdfdfbfdfe0000fe
0000fefffd0001ff00fdfefffd010303040305030300fffffdfcfbfd01fdfffd
fefefe00fefcfffe00fdfd00fffffcfdfdfeff01040205020405030702020102
00000000000000000000000000000000fefffefd00ff00fdfffffd00ff010001
020000ff02ff010000ff0200fffefd00fe000102fe01ff02fffeff0202ff0000
02ff01fefe020201000000ff0000ff000101010102fffffe0100fefeff00ffff
0706020101ffff000200fe02fe01ff020000fe01010202020200010303ff0002
00fe0305060b090703050402000001010100ff01fefeff010507070606050609
0200fffefaf8f8fe01050606060204ff01feff01ff00fe00fcfcffff060503ff
fefafbf8f9fbf6f7f6fbfdf9fafcfefc0001040301fffffe00fefe0102fefeff
ff010502fcfcfaf9fafaf8f5f2fff3f7f6f4f8fdfe000302010001fffeff0204
01ffffff00010604fd030200fbfafef8ff01f9f3f0f6f3f7f9ff04060002feff
f4f7fdff00feffffff020405ff0402fff5f8ff0a0b02f7f1eaeef4f6f8fb0004
fcf2f3f2f0f3f9fffe01fe00fdff050600fcfcf9f5f7020e0f0908f5eeefeef3
fc0d14180c09fef7f3f2f6fa00ff00fefffd03fef6f5f5f3f8f7fa020b0d0f08
f7f8faf2eef80c0f11110902f9f6f4f9fefd0101fffffffbf1f1f1f3f3f5f2f7
ff0105010100f5f4f1f2f7050a0a0804fafbf6fe0100fffd000102fdf9f4fafa
ff00000306050c090b0603f8edf0f1fbfbf9f9fbfcfdfcfeff00010101000201
0700ffff00ff0106060b0c0a0b0c0af9eef4faf6efe8eaf0f5fa020304fffe00
00070c0a08ff02fd000203010508090406070a04f6f0f5edeee7ebf2fcff0606
0c0b0e0909060a0b050202fe00010001050804fdfe020d12080202fbf6f5f8fc
121d1a1a1c181f130d0a0a0b07ffff000002ff02030404fcf9040a1119161a14
030402000c0f0c1613110e0a06000306060002020200000001050600fe07070b
000002fe0101f9ff04fe0004090b0bfcfcfe02060201ff000102feff0004ffff
fe0000fe0100fdfcfc00f6f9fffaf6fd0908080101ff040603fefeff00fdff01
020202fe0102ff0100fffef8f9fcfcf7fe030200000406030402010002020100
fc0101ff01feff0001ff0002ff00fbfbfdf9fcfaf9fbfd01ff000200fffeff01
fd01fffffe00fffdfeff02feff01fffe01ff00ff00fbfefcfcfafefefcfdfcfd
00000000000000000000000000000000ff0200fe0000000001ff020201fefefe
ff02000301030203ffff03ffff0101030002ffff010004ff0002020000ff0201
020303ffff0101010001ff010302020204010100010000020202020200030302
fafdfd02ff03020302010303000200000003010204020304020000ffff030202
fdfaf6f0f0f6f6fcfdfe020201000202030204040102030403070500fefafafb
0600fff6f9f9f9f5f1f1f4f6f9fc01ff020201020101010303040505040203fe
03030a0f0e100d070403fcf7f7f2eff7f9fbfdff030302000103020300040405
0302030003000b100c0f15110b09080dfdfcf0eff7f7fdfe02ff010202000301
020201030203040803fc0206ff06080d0b0b0f1507fdf1f1f7f9fcff00010001
f6f9fc01ff0400ff0202040c03fdfbfdfbf9fdf8020b0a0b0a02f6f0f7fafa00
04f8f1f4f9fb0002020201030303060a0800fcfdf8f4f4fa020b060305fbf4f1
090b02f5fdfafcf6fd000606020400010004060c0a040204ff00fcff030d0bfe
fff7fafe0609fef9fafd01fa00ff070702020300030001040705ff00ff0101fd
fafdfcfffffafe01040401f8fc00fafafafdff04010302030102fdfb01ff00ff
02fffcf9fdf9f9faf90505fe01fdf6f9f9fdf7f9fcfc0102010000ff00fffdfa
ff00010000fffcf6f4f2eef3f2fc0002fcf8f2f6fafaf5fffc000200feff0003
0403fffbfaffffff0402fcfcf7f4f1f4f0fd060502fcf6f5fcfdfdff0401ffff
020401060000fcfafb010201ff02fffcf5f1f3f7f3ff07010603f9f900000306
0401030103080204fdfffdfbfe0003ff0003fefef8f4eff5f4fd040704fefb03
efeef4fd00fbfe05080805020404fffdfb01010000010000fbf9f1edf1f40403
00fcf8f3ededf2f800040403ff0200030302fffc0002030203010102fff9f8f5
00ff03ff02fefaf4f0eff4fd02ff0405fffefdfffefdfeffff0003ff03010000
ff03010200ff00030300fffcfbfcfdfd03010302fffffd01ffff00ffff030001
050300ff02030003000201030000050505060a0705040203fffd0101ff02ffff
030103040303020300020200020203010001010404050a09090b0a0907080503
0000000000000000000000000000000004ff0301010301030201040402020000
01fffe01010100fe0000fe0001fefefffefdfdfeffff01fdfffffdff00fefe01
fefdff01ffff00fdfffdfffd00fffdfeffff00fdffff0000fefd0000fffffe00
fcfefffffdfd010101fefdfd00fdfdfe00fefefffefefefdfbfbfffdfefcfffe
04020004010101fffdfcffffff0101fffeff0101ff0000000102fefcfdfefeff
010005070207070c0b0400fefffffe00ff000001fffeff03020300fdfe040400
0802fcfdfdfafe010509070704050503fefdfffdfe010100fd0100010402fd01
0000080b0a01fcf9fbfdffff01fc00fbfd05050a00fd00fdfbfd00fffe000407
fa0001ff0002080c0a040300fffdfb03fcf4f3f6fd0207090502fefafb00fefd
0603fafcfcfdfd00fc02080f0804030101fefcfefaeff2f8fd0204070304fefb
090a0e0e0505fdf9faf9fd01ff03070a0701fe010403fdf3f1e6e8fdff080a0b
f7f507090e100809090501fcfbfffdfe00fe020400faf8fe060404fdf3e9ef01
070501fd0302110e0c0c0807080402fafaff0001fefffefdfbf6feff0901fbfc
f7f8f9f8f901070306090e0708070403050100fefcfcfd0000fefdf7fbfbfcfd
fd00fef9f9f6f2f0f6fdfe0606070d0b06040400fdfefcfefdfd00fefe00fcfb
fd00fe01fffdfbfbfbfbf3f4f5fcfcff01fd06130b01fffbf8fafafbfffdff00
030b05fffffffffffffffefefefbfcfaf9fcfd02f7f600060901fdfdff01fefb
f8f8f4ff00070803fffdfefffefdfcff03fdff01fdfaff01faf5fdff00fcf7fe
ffecf5f2f7f6f7fc02030704ff01fdfdfdfefdff0301050300030101f8f1f3f5
01fb000104fbf9f6f8f8fcfafbfeff00fffefe00fdfffd020209040702000606
0406090803030506090d0e0608fdfcf9f8f6fa00fe000100fefe01ff050a0605
fefd010203080b090809070c0c14110b0c0a0004f9fafefefffffffffefd02ff
fefeffff01fdfe0202060708090c0a0f0b100a090b080801fdf9fc00fe01fe01
00fd000000fd01fffe00fefe03030404ff020304060605fdff03fefe00fdfefd
fefe01fe01fdff0101ffff00fd000000ffff00fefbfafefdfafe000101fdfc00
00000000000000000000000000000000fd01ff01fffdfdfdfffe00ff01fdffff
fefffe01ff00fefefffffefeff0001fe00fdfe00fe0100fd00feffff00fe00ff
ff0100000000fefefd01fd00ff010101fdff00fffffeff000000ff0101fefdfe
020202fffffffcffff01fe0100fe00fdffff0002ffff03fe02ffff00020003fe
fefdffff0001fe00fdfefffffdfdfffffdfd01ff01fffdfcfdfffeffff000201
070c0c070303070908020001fafdfb00fdff00fe00fdfffdfefcfbfc01020200
f7fbff0204060307060a0704040102fefcfafafcfefd0000fffdfffdfbfb01ff
00fffff9f4fd00fefdfaf4f9f80608060b0300fdfefefffcfc01fd0101fefcfa
fefffefefffbfbf6f5f6040201faf8f9fa00f8ff03000102fefdfffdfc00feff
070b05fb00fdfefd01fefdf6f9f3fb01020702fff9f8fcfffb04ff02030201fe
f2f80306090b06fffdff0001fefefbfafaf90202030703fcf3eaeff4f9fb0401
ece6ebe9edeffd0104090205fd0100fdfffdfafcfd020d090905fdfaebe2e9eb
03fbf0e9e9f3eff3f0f8fa0508040705fefe00fffffcff030809090707f9f7f2
070c0d0e03feefecf2f5f6f8fefb000a0b07030200fdfd01fffe0103080f0d06
01010002ff030a0f09feeeecf3f8fdfc0002070b0a010504fdfdfefffffe0005
01fefeff00030102fcfe060a0b06faefedfa05050a08070502030900ff0001fe
0800fcfdfffffe01fffe06fcf9feff08080801f0e8f2040a1213090602ff00fe
110904050a000001fefe0000ff000502ff000203060907fdf2f1f8080d0f0a07
08fffc030400040101030503ff0100feffff01020105050605090706faf7fd08
0c090a130c0a040604feff02ff0505030200fdfdfd000204030505070a0b090f
0405040a0908060e0c080d0a0702ff0400010200ff0201fffffd010305070607
fd00010205080706040000010a0c080905010101fffcfdfffdfefe01fefefd03
00ff000100fd010004030207ff01fefbfe01ff03fffffbf8fafcfdfcfcff0100
fdfe0001fefffdff010101feff00060602fefaf8f7f8fcfafbfafaf9fefb00fd
fffefd0000fffdff01fd01fffdfdfe00ff01000300fcfcfefb0303000001fe00
0000000000000000000000000000000000010001fe01fffdfefffefefefdff00
ff000200000202ff0101000202fe020101000102ff02ffffff000201ff010000
0202020100ff000302000003ff010202000000ff010000ff03fe0100000202ff
02ff01000202ff0002ff020102000100030200ff0200fe0102020101000001ff
ff0002fe01010001fe000000000002fe02020200010200010200ff01ff02fe00
0201020001fe000000ff0001020001fe000100ff00feff0201fe02020002ff00
01feff000001fe03ff00ff0101ff0200ff01010102010102ff0202020100ff01
feff02fe01010203fffffe01ff00fefe02ff00ff000201ff01feff020101ff00
0100fffeffff01010000ff020200fe00fdfffe0001020100ff00010002010101
fffe020101010302000100000002ff02ff01ff01fe01ff0101000002fffe0002
03fe02fffefe000101020001fe02fffeff000100ff0201fe00ffff0003feffff
fffe0001fe0000ff010100ff010000ff000000fe01000200ff00ffff02ff02ff
02fe020200ff000100fe0202fe0201020200ff0102fe0101000101000002feff
0000010101fe020202fefe000102fdfffe010000ffffff010101fe02ff000000
01ff00fe020102fffe000102ffff0201020101fe01000001000302020102feff
fe02010101ff01fffffe02fe000001ff02010200ff02010201feffff00000100
00ff01020000fe0101000201ff020202fffffffffe0200ff020101020200fe00
010203020001020302ff010201fe0100000100000202feffff01010000ff0202
0001fd02000002fe00ff01ff020100000002ff02ff01020000fe0000ff000200
0001000102000001ff00ffff0302ff00010100ff00fe0102ffff0101ff0001fd
020203020101ffff01ff0200fefe0001fffe01ff0100ff0101ffffff01feff01
00fffeff0002000202ff02fd00010102fffe02010202ffff0001ff000202ff02
fe01ff010202000100020200020101010101feff0002ff02ffff0201fe0100ff
010100fefe0200ffff00ff0100ff01000001fefefe00fd0002feff01fe010100
0002000101ff0201ff00ff020201ff010200fe00000002fefe01010001fe0001
00000000000000000000000000000000feff0202fffffefe0100ff020202ff00
fefe0001fffe010000fffefe020102ff0000ff000200010200ffff01fffe00fe
feffff010000ff000001ff00feff01000201fffe0000fefe00fe0100fe010002
fefcfefeffff02fe0101fe0200fffe00ff00fe000200fffdfefc0000ff00ffff
ffffff0000fbfcffff0002ff01fe02ff02ffff00010304000100fff9fcf9f8fa
fffd06050606070706fcfdfafefe0102ffff0201ff01ff04010403fffefbfc01
04fdfb0101fc09050706070805fdfdfcfefbff01fe010002fe0003040200fcfd
020003070501fffd010100070c0105fffc0002fef9f9fd01fd0000fffe010404
fcfe01ff0100010701ff04fe0000f701fd020afd00010503fdfffbfefdff0002
02fefdfdfd0001fffeff00050304030404fbfdfaf8fe01fcfcfcfe0102fffdfd
06080906050204fdfafcfffe00fe0101090701020706fef5f3f7f8fffcff0101
060a0d0a0709090806080701fdfd0001ff02010609090307030406060506040b
0604080a0c070a0d0b080a0a0802040200fdfe020001ff010a0a0b0407030402
f9fdf8f5fa000d11090e100f0f060907fffd020100fefffefefffff903050503
0101fef8fbfcf2eff2fc0a0d0a0f10120f070607fdf7f9fd0001fffffe00fff7
fefffefefefbfdf8f9f6f2eeedfc050d06090b110b0a0000fdf9f7fafdff0201
fafaf8f9fbff0202fffef7f9fbfaf7f3f2f60007ff00000703fdfefffbf7f5f7
f0f7f2f4f7fffafa0001feffff00fcf5f6f5f6f8f7f4fd0100fdfdfc02f6f7f7
0400faf1f3f5f7f9fcfdfcfcfc0102ff00fefbf9fbfbf9f8fcfd020201fef6f4
f6fc0201020200f9fdfb02fd020100fefe00ff01020000f9fbf8fbf9fa000704
fefcfafafcfeffff00060b080b03feff00fefbfe010001fffe0200fcf9faf6f9
010000fe03000102fe030106060c0f0a09080409fcf9fdfeff000202ff00fefd
fe0200fe0102feff0202000706000003010105060d0a050401fcfcfffe01fe00
ff0001ffffff00ff020101fffe00040502010001ff060200020502ff01fe0001
ff01fffefe020101010002ff0000010200ff0000fe000200fe0303030000ff00
0000000000000000000000000000000000020101fefefe01ff01feff0201fefe
00fffefefe020002fe01ff0000ff00010001ff00fffefefe0001020202000102
fdfffeffff0101ffff00fffffefffffe00fd000002fffdfefefefdfe02ff01ff
fbfcfbfdfeffffff0201ff0101fe010200fefdfffdfe00fffe00fefcfefcfcfd
0a050200fcfcfdfefcfe000100feff00fefe00fe00fdfd00ff020a090601fefe
191a120d00faf6f5f4f7fafdfd000100000102fe00ff00fcfbfdfe080b111211
000a0e14181308faf0f0fcf9f6f9f7fcfc00ff000102ff00fefffdfe0000090c
02fdfafc060c0e111e1b05ebe7f1ff01030402fc03020203010000ff00fffefa
03fe01fffefcf8f4000f0c121d210dedddee040b0b0e0b05070503010200ff00
04fe02000000ff0100fdf7f0020c10191d1d11efd2ddf5fb04080b0b02030402
f5f8ff0202fcfe00ff000201fefdf7effa080c151e1f14f4dddceef4fbff0405
ebe6f4fff8f9f9fbfef8fcfa00ffff00fffefbf9f704081016160ef7e7e3e9f5
0a1109fcf6f2f8fefffafafffdfdf9fcfdfe02fefffe0000fe05090a12100f00
fcfd010606080dfff8fd030905fffbf804fefe00ff00010000000102fe010806
000102fffafefe0004030801ffff050503fcfafafd000000020201fe010305fe
00fffe01feffff01fefc01fe0202090403ff040504fdfdfb010102040202fe00
fffb0204010201fe020202ff00f9f8f8fafcfefdfbfc060701fafcfefdfa0405
f90008080501000002fe02020001020102fcf6f3fb01fefff9fcfe01fafe01fe
01fe0205040404060c05020400000102ff0001fe00fcf9f6f801060300ff0101
0200fefefbfc0001060705060809020002010200fefefdff01fd01fc00fc00ff
0100fe0001fbf9f8f9fd0200030103070c0c0500ff0201ff0001fffe01fffd00
ffff00fefffefd000000fffdfdff0704040505060a0500fdfe00ff01ff000000
fe0101feff02fffffdfefbfdfd000105040607060804ff010000fe000100fefe
01fe00010100feff00fefefefefbfdfafafbfb010301ff020000fe00000000fe
01ff00ff0200fffeffffffff0100fe0000fefd00fefefcfdfefcfcfcfbfdfd00
000000000000000000000000000000000002020102ff0001fe00000200000001
fefefdfdfffd00fffc0000fffdfcfefefdfdfffe00ffff00fefe00fefefd00fe
fdfdfd0100fffdfffdfdfefffdfdfffcffff00fffdfefffdfffffffdfcfffeff
fbfffdfd000000fe00fe00fe01fdfe01ff00fefdfe01fe0300fe010000fffeff
08070100fffffefafdfffcff01fe0000fd0000fdff0001ffff00fd0201fbfdfe
040306060407060501fffbfafcfdfcfffefe00fd00000002010002ff03030407
0afffb0407fefcfc01ffff090201fffefcf8fafcfffcfffefdff010403040809
fe02040a06fe000300fefa0002fefc040505030801f9fcf9fefcfefffe010209
fefe00fd0102080c04fefd0001faf6fefef901060404050604fdfbf8fcfffefd
080602fefefdfd0000040d1008ff00f9f9f3f3f6fcfcfcff0b08040a0604fbfa
01020004060706fffd00fdff01010c0d04fbfbfefef9f0fa060a0208080c040b
0d140afefdfc01fe03070202fdfe00000000090503f8f8fa01fffa0311110700
01f9fbfe0c0f0e0a00f80100fdfe020001fefc00fdfe01f8faf6fbfe03feff00
f5f3f3f6f6f8fc0309100f0a04fcfefef7fbfafefefe00fdfffdfbf4f3f6f6fe
fffdfdfcf8f6f2eff6fdf9020511130d02f8fdfcf7f5f5fc0100fdfe00fdfcf8
fefffe00fefe00fefdf8f7f2f4f7f8ffff0a0c09fcfbf6f2f3f6f5fc0001fe00
ff02ffff00fffdfe00fcfa03fffcfafaf9f7fa0000030402fef2f1f5f8fdf9fd
f4f9fefeff070501fffffcfffdfffc030600ff00fcf6fafb0101fcfffdf6f6f7
07fdfcf4f8ff0304070a0401fdfdfefefd00ff03080301020202010606fafbf6
07090a020a0afff7ffff06060d0f04020100fefdfe0100000a0b050a07090805
03040809080807050503fefafdfd040205030401fd00fdfeff000102050c0b08
fffdff000402040708030507020103ffff020503fcfc0002fefdfeff01feff02
fcffff01fffc00fdffffff030805060503020506020305fffaf9f8fd01fffdff
00fffefe00fefffcfdffffff010300000304050708020605040200fffefcfdfe
01feffff00fffffeff00fd00fe00fe01fdfeff00fd00ff0000fdfefefefdfdfd
00000000000000000000000000000000fcfefdfefdfdfffd00fffefd00fdfdfd
0200020100fffffe000001fdff00ffff0001ff00fd00fe01fe0101fe00fffd01
01fe01ffff0000ff00fdfffffefefe0000feff0103fefefd00ff0100fe010102
04050401fffdfefe02fe00fe01ffff01fffdfffdf9fd010102000401fffe00fe
0e100e0e0b0807030001fdffff01010001ff00fdfcfaf6f6f8fe040a05070706
fd070c130d0a0f07080501fe00fdfcfd01fe00ffff00fff9f4f4f1f6f8000910
f8020701040b0d0b080104030000fdfdfcf9fbfcfe010000fffffef6f0fcfdff
fffdfffc000b0800010b0b0a03fb03fdfe01fdfef9fdfefe01fe0200ff00fcf5
ff0001010001fe020e100705050a0e090802fd030105fffcfafbfdfefe0200fe
f6fafafbfeff00fdff0101031111090703020603040604fcfa01fef7f9f8f800
f0ebf2f4f5f7f4f9ff01ffff020200060f120f04fafcfefcfd06f8fbf9f2f8fa
fb03f9f2f4f3f5f0f2f3f4fcfd000001fe03040c090c0b05fbf5f1f8fd03f2ee
03fdf900f900040405020001f9f6f4fafd01feff0101060a0406050509faf9f8
ffff01ff01fafcfbfb02090a100c07050500f9fc00ff00010102040601010201
fe060908fe00ff00fffbf8fbf7f50001090c0c070a07080102feff02fe050605
050101fffe060807030101fdf4f7fcfff7f4f8fd010d0f0c0d0c06060502fe01
0e080808ff00fd0001000909ff02fcf8f4eff4fc01f9f5f9fe08150f0a0c0608
ecfd0c140f080701fdfe01feffff04070503fcf9f7f6f4f5f5faeeeaf9051214
f8f2f8f4f2f9010e0e0c0904fffefffe00ff05030903fcf8f8fdfcf7f9f7fdf3
f6f6f0f1eff1eee5ecf4fe0111110c0705ff00feff000003050400f6f8f5f4f7
01fdfaf9f8f7f1ece9eef3f4f801040c12110701020101ff010001020201fffa
02fd01fefffffafafaf9f8f6f0f2fffd0209090d0802fefdfd01010201ff0000
feff00fefe0200fffefffdfbfb02ffff0102060607090304fbfdfc00fd00fe00
fffd00ff01fd01fefffffe01fcfd00ff00fd01ff01feff03010201fe02feff00
fe00fdfdff0000fffe0102fffefffdff010100010102fe0100010101020000ff
0000000000000000000000000000000002ff0202fd000000fe01fe00fe00fdfe
ff01ffff0102fefe010000000201fffefe01ff00fe0200010201ff0200ffff00
fefffeff01ff0001fffffffffeff01ff01fffeff0200ff02fe00020002010002
000101ff0002ff02fe0200ff000101020002ff00030203ff0200000002ffff01
fefc010100fefcfdfdfd0001ffff01ff0101000104010504060401fcfdfcfc00
fbfcfcfafd0100090a0b0604fdf8faff0101020100fe030206060704fefe0002
0501fcf9fefcfffafafcfe0609050c09fffdfffe0001000200fe0103080500fb
02020506000100fd01fcff02fff9f8010a0b0a0b05fefefa0002fe0001020303
fe00fe01fe010504fcf9fff9fcfcf8f9f8ece8f80e0e110e030402fcfd01fe00
080200fffb01ff02020204fffaf3f4f5f4f6f0f3f1dcd8f0110e0f09040301fb
07191d130a050200fc00feff000103fcf6f2f5f6fdf7f5f7f6dcd1eb0614180e
02f1e9f30a0c10130c030102fd02ff01fefffdf9f5f6f9fd080a030901f0e0f4
0d05ff02fdf1ebf60a120b0907010302fefefefe00fffefbf6fd05070b090404
fd09020909080807f6eeebf40909090d0607040400010000ff0000f9fd040910
ff0000f9fb0000fe07080907fcebeaf40207070804050001fffffdfffffffefa
fdfefe0101fd01fbfaf9fefe05010b1109f6ebf2f6fcff080404ff00fe000001
040600fafafd01fe010003fffbf6f901fe0c080f0f06faeff4fa01040505fdff
f9f0f3fdfe01fafdfe0101fe02ff0204fbf5f900fa0903030a1209fbf1f3f802
06070d0af9eef7f8f9f6fbfcfeffff0200010005fdf9f9fbfa01fc01090f07ff
00040b0605070905fafcfefef7f8fdfeff010102ff00020102fefefafeffff05
05010600020605060103fd00fefdfffbfaf8f7fc000101fe01ff000504020504
020000030105050604fe0101fe00f7fbf7fbfcfcf4f6fafefcfe020102ff0203
ff01fe0100020202030004040704fefdfcf5f7f7f8fafbf6f7fafe00fe01ffff
0000fe02ffff0002feffffff01010102010301010302fdfdfcfbfcfafefefeff
02fe01000101fe00000200020101ff02000201010100ff0001000001ff0002fe
00000000000000000000000000000000fe010002fe0100ff01fe01010102ff01
fefefdfdfd00ff00fefffffcfffffdfefffefdfefffefefe00fcfffffd00fefe
fefefffdfffdfcfeff00fefefffffefcfdfdfe0000fffdfdfcfcfcfeff00fffd
01020100ffff000000fcffff00fdfdfdfefffcff00feff02fe0002fe0000fd00
09070307090304ff00fd0000fcfffdfffdfc00fcfefffcfe0103040203040403
090b080805fefcff010200fcfffefffdfcfeffff00fffdfbfcfdfdfe0205060c
ff0605050709050507fe01010302fffefffffbfbfcfdfdfffefcfefffc030609
00fffe0003050602060b040a060903060601fe00fdfefdfffefffefdfffd0000
fefcfffefdfffe050406050808030e0b0104080b030801fbfffdfdfdfcfd0000
ff03fdfefffcfefefcff07090a08040602fd0300ffff01000908040300fffdfd
f7f7fcfbff02fcfffefb00fcfefe050a090403000103fcf9fc02ff000408ff02
f50907fcf1fd02fcfbfefdfafffcfdff0000040801fbfaf904fbece5f40100f2
f9f8f6ecf4050c0afcf80200fffcfaf7fffffcfcfeff01fefbf4f9f800fbf4e8
f9efefececf5f8f4f907120d03fe000101fdf5fafcfdfcfefd000000f8efeff4
fcfe0201fcf1edeceff7f802f60b151207fcff0301fdfafcfefefcfffc01ff00
02fcfcfeff01050805fcf7f0efeff5fdf80a110b090701f9fdfffefe01fefd00
fe02040301fefdfcfeff03030602fdfbfdf3f6faf80007070a0901fcfcfd0104
f3f6fdff01010203fffefdfefffe01050b09040101fdfffaf8f3fafbf60000fe
03fe030300fdfe01070904050200fffcfffd02040d130b0a060c0800fdf600f7
12150e090b110d0302ff01ff0908070400fefdfffdfdff020f15161510130c05
07080e0f11120c0c0d0c0c0509020809090605040000fcfefcfdfe03080f1010
fffffefd030406080b090c0f0f0b10110f0c0e0d0202010300fefdfdfefdfe01
fcfcfefffefd000101ff02010709090b080e0d0d04050601fbfaf7fcfdfcffff
fefbfffdfcfffffefdfdfefdfefdfbfc00fe03040202060101010101fefcf8fd
fdfcfcfcfefefcfdfdfefdfdfefcfdfffc00fcfefdfbfdfef9fafdfe00fcfdfa
00000000000000000000000000000000ffff0000fdfffcfd00fcfefdfefffe00
ff02ff00ff02000001ffff01ff0102fe01feffffff0101ff020102ff0001ff00
0301ffffff0002fefe02ff020002fe00ff0301ff010101020000feff02020001
01010403030302feff00fefe020000ffff030300010403040705030501030101
06060201010001000000fe00020002ffff01ff00030305040506050705ff0403
0a060b0902fffcfbf9fafbfdfd000001ff010100ff01fe02040408080a06060e
0502fc0300fafbfafbf2edf3f1f5f8faf9fefc01ff0101ffffffff0405070a0d
01010104fff9f8f4f4f6f7f8fbf7ecefedeef2fcf9fafcfd00fdff0101010107
fffffe0000010201f9f5f4f8f7f0f9f6f5f700fcf9f6f9fafcfcfbfbfc00fe01
01fafcffff00ff00feff0000faf6f6f9f8f5f7f5fafbfd0100f9fdfffcfcfcff
ff0105fcfffb0000fcfe010002ff00fefbf5f6fafffaf5f7030201020405ffff
04080303fe00030403fefefdfffeffffff02020000f8fafe02fbf4ff00030002
f8f3f80a0f0b0d0602fb0307fffdfcf90000ff02ff00010100fefffefcf7fb05
fbf9f8f4f4eef60d11120c0901fe0002fdfcf9fc010001020001fefdfefefdff
01fd00fff7f7f8f2f3eff0040b17140b04f9ff00fefdfafb00fe02fe0201fefd
03fefe0201ff0103fff8f9f1f0f3eeff05120b030403fdfdfd00f9f900fe01ff
fe03ffffff00fe02ff0001fffffafff8f8f8f5fa01100a01fe00fdfbfe00fdff
fb0005fdff01fdff00ff02fffefe000200fcff02fa000101ff070b02f7fafffd
1009fd020005060305050002ff000001000202050606020a070508100d0403fa
1014130a0c0e0a0204080804080501060202fffe010000030507070e0e141110
000307080609090302faf8f6fafcfefa01020407ffff020101fe03000406070c
fefe0002030104070a070101fef5f6faf3f6fefcf7faff0100020101ff000002
ff02010002020100ff020000070300fffffbf9fcfefbfefbf6f9f7fffffe0201
00fe0101feff00ff0102fe02020200fefdfffefcfdfdfbfffcfefbfcfbfdfdfc
00fefffe01010201fe01000100ff01020001fe01fefdfefbfcfaf8fcfcfefbff
000000000000000000000000000000000101ff0101fe00020000fffefffe00fe
01ffff0002000200030001ff00ffffff02ff000202010201fe01010200fefffe
010100010302ff02ff000001ff000000feff02fe01010001fe0102ffffff0201
00020201000202020001000001010200feff02000000ffff02ff020201010103
020000020002000102010300020102000001010202ff01ff01fe02ff0000ff02
00fe0100010100feff01ffffff0200fe010202fe020000ffff00ff0100ff00fe
0100fffe00ff00000001fe0101ff0202ff0000ff03fe03ffff01ffff02fe0301
0001feff00ff010101ff00fe030000feff00ff00ff0202ff020002ff02ffff02
030102010201ff00ff0002fe0102020000fffe02fd02fe010201ffff00ff0103
0300ff00ff02ff02fe02ff0101fe0101fffeff000200fefd0002010102ff0101
ff0102fe00000102fffe0101ff0100ff010201fffffffffe0000ffff0101fdff
01fe01ff000002020102fe0102010201000302020200fe020300010101ffff00
fe0002fe01000002000002ff00000102ff01ff000201010100fffe0100020000
0001feff0101feff0100000202fe0000020201fefe01010000ff0002ff00ffff
020101ff02010200000200ff00fffe010000ff0100000301000100ff0102ff00
0101ffff0201020202ff0000010201020202fe01fffffffeff000102fefe0203
02ff000101020202ff02ff0102fe000302000102fd00fe0201fefeff02000002
01ff01000100ffff02fefffe01ff00ff010002fefffe0101ff01000201000000
010002000201fefe03ff0101000200020201ff010201010300ff010202fd0002
00030100020002ff03ff010001ff0202ff0003ffff01fe000300010200fd02ff
0000ff02030201020001ff00fe0302000102ff02000100ff0102000002fe02fe
0101ff0100fffe0101fffffffe01ff010102fe0100020001ffff01ffff020200
02fefe000001feffff020000fffe0000fe0200020101fe01ff010201ff0101ff
fffe02000200ff00020200fe0202fe010101ff02fe02ffff00ffffff03000200
00fffffeff010101fe0002ffffff020103010102000101ff01ff0102ff010201
00000000000000000000000000000000000001000202020002030100ff0002fe
0100fdfd00fdfe00fe02ffff00fffdfffefefdfe02fe01fffffffffe0100feff
01fffdfffefffefe00fefdfe010101fefe0101fefdffffff00ff010102ff0100
02010100ff02ff01fe000100fefe000000000202030402010304020202020002
00040302fe030304010101fefe010100fd00fe03040102030203010302050300
fff7fe0007050303fbfe010607060403ff00fffefffefeffff03010201fafc01
fdf8f4fbfafb050303fcf90200ff020102030104ff01fe01fefeff01fef6f9fa
fe00fcfefbf7fbf9fd0200fc01f6f6f7f6fb01ff02020404ff01feff02fcfdfb
fefefefffffcf9f9f7faf9fafdfef8f5f6f702f6f5f8000103030204fffe00ff
fefe0101fd01fffffffef9f2f7f9fe0300fbfdfaf7f9f9f2efeefafe00020204
030606fdfefc0001ff0100fe00fcf4f6fcfffc020401f8f7fafefff9f5f7f5f9
0a07030608040a0000ff0201fefefffd0100f9fb0002ff030503fdff02090a07
06080811120800f9fe040504ff020400fd0101fe00fefc040e0a07000005040a
03040706110d0f120f1207fd03ff0203fcfefffefefeff01fefdfaff09090a08
fdfbfbfa000606060b0b0e0b0d181307090001050300fdfbfefffefffffcfdfb
fc0101ff01fbfbfdfafe0101040601080c1211090b0409080601fbfbfbfeff00
fcfff8faff01000101fef9f9fc00040101faf8fd020e100501ff020805fefaf9
f9fafdf7fbfef9fbfffdfffefd01fdf7f9fb0202fffefdfafe050d09f9f6fcf7
0008fbfaf5f9f8f903fff4f6fdfe01fd0101fcf8f9fefefd00ff03fdfc04fefc
0204080005090700fe020104fefbf6f9fefd01ffff00fff7f7f7ff010102ffff
faf9f8fafcfefdfe05ff02ff0203fefcfcfbf8fdfffffffd00fefbfcf9f6f8fd
00fe00fefefcfcfefe02fffd020102fff8f8fcfdfcfbfcfefffe0100fe01fcfa
fe02feff01fdfdfe00fdfdfdfef9fc010000000208060101010100ff00fffe01
fe0001fffffdfdfffdff00fefffffffefefcfdfc0001010404050204030202fd
fd00fdff01feff00ff00010001fefffdffffff00fffdfefffe0000fdfd010001
0000000000000000000000000000000001ffff0001fefffefefe000000feff01
0400010201010002020102010304000402010103040304030303000400000003
0004020200040203020102000200020204010102ff0101000300000204000103
fdfefdff0002000400040203040100020203000203fffffefeff000101fe0201
fbf7f8f6fbf9fdfdff020403020204000003030302040305040502fafbfaf8fd
040702f8f8f5f2f5f6fefafa000002000201030200020302040204080906fdfe
0303080c050c0900f3f3f9f90403fffcfeff00010203010202ff010203000204
0100fefe0203050e0c0c1205f8f9f1fbff02fdf9fafafc01040104010000ff01
020401000301fffbf90508060410110d0bfff3f800ff03fdfaf9fa0101020403
f8f6fc0004000002020100fafa040107050c15120f00eef1fa000102fbf9fbff
fdfef7fbfbfafc01030102010100fffefe040208080c0f1713fcf3e9f0f6f9fc
17140b080906f9fe00fafb0202010102030202fbf9010307060e160f150b01f9
0005080605090504070800fc02feff03050201010000fffcfcfffb00040d0e0e
f8f90202feff080601fc010c06060901faf9010101020100020100faf7f80004
0001fdfafafdfe040301090700f6f80c08090600f8f7fcff000002020300fdf9
000200030002fdf7f7f1f5fe0309070702ff0405060702fdf4f5fbfffc030004
eaf3fb0001010301000100f8f6f2eff5fc090d0d06060909ff02f8f6eff2fc01
faedf1eff2faff01030102020201fdf6efedf0f0f1fe070a09070e0604f4f3ee
fa0503fbf7f3f2f6f703010004020103020102faf0edf0eef1f9fd00030c09ff
ebedf0fbfbfcf7fef7fdfa030206030201ff01040300fffdf7f2f3eeecedfcfd
fbfdf9f4efebeef3ff00f8fc000506040707050000020403020401fdfbf9f5f1
03010203fefefcf7f5f1efeff7fdff030a0b06020e0d0b050104040200040002
010301040302ff000400fcfef8f7f2f1f2f9fefd0207070a10110c0502020102
020102010300010002000102010104010300fefcfb00020607080e0a07050605
0402030102030303030101010202030201020402020404080405040304020302
0000000000000000000000000000000004030400030201020302020202020400
fffffe0202fe0002000102ffff0002ff01ff0101010201020201feff010201fe
ff0200fffe0201ff01ff02010201000100fffeff02ff01fe0202010200020002
02020100fffe010102ff01ff000203fe01fe020200feffff00ff01010000ffff
03020103ff02000201fe0201ff0002ff01010100ff0101ff0101ff0102010102
02fe02fe01000100010000020200020300fe0001ff02ffffffff0200fe01ff00
0102fffe01010101ff0001ff0001030001fefefeff0102fffeff00ff02fe0200
0202000201fefd0000fffffe000001fefeff000100010100010100ff01ff02fe
0100020102feff0200fe000001020101010100fe00ff0000fe02ff0102010000
ff000100020000020100fffffe010002fe01ff010200000101fdff0200fe0201
02fe0001ff02000100020001ff020103fefeffff01fd00ff00fefe01fdfffe03
feff0101fffe010101000000fe010002000202fe0001000100ff0200fffefffe
fe02fffefeff000101fe02fe01ff02ffff000201feff02030202000200fffffe
0001ffff0100020001fefefefe00ffff0200000100ff020001ff0001000301ff
ff00fe0102000200fffe0000feff01fe01fe0000fffeffffff00ff0100020100
010102fffeff01000202ff01ff0100000100ff01fe020202ff00020100fe0002
fefffe0102ffff01ff02020101020001020200ff00000101ff000000feff0201
020002ffff0001fe010000fe000200feffff020001020302020102ff00000001
01ff0101ff0000ff01ffff00ff01ff0102fffe00ff0101fffffffe0101020001
fd00010201000102fefefffe010001fe010101ff0001ffff0201fefe000200fe
ff02ffffff0101fe01ffff02fffd02010102ff00fe02ff02ff01030000020202
fe0000fe00fe02000000fefe01fffffefeff0000ff000000ff0201010001feff
0002ffff0101010002ff02fe020002fffe02010100ff000100ffffffffffff02
020102020002ff0202020102ff01ff0200fe00fe0002ff000001ff0200fe0200
02ff0102fffefe0100010000010100020102fefffeff0002ff00ff0202020202
00000000000000000000000000000000ff0202ffffff000200ff000002fe0200
0403040101010404020003010104010203020202020403000404020405010302
0304040304040304020001020203030502050104050401010302040502040202
00ff00ff02020203020302010304000302000402010303010102030300020003
fffe05fdfbfeff0204040403050302010301040302000101030203020300fffe
f3f6f6010906030400fffeff0604070405050101010200010300fbf8fdfdfbfb
fffcf8f5f4f8fe05030a070305fdfbfe00040602020102040104010203faf5f1
02050202fffdfbfcf8f40308040e030100fcf9f8fe0205030403020401040104
0301020305040402fcfdfbf4f0effcff0705fbf8fdfcfdfcf8fe010200040402
faf0fa0000010204010401fffbfdf8f7f3f5eff8100907fe0001fcf9f8fafc03
0402fc05fef5f8fafe01030101030303fffdfaf6f6f1f1f3080e0b0606fef9ff
030d1b1511150c0802f7f8fdfd010004010303fffcfffcfafdfaf9ff070d0d0d
01020a09070c141c1219121004fefbfdff01010501010202fcfefbfbfb00fffe
fcfbfbf9f8050b0f100a0e1b0f171609fffafd010104030300000200fcfcfcf9
020301ffff00fbf3f3020c100703081617170cfaf3f5fc030303020101010000
000004010101ffff00fcfbf1f1fd030bfe0301050af9efeaeaf0fafe01020004
edf1f60103030400030001fe00f8f7eeeef3f4fd01fdf3ebeae5d5deebf0f7fd
e5dfe3e5f1f2f80003020203030301fffcfffef3f1f2f5f7f800f0e0e2dcd8e0
f7ff00f8f5f5f4f5f7fafb0104030101040100ff00ff00fcf6f6f302fdfff8ea
fd00fbfb00fcfd07010e070afeff02050601000104040403fcfd00fcff00fb01
00fffcfeff00fef6f9faff050813140f03020306020401030201050301fafbfc
0004010300fffdfbfafe01fff800010d0e10110d050408060202030203030202
010504020205010304020002ff0305fbf9fefefc030a08080b07050401020100
040204040303020503000101020204020403fffefdfefcfe0100060605020601
0000000202050401030201020400010300040405040306050202030200030303
0000000000000000000000000000000002010205030003010503030004010205
fe0101000102020000fffe02ff000100ff02fe00ff000100020201fe0001ff02
01020202000001ffff000202020002010101010000ffff00fffe000001fffe00
020202ff0101ff00010202ff0002fe000100020002030000010200ff01ff0001
fcf7f6fafdf9fcfefe010002000101ffff0101ff0303040406040303020201ff
fdfefbfbf5f4f2eff4fafbfcfcfe0201fffffe0102ff020203040100000001fb
fdfdfbf8f8fe00fefafbf9f1f9fc050702020100ff0001020000000001fffbfc
01fe0000fcfefbfbfaff04fbf8fffd02fdfd0708080404030202fffeff000304
040402ff01ff0105ff01fdf9f5f9fdfafe03040a0704080a0905090401000000
05fd05040702010200000305fffffef9fafaf9fa000a0a100604060c05010508
0e01f9fc02fbfd0203050000feff03fefdfcfffdf8fbfbf9fa05120908fc0106
fdfafd0f160bf900fdf9fc020403ff0200fefef8f4f4f8f7fb0301fdf5fc0a0f
03060304fefef5020f12fffbfe00fbff0300fffe0201fef8f6f6f1f9fc080105
02080910150c0a0504fef9fa060d0501fffefc00000101ff020002fffbf8fd02
fffefc01060d131713170eff05fffd01050e03fefe00fe000000fefffffe0103
0001ff0202fffdfe030c0f10191b140106f5f4000704020103ff00fe00010201
fbfafafe01ff0200010101fd000707080f1f1c0909f6e6f0fc0002fefefc0001
edf3f4f8f8f9fb00020000ff00ff00fffd000201051117130efce4e0f0f5f9ff
0c0bfbefefedf6f7f7f4f7feff00020100fe01fdfcf6f9fafd01060b0e09eee8
f7f9fb0605080801f4f0edf7f1f0f3fcfe020000010100fffaf2f2f0f5f60107
fbf9f0f1f3f7fb070608090afcf6f6f5f5f4f6fe01ff01feff0001fefaf6f3f0
00000101fef8f6f0f3f800030c0a03060305fff9fd010100fffffe0001fefffd
0002ff00ff0000fffffcfdf9f9fa04080c0d0905060606040503050200fe0100
ffff000200020002000201000100fdfdff000107050205090401080503010200
ff020101fe020101ffff00fe010200010002010103030204050201ff00020101
0000000000000000000000000000000002010001020002020201030202000201
000101ff0001ff01000002010002020200010101ff00000000030101ffff0200
fe0201010000020300000101ffff01010300010203010102ff00ff01fefffeff
0202feff0203000001ff01fffeff02000201ffff00000200ff01020202ff0103
ff02fffe01ff03030101020101fe000000ffff020000010201020201010101ff
02ff0201ff0101030101010101fe0101ff0101fe02fe0101feff030000010001
0201ff030102010200010100feff020301ff0200fe01ff0201ff02ffff00ff01
00ff020200020000010002000003ff0102fffffe0000ff0000fffe0101ff01fe
01ffff01ff010100020000ffff01fe01ffff02fffefe0001010102ff00ff01fe
00fffe0000000201000002ff0101030202feff01ff01010300fe02ff00020001
02ff000200000002fffe00ff02ff0301ff000201fe0200ffffff0000020000fd
0302ffff0202ff01fe02ff0201ffff020100020203feff0201020202fe00ffff
02ff0001ff01fefffeff02ff01fe020001fe0101ff0001ff0100fe0201000101
ff00ff0101fe0200feff03fe01fe00fffeff0000ffff02000200020202010201
ff0301fe020102000102ff01fefdfdfeffff0002ffff0201000201ff01020200
000101feffff02fffe00fffe0100ff000100ff00ff01000202ff020100ff0002
ff0101ff00ff0102fefe000202fefe0201feffff0101fefe0000ff01ff00fefe
ffff01ff020000020001000101020201ff020100fffe01fe02fe010101020100
0001fe0000ffff000000ff000002010202000101fefe02ff00010002020002ff
00fe020000ff01ff000100030201020101ff00ff01020000feffffffff02fffe
fffe000103ff0201020002fe02ff0002000102ffff0000010001ffff00020003
020301010201030100010002ffff0002ff01ff01000200010301010201010101
0100020001fe03fefe0302ff00010300010102000100fefe0000020202010101
02ff0200ff01010102fffe010002010000ffffff0000ffff01010101fe010103
02feff000202010001010201ff0002ff00000000ff00ff00ffff0000ff00ff00
000000000000000000000000000000000102fe01ff02fffe02010300fe010302
00feff0000ff01ffff01fe0101fd010101fffffffdfffe00ffff0102fdff0100
fe01ff00fefd00fe01fefdfeff01fffe00fdfeff00ffff01020101000100fe00
fe01ff0100fe000000ff02fe0000ff0100010101030103010201000201ff0103
0401fe00fe00fcfdfffefdfffe0100fd010001fe000404050704030303020201
0b0709060105fdfafb03fefafbfafe0100fffeff00fd0001060708090b0b0907
0e0b04fffdf2ecedf7f7f4f8f4f7fdfefdfefdfffc01fefeff0102040c0f0b0d
fe02070a0b02faf5f0ecf1ecf2faf5f4f7f5fafffffbfefffcfe01ffff02040a
fcffff00fe00050a04fdfbfcf4f1f9f4f4f2fefbfcfbfbf9fefbfbfdfcfe00fe
fef7fafbfbfc0001fdff070701fbfafbfcfaf8f8f1eef9fdfcf5f7fe00f7f8fb
fc00fefb01faf8f9fafb00fdfe010506fdf7f6f5f9fa02faf5effd06fdf8faff
f4f00a0f090703fc0301f8f6f9fd010101fe0100fef6f5eef8f6fd00f1eaf604
f9fafdfb00f40411090305040607fdf6fb0000fd00ff0002faf7f5f2f5f3f8fd
060602fcfbf9f9fc0001020d09070606080504fcfe000101fffd000306fefbf9
fffdfe02060400fbfffcf6fdff04fe0b08050b0605020101ffffffff00feff02
00fe01fefffe0004080504030407fafe080903070b050603030403ff00ff00ff
0909050101ff01fffefcfcfd04010403040b0503020500fe0806040606060500
0d080606080a0903fffdfd02fdfdfc0104fe03040003ff0b0606060a01020203
0d100b10130d0f070604060500ff01fefe01feff03030807020401090f0c0909
09080a030f10111415110b0a070502010300ff01fffefd0002020707070a060a
fd0407040c04060306000c080b060400fffe0203ffffff00fdfdfefc01070508
fdfefe00fc02030306fffffefafbfafbfefdfcfdf7fcff0101010000ff0100fe
01feff01ffff0000ff01fffffefdfbf8f8f8f5f5f5f4faf4f5f5fafe0101fefe
fafefdff0002fffffffe02ff0102fbf8f7f6f5f5f9f1f3f1f2f0f1f0f3f6fdfb
fffefd00fdfefefe0102000201fffe010000fefdf9f7f8f5f6f3f6f6faf8f7f8
0000000000000000000000000000000000feff01fdfdfffefffefefefefcff01
00fd02ff0001fefe010000ff0101feff01fefefdff01000100fdfe01fdfefefe
00010001feff00fe010000ff01fdfffdfffe01fd00010000ff01fdff00fe0000
fefbfafffdff02fe01fefd02fe0201fe01fdfdfefefcfdfffcfdfcfafbfc00fd
fc01030102030203040102020201000000ff01fdfdfbfcfffffdfcfdfcfcfe00
fefcfe020101fc03ff05060a0b0a08000200ffffff010101fdfcfffefffcfcfe
00ff00fefefe0202fdfdfe0103060a08080e090303fefe01000001fefefbf9fc
fefffdfe010202030300fcfbfaf5fbfaf9fc0406090b0d080302020100fe0100
0200fefefefefefd03080205060d06fbf6f6faf8fafaff020b0b0c0a02fffe01
fefc02030402fffffefffbf6ff0b090a0a0c0c0b040100fdf4f2fa010207080b
0603fff9f7f4fc02010301fffefffaf5f60104090e08070907fe04fefaf6f6f7
0c04fe04030903fef9f3fafd0300fffe01fefff5f2fcf9000805010308020109
fc0103050605fbf8fffe01fef8f8f6fe00fffffe0000fefbf6f8f9fc0102fd05
fbfbfe020b0405050609fef6f1f8fbfbf9f6f8fc010000fefe0200fcf4f7fd01
0100fcfafe0503080e0409020a0803f4f2f3fbfefc00f90001fe00fefefefff9
0100fe00ff02fe020205080d0f0b0a05080a0afdebeefaff03fffdff00ff0200
feff030202010100fe010200020307060c0c0a0705090bfbf0ebf4fe02fdfd04
f3f7f9fafcfbff0102ff00ff00010100fe01060206060605000306f9f8f2f5fd
fcfcf6f0eeedf5f9fbfbfbfe02ffffff01ff00fdfffb02fa01000301ff02fef2
0300fdfefefcfaf5f0eff5f8f8f6f9000100ff0201ff00fdfcf9fdfffbf7fafb
fdfcfb01070202fe0504ff0301fafafbfffdfe01fe00ff02ff01fefffdfbfd00
fefffffffbfcfefeff0500ff03030506050500fd040502050202fd000201ff01
0000feff010002fefefefbfcfbf7fe02030705040e0703050806070502ffff01
01fe0101fd0101020100fffdfcfbfdf9fbfafafe0006070c0a09070505030101
01fe0101ffff0101fe020000ffff0102ff0100fdfcfdfcfefefc00fcfefffeff
0000000000000000000000000000000001fefeff000101fffeff02fe00fffffd
ff0202feff0002fe00ff02ff0200000001fe000102ff0100ff00000203feff02
01fe0101ff02010203ff02ffff0001010002fe0000fe020000010000fe020102
ff03fe0100fffe010202ff0200ff010202fffe010100020200020100ff0200ff
00020101000300010202ff0102030001ff000201fe00010100020102fffe0201
fffe0202fffe010001000203020003fe02fe010002ff02020101000000020102
0200000100000201ff01fe0001fe00010100ff0100ff010200fe00fe00ff00fe
0202fffe0101fe0000ffff01fe0100fefe01020001fffe0002feff03ff020002
fe01fe01ff0101010001ff0100ffff00ff0201feffff01fe0301ff0202000200
01ffff02ff01010002000002fe02010100000002ffff0001ffff0201fe0101ff
00fffdfeffff02fe00ff0002ff000300020102000201ffffffff0200fffe00ff
020103ff0000ff03fffe0300000200010102ff01fe01ff0201ffff0002ff0100
0201010200fffe01ff0002ff010100fe02ff010103010002ff00ffff01fffe00
fefffe02030200fdff01fffe02ff0000ff020100ffff020100ffff00020001fe
fffe01ff02ffff0101ff010001feff00ff00ff0102fffefe0200020203010200
0200010200020200ff0203fefffefe0103fefffd0000fe0000fffeffff0102ff
0000020102020200020100000001fefe0200fdff00ff00fe01ff0000010100ff
01ff01ff0200ff0100010202ff000101ff00ff01ff0102ff02ff000202fe0200
00ff02020002020100ff0002030102fe02000002fffeffffff00010100ff00fe
0100000200feff00fffefe00ff0000ff0102fffefefe01010000ff000200fe02
01020202ffff0102fe0201fe0200ffff0003020003ff00ff02030201ff020000
030001000201fe00ff0101ff00ff0202fe00ffff00010101ff0102ff0001fe02
ffff02000201ff00feff0102000201010100000103ff02000202fefefffe0002
0200ff02fe01fe0100ffff020202feffffff02ff0000000202010103020003ff
0103feff01010100ff0002ff0201fffeff0000ff010100020201020202ff02fe
0000000000000000000000000000000002030002ff0101020200ff00fffe0202
00ffff0200ff0202ff01fffffffefffffe02fefe01fefe00fe02ffffff0101fe
01000100ff02010201000000ff02ff02010101000201fe01feff010200020201
0606050502fe01ff0000ff0001020102fe02fffefd0100ffff010002ff0102ff
080a100f130e0a090603fffe020101fe01ff00fefffbfefbfbfbff0302080b09
fb01030d1514180e090908080403010402feff000101fffefcfcf7fafefeff01
f2f5fcf90010111c1e251d1108090603020403000202fe020100fefcf7f7f6f4
fffdf9f4eff7fc020b1318211e2017110c0804040206030101000101fefdfff6
00ff02ff0200fbf0f1fbfb050f16151a1613fdfaf9fe0204fefcff0400fe0100
f0f8faff040201fefefdfaf4f4ff000b111116100dfbe6e6ebf3f8fbfcfbfcff
edeaeaedecf0f4fc02fefe02fefffaf7fafd030e100b0b07fcecdcd3e4e7ebf2
f1ebdfe6f3f8f1f2f1eff1f8ff01ff00fffe00fcfcfe0711140bfff4f0e4dedf
0803fdf8f3f7f5f4fa01fcfaf8f3f4fa000200020000fffdfaf8fc0c0d04faf5
f9faf8f7ff0600fe0502fffffd0302fe01faf5fbff010001ff0102fbf5fafdfe
ff0300fcfaf7fbf8f6ff020406faf5f5ff0301000600fcfeffff00ffff0101fe
02ff01fe02000300f8fbf9eef4f8fffffffaf8f9fe000505ffff01030000fffe
f7f5ff030403000200030402f9fbf6eef5f5fbfdfff8fbf9fbff00fff8f9fe04
000100fffbf8fa0202ff00010000060201fcf6f5fdfefd01faf8fcf7f600fafa
050b0c0a090203fffffafd050502fffffe00030301faf8fafcfcfd0202010808
0401010f040a0a0f0907fefffcfcfc0405fffe000101010200fefdfcfffcfe05
0403fdfdffff040b04080307090b0a08010203040101feff000003020301fcfb
ffff00010200fcfdfffffffbf9fbff010a070403080702030100ff02ffff0303
fe010002fefe02ff0100fffefbff01fefcfe00ffff0401050509050203000202
01fffdfe000200fffe01ff01fefefe02ff01050101030409090a0d09080202ff
03020201fe01ffffff000202fefe01020200ff01010204050708020205070502
00000000000000000000000000000000020102fffefefe01ff020202ff010202
fe00030100020100ff000100ffff02020200020101fffffe02030102ff00ff01
ff00000101ff000301020000ffff020300ff0000000100020203ff010002ffff
0201ff0102fe010102010101ff00020002ff03030101020102010001020202ff
0001000103ffff010200feff03ff00fe010102020302ffff0200010001ff0000
00000002fe0201fe0000000302ff02fffffe02ff03ff020300ff010002ff00ff
fe00fffffe010101fe010200010002ff0301ff03fe000003020002010001ff02
02fe0100000102fd020102ff01000001ff00010000030200020003fffe020001
000101ffff010202fffe0000fdfe000202fffeff0000feff02ff02020102ff03
00ff010102ff0101000001000202fdfffffffffe01020000ffff020001ffffff
fe020201ff000000ff02020200ffff00ffff01010002fffeff00ff020100fd02
feff0000fe01fe020202ff020000030102ff010201020200010301fe02fe0000
0000ff02ffff010000fffefe0101ff02ff01ff020101020102ff03fe00030000
03010102fe02010202ff0302ff0100ff010202020100ff03ff0200000200fe00
02020201ffff0201fe00fe0000ff010003fe020100000200fe00fe02fffe0101
01000001ff0002ff00010200fffefefffe0101fe01ffff0001ff020002020202
fe02ffff020001ff020100ffff0002ff0200fe01020101ff020202000101ff00
0201fffefe0101000002fefffffe02ffffff02fe02000100fe0202ff0101fe01
0000fe020001ffff01ff00010001ffff00010303010000010000000101000000
fffeff02fe02fefe0100fe0001000102ffff0001ff010102000102ffff01fffd
fe0200ffff02fefffe00fe00fefd00fe010002fe0003ff01000100ff03ff0001
0000ff0003030201fffffefffeff00fe0100ff0102ffffff0103fffe00030000
020202feff0100ff00010203ffffff01ff01ff0300fefe0302ffff0003020103
ff02ff0200fe000001ffff0103ff030102feff00010200ff0300ff01fe0100fe
fe00ff020102ff01ff020002fffe0100030001010201000002ff030000000100
00000000000000000000000000000000ff00020303010000fffeff02feff0301
fefefffffeff0002fe010100fffefe02fffe01fefe0000fefffd0100fefefe00
00fdfe00ff0000fefeff00ff01fffffe0001010000000002ff0000fe0000ffff
fefcfefdfe00000001fe00ff00fe0200fffe00fdfefcfbfafbfcfcfd00fd0101
f9f8f5f5f9faf9fbfffcfeffff0001fefeff01fefbfbfbfdf9fafafcfbfaf9fd
f6f5f8f5f2f3f6f5f8f6f8fafcfdfcfc00fe000002ff00fffbfaf8f7f7fbf9f6
fe0403010a0405ff020301fdfcfffcfefafefefc01fffe02fe0002f9f6f9fbf9
01010206070708080a0b070a0a080e0a060a0600fefbf9fe0002fdfefe0003fd
0102ff01ffff060b120c0c0e030c070f090d0e0f080906060001fbfd00000201
0406040203ff02fefe01060d130e0b0c0a080907030c16140d090501000502fc
0d02000808090405020301010203070f10110d0a050a0908fe0e14160c050505
fafe070707fe010306070605040201ff0001080c0c0e0b0c05040800fe0c1210
0301f3f3fbfa000b0604fc00050307040402fe010103010506070707080300f5
0302ff010304faedfaf8ff060900f8fd0201040200fe01feff02020201040205
01ff000603040001020b03f403fcf4fc01fef6f7fcfd030201ff01fffd010106
fe00ffffff02000302020100fe030e01fdf9eff7f8f9f6fdfcfc0004fe000002
04090200fe01feffff0201010004fefaf6fb090a05fbf9f4f8f6fefeff060202
f6f8f905010507fefffefefefefefc02ff04fbf5f4fa01050500f5eefdf8fb02
fafc04fefafbff04fe0407ffffffffff00fd00010201faf6f6fcfefdfefffdfa
efedeaecefeff5fafbfc0304050704fdfffe0100fffffefffd00f8f4f4f0f7f4
00fdf9f1eef0eee9e9f2f90105080b0f0f04fbfafefd00fffffffe01fffbf9f5
fefdfdffff01f9f5f4f5f6f7f6fafe030b0f090909fffbfefe00fefd00ffff00
0201fffefffd01010000fdfefd00010004050a090603010603ff0302fe00fe01
01ff0001ff01ff00ff01feff010003020705070b0b0a08060907ff01000200ff
0202feff0100fefffe000002000201fe00fe0003030204040708050605030301
0000000000000000000000000000000000ff020001fffeffff01fe00feff0201
01ff000002ff00fe01fefe01000002fe000001020100020102ffffff02010202
010201fe000000ffff01ff01ff01fefe0201feffff0202020101feff010100ff
fcfe00ff0001fffe0000ffff02ff02ff010000ffff000001ff0100fffeff0102
00fffdfdfbfcfbfcfafdff01010102fe0201ff01000002fdfcfbfdf9fbf8fafe
fcff00f9f6fc000806fffcfaf7f9fcfe010100ff01fe0102040200fffefe0201
0805030203fafaf2f8fe04100b01fffef7f8fafafdfffefe01ff010105040302
fe03050a0b0504030608fcfdf7f600090d0a0300fcf7faf9fffe000001010606
010200010100090d0c02ff0504fefdfaf5f4fe0f1007070402fefcfafd010000
09070704fe0000010001090d0b0402fd030600f4eff4000a1004010203050100
120b0c060b0b050300ff00ff0004050b020100ff0303faf2f6ff091712110d09
fdfe0d0e0804040409070402020302010201060600fefdf7fffffbf8f8070f19
fcfaf9f4010003000403060103010200ff01fe0001000201fef9fbfcfe00fdf8
fb00fcfdfaf9fefc030703f3f8fcf9f9fafefb00ff01ff02ff000300fdff00ff
02ff040100f9fbf4fafdf6f6f8030b01f7f4f6f4f2f7f8fc00ff0100ff0003fe
010200ff020204fffef7f9f4f4f9fbf7f7ff081305fcf2eceef3f4fbfe01ff02
f6f8fafcfc02010001010503fff8f6f5f5fcf8f9f6fc08181405faeeeef3f8fc
13100800fcfafaf9fdff020200020107fffcf5f4f8faf7f6f3f60515120e04f7
fcf9000e12120904fdfcfcf9fffffffe0001040502faf8f8f7f9f8f6f8fa0312
fe0000f8f8fe02080e070b000002fdfeff01fe02fe01010202fff8f8fffcfef8
040503fefc00fbfbfa02060707060802050200ff000200ff00feff01050602fe
000102010304040002faf9fe0104070a0b0a0804000001fffdff02ff01ff0200
01ff020000ff0103000303030502feff0105090e0c0605fdf9f9fbfdfd020100
fdfefe010200010200fffffe020101ff01010303090802020402fafafbfdffff
feffff010002ff0202020000ff0100ff01ff00ff0201ff0001fe00fdfefefffd
00000000000000000000000000000000ff01ff01010202ff0000020101ff0200
