8080808080808080808080808080808080808080808080808080808080808080
8080808080808080808080808080808080808080808080808080808080808080
8080808080808080808080808080808080808080808080808080808080808080
8080808080808080808080808080808080808080808080808080808080808080
8080808080808080808080808080808080808080808080808080808080808080
8080808080808080808080808080808080808080808080808080808080808080
80808080808080808080808080808080a4bc171f39d480808080808080808080
80808080808080808080b42a4646464646464646717e7e7e7e5e808080808080
80808080808080808080808080800c7e7e657a7e7e7e617e6323f2c8f2c38080
808080808080808080808080808080808080ea7e6c95bbc3c3c38ec291808080
8080808080808080808080808080808080808080808092517dd3808080808080
6e7e01808080808080808080808080808080808080808080808080d37f699680
80808080be7e79bb8080808080808080808080808080808080808080808080ac
8080808080808080853b7e058080808080808080808080808080808080808080
80808080808080808080808080ba784d89808080808080808080808080808080
808080808080808080808080808080808080367efe8080808080808080808080
80808080808080808080808080808080808080808080b9707bcb808080808080
5b7e4b838080808080808080808080808080808080808080808080267e5d9380
80808080cd7e7ea68080808080808080808080808080808080808080808080a3
808080808080808081f37e609f80808080808080808080808080808080808080
80808080808080808080808080b47e7e05808080808080808080808080808080
8080808080808080808080808080808080b47e7e72bd80808080808080808080
808080808080808080808080808080808080808080a85b7e7ef9808080808080
8080808080808080808080808080808080808080808080808080924f7ef98080
0000000000000000000000000000000080808080808080808080808080808080
8080808080808080808080808080808080808080808080808080808080808080
8080808080808080808080808080808080808080808080808080808080808080
fdf4808080808080808080808080808080808080808080808080808080808080
7d7d7d7d7d7d298080808080808080808080808080808080808080dd167f7f2b
8080fa7d7d300e557d7d7d298080808080808080808080808080808080809e5a
8080808080800c7d4e86808ca0527d7ab4808080808080808080808080808080
80808080808080808080c17d78fa80808099527bcd8080808080808080808080
8080808080808080808080808080c17d7d5180808080929f8080808080808080
8080808080808080808080808080808080808a467d77f5808080808080808080
8080808080808080808080808080808080808080808080bf677d77cc80808080
8c1f7d76308080808080808080808080808080808080808080808080107d7d00
8080808080a3697d6a9980808080808080808080808080808080808080808080
808080808080808080800d7d7d46808080808080808080808080808080808080
80808080808080808080808080808c3d7d78ce80808080808080808080808080
808080808080808080808080808080808080800d7d7d48938080808080808080
80808080808080808080808080808080808080808080808c2d7d7d0680808080
ab7d7d78808080808080808080808080808080808080808080808080997d7d78
7d7d7d7d7d7d7d788080808080808080808a13161616a5949485808594949494
7d7d7d7d7d7d7d7d7d7d7d2e808080808080808080fb7d7d7d7d7d7d7d260f28
808080a9fbfb1b7d7d7d26fbfbfbf680808080808080808080b9f5f529777779
8080808080808080808080808080808080808080808080808080808080808080
8080808080808080808080808080808080808080808080808080808080808080
8080808080808080808080808080808080808080808080808080808080808080
8080808080808080808080808080808080808080808080808080808080808080
0000000000000000000000000000000080808080808080808080808080808080
8080808080808080808080808080808080808080808080808080808080808080
8080808080808080808080808080808080808080808080808080808080808080
8080808080808080808080808080808080808080808080808080808080808080
8080808080808080808080808080808080808080808080808080808080808080
80d27cd780808080808080808080808080808080808080808080808080ed7ea6
8080808080807107808080808080808080808080808080808080808080808080
808080808080808080801674ad80808080808080808080808080808080808080
8080808080808080808080808080bf7ed4808080808080808080808080808080
8080808080808080808080808080808080808b5f4a8080808080808080808080
8080808080808080808080808080808080808080808080587ea0808080808080
7e0c80808080808080808080808080808080808080808080808080437edf8080
808080884d6db9808080808080808080808080808080808080808080808080cd
8080808080808080257ffc808080808080808080808080808080808080808080
808080808080808080808080d17e2b8080808080808080808080808080808080
8080808080808080808080808080808080576898808080808080808080808080
8080808080808080808080808080808080808080801f7ef88080808080808080
808080808080808080808080808080808080808080808080800e7e1780808080
80c27e7bbd808080808080808080808080808080808080808080808080c27e64
8080808080834d7e0d8080808080808080808080808080808080808080808080
80808080808080808080f97e578a808080808080808080808080808080808080
80808080808080808080808080808a3046858080808080808080808080808080
8080808080808080808080808080808080808080808080808080808080808080
8080808080808080808080808080808080808080808080808080808080808080
8080808080808080808080808080808080808080808080808080808080808080
0000000000000000000000000000000080808080808080808080808080808080
8080808080808080808080808080808080808080808080808080808080808080
8080808080808080808080808080808080808080808080808080808080808080
8080808080808080808080808080808080808080808080808080808080808080
4a7d168b80808080808080808080808080808080808080808080808080808080
808080eb7d7b7ba580808080808080808080808080808080808080808080809f
80808080808080eb7d7b7b459580808080808080808080808080808080808080
808080808080808080beed297d7b7b7b3eee8080808080808080808080808080
808080808080808080808080b35c7b7b7d7b7b7b7b7d80808080808080808080
808080808080808080808080808080807d7d7d5e6a7d7d7d7d7f368080808080
7b7d7b67a08080808080808080808080808080e97b7b00becd137b7b7b7d5dbf
808080943c7d7b7ba580808080808080808080808085f1737b669f80808a095c
489f8080808080809e497b7ba5808080808080808080808080a37b7d7bed8080
80247d7f4aa080808080808080807d7da5808080808080808080808080a37b7d
8080808080a37b7d7bed80808080808080807b7b0c8080808080808080808080
8080808080808080809e667d7b67bf958080808080807b7b5980808080808080
5980808080808080808080808080bd5d7b7b7b108080808080807b7b59808080
c9c97d7d5a8080808080808080808080808080347b7b7b5d3680808080807b7b
7d7b7b7b7b7d7b7bf18080808080808080808080808080807d7d7d7d7f7d7d64
8aa33d667d7b7b7b7b7d7b669f808080808080808080808080808080137b7b7b
80808080808080eb7d7b7b7b7b7d0ebe80808080808080808080808080808080
80808080808080808080809ec8c72d7b2ec88080808080808080808080808080
8080808080808080808080808080808080808080808080808080808080808080
8080808080808080808080808080808080808080808080808080808080808080
8080808080808080808080808080808080808080808080808080808080808080
0000000000000000000000000000000080808080808080808080808080808080
8080808080808080808080808080808080808080808080808080808080808080
8080808080808080808080808080808080808080808080808080808080808080
8080808080808080808080808080808080808080808080808080808080808080
8080808080808080808080808080808080808080808080808080808080808080
c68080808080808060b280808080808080808080808080808080808080808080
80808028148080808080808067f980808080808080808080808080808080809d
8080808080808b52e08080808080808067438480808080808080808080808080
80808080808080808080957cf280808080808080067cc5808080808080808080
8080808080808080808080808080957c40808080808080808c596cad80808080
80805372d480808080808080808080808080957d7f9280808080808080b57728
808080808080ea7c2980808080808080808080808080853d7d0d808080808080
537c0680808080808080807c618f80808080808080808080808080c27a68a080
80808080277c298080808080808080247c968080808080808080808080808080
8080808080808080eb7d7d9680808080808092514c8980808080808080808080
808080808080808080808080ea7c7c432401d5d5d5d5477c2980808080808080
80808080808080808080808080808080897c7c7b67687c7c7c7c752aa9808080
8080808080808080808080808080808080808080807c7c218080d4d4d4d4b180
808080808080808080808080808080808080808080808080ad7c7cff80808080
807c7cff808080808080808080808080808080808080808080808080807d7d00
8080808080747c07808080808080808080808080808080808080808080808080
808080808080808080ef6c688080808080808080808080808080808080808080
8080808080808080808080808080c23380808080808080808080808080808080
8080808080808080808080808080808080808080808080808080808080808080
8080808080808080808080808080808080808080808080808080808080808080
0000000000000000000000000000000080808080808080808080808080808080
8080808080808080808080808080808080808080808080808080808080808080
8080808080808080808080808080808080808080808080808080808080808080
8080808080808080808080808080808080808080808080808080808080808080
8080808080808080808080808080808080808080808080808080808080808080
83eb7ecd80808080808080808080808080808080808080808080808080808080
80808080897e7e63938080808080808080808080808080808080808080808080
808080808080808081257e7ed180808080808080808080808080808080808080
80808080808080808080808080c97e7e4b878080808080808080808080808080
8080808080808080808080808080808080807a7e7eb580808080808080808080
80808080808080808080808080808080808080808080347e7e06808080808080
7e7eba8080808080808080808080808080808080808080808080b0787e448080
808080047e7eef8080808080808080808080808080808080808080808080806d
808080808080809c6e7e23808080808080808080808080808080808080808080
8080808080808080808080805f7e7cbc80808080808080808080808080808080
808080808080808080808080808080801a7e7ecf808080808080808080808080
8080808080808080808080808080808080808080b56e7e238080808080808080
d6808080808080808080808080808080808080808080808080527e7c9c808080
80946a7ee9808080808080808080808080808080808080808080808080037e7e
8080808080854c7e2f8080808080808080808080808080808080808080808080
80808080808080808080447e5385808080808080808080808080808080808080
8080808080808080808080808080207e1e838080808080808080808080808080
808080808080808080808080808080808080eb1d9a8080808080808080808080
8080808080808080808080808080808080808080808080808080808080808080
8080808080808080808080808080808080808080808080808080808080808080
0000000000000000000000000000000080808080808080808080808080808080
8080808080808080808080808080808080808080808080808080808080808080
8080808080808080808080808080808080808080808080808080808080808080
8080808080808080808080808080808080808080808080808080808080808080
8080808080808080808080808080808080808080808080808080808080808080
80808080808080a0064096808080808080808080808080808080808080808080
a5715c8f8080808080808080297a6b9180808080808080808080808085cd8f80
8080808080e47d0b808080808080808080137d3d948080808080808080808080
8080808080808080808d2d7eab8080808080808080957d7dc680808080808080
7f23808080808080808080808080dc7e67ab8080808080808080e07d19968080
808085327d22808080808080808080808080801e7ee880808080808080808b4c
05c6c6c6c62f3f7d7d2280808080808080808080808080807d6d038980808080
a35b7d7d7e7d7d7d7d7e7d7d64b38080808080808080808080808080297d7d45
8080808080217d7dac090909687e09c191808080808080808080808080808080
808080808080808080954e7ea280808080808080808080808080808080808080
8080808080808080808080808080c57d20808080808080808080808080808080
808080808080808080808080808080808080b2717ed580808080808080808080
8080808080808080808080808080808080808080808080257e1e808080808080
687ee8808080808080808080808080808080808080808080808080b274678080
809e8d801d7d5080808080808080808080808080808080808080808080808080
8080808080214cdb1a7d50808080808080808080808080808080808080808080
8080808080808080809d1a7d7e7d508080808080808080808080808080808080
80808080808080808080808080808697003ebd80808080808080808080808080
8080808080808080808080808080808080808080808080808080808080808080
8080808080808080808080808080808080808080808080808080808080808080
0000000000000000000000000000000080808080808080808080808080808080
8080808080808080808080808080808080808080808080808080808080808080
8080808080808080808080808080808080808080808080808080808080808080
8080808080808080808080808080808080808080808080808080808080808080
8080808080808080808080808080808080808080808080808080808080808080
8080808080808080808080808080808080808080808080808080808080808080
8080808080808080808541158e80808080808080808080808080808080808080
80808080808080808080808080937d7d60db8080808080808080808080808080
8080808080808080808080808080808092267d7d7e6b9c808080808080808080
80808080808080808080808080808080808086f36e7d7d7d7e7d108080808080
80417ecf80808080808080808080808080808080808098677d7d7d39507d719f
7d36808080d07dd6808080808080808080808080808080808092497f7e5be288
8080077e7d6a8080801b7d2f80808080808080808080808080808080808c3f7e
8080808080aa6c7e6d7b26d5a8507dd680808080808080808080808080808080
808080808080808080187d58a4397d7d7e7d6e92808080808080808080808080
808080808080808080808080a35f7e068088117e7f70c4808080808080808080
80808080808080808080808080808080217d2f8980808c0e1ec4808080808080
8080808080808080808080808080808080808092627dd8808080808080808080
8080808080808080808080808080808080808080808080fe7d26828080808080
f380808080808080808080808080808080808080808080808080a67d75b08080
80ae7e5a95808080808080808080808080808080808080808080808080892c7e
8080808080257e9e808080808080808080808080808080808080808080808080
8080808080808080aa743a808080808080808080808080808080808080808080
808080808080808080808080ce5f8e8080808080808080808080808080808080
8080808080808080808080808080808080808080808080808080808080808080
0000000000000000000000000000000080808080808080808080808080808080
8080808080808080808080808080808080808080808080808080808080808080
8080808080808080808080808080808080808080808080808080808080808080
8080808080808080808080808080808080808080808080808080808080808080
8080808080808080808080808080808080808080808080808080808080808080
7d7d5919cb808080808080808080808080808080808080afd50190afafaf9180
7d7d7d7d7d7d7d7d7c740ea38080808080808080808080808080807d7d76577d
8080802a2a2a2a557d7d7d7d7d7d7dbf8080808080808080808080808080807d
80808080808080808080808b94c5fc286e636eb980c804948080808080808080
31868080808080808080808080808080808080829e80a08080ce7d4e8b808080
80808f697d058c808080808080808080808080808080808080808080808a047d
808080808080809c5f7ddc808080808080808080808080808080808080808080
8080808080808080808080802e7d168080808080808080808080808080808080
8080808080808080808080808080b1ff767d6a80808080808080808080808080
808080808080808080809cd5aaaad5f9db137b7d7d7d7f808080808080808080
8080808080808080808080808028687d7d7d7d7d7d7d7d7d7d7d0b8080808080
80808080808080808080808080808080fc7c7d7d7d7d7d7d7d7d7b5e5ab58380
f8808080808080808080808080808080808080802f7d7d7d7d7d7d7d48c8c380
3c7d7d7db2808080808080808080808080808080808080802f7d7d24b318797d
8b2f7a7d7d7d7d278980808080808080808080808080808080808080147d7d7c
808080808080005d7d6734978080808080808080808080808080808080808080
80808080808080808080809615dd808080808080808080808080808080808080
8080808080808080808080808080808080808080808080808080808080808080
8080808080808080808080808080808080808080808080808080808080808080
8080808080808080808080808080808080808080808080808080808080808080
0000000000000000000000000000000080808080808080808080808080808080
8080808080808080808080808080808080808080808080808080808080808080
8080808080808080808080808080808080808080808080808080808080808080
8080808080808080808080808080808080808080808080808080808080808080
8080808080808080808080808080808080808080808080808080808080808080
8080808080808080808080808080808080808080808080808080808080808080
8080808080808080808080808080808080808080808080808080808080808080
8080808080808080a5df474909b8a48080808080808080808080808080808080
8080808080808080808617537a7e7e7e7e7e6a18ad8080808080808080808080
80808080808080808080808080e861657e487b0526637e7e7019ae8080808080
00697e7dfe8880808080808080808080957d5f7646a83f8080880e3b7e7e6a19
8380808080b6647e73c880808080808080808080957e7e7ec6ab52808080808b
7e7e677b522932320aed5f7e70cb8080808080808080808085227f7e7261f4a0
8080992b7c7e7e7e7e7e7b7e7e7f7d742f898080808080808080808080a6687e
8080808080808090167e7e7e7e48191230430890808080808080808080808080
80808080808080808080808083e3717e7e228080808080808080808080808080
808080808080808080808080808080808080da7e7e7af6808080808080808080
b680808080808080808080808080808080808080808087537e7e72e480808080
c0747e7e0380808080808080808080808080808080808080808080bb727e7e71
8080808080187e7e798d80808080808080808080808080808080808080808080
80808080808080808088507e7e648c8080808080808080808080808080808080
8080808080808080808080808080c27e7e7fce80808080808080808080808080
80808080808080808080808080808080808080097e7e51808080808080808080
808080808080808080808080808080808080808080808099697f638080808080
80808080808080808080808080808080808080808080808080808080ec7ff180
0000000000000000000000000000000080808080808080808080808080808080
8080808080808080808080808080808080808080808080808080808080808080
8080808080808080808080808080808080808080808080808080808080808080
8080808080808080808080808080808080808080808080808080808080808080
41f6aa83bd808080808080808080808080808080808080808080808080808080
6b757e7e7e7e726c75338e808080808080808080808080808080808080bdf6f6
8080ae717e7e34323240557e7e7e1780808080808080808080808080808080d4
8080808080912d7f7c008280808c9cc0627e6bab808080808080808080808080
808080808080808080cb7e7a0680808080808080eb7d7eb88080808080808080
808080808080808080808080801d7e5d8080808080808080801e7ebf80808080
80ba6f5ca2808080808080808080808080557e16808080808080808080e77e42
8080808080802b7efe808080808080808080808080557ed48080808080808080
80808080808080808080bc6f56808080808080808080808080557ed480808080
80557ed480808080808080808080804756808080808080808080808080557ed4
8080808080557ed48080808080808080808080475b8b80808080808080808080
808080808080808080517e228080808080808080808080477ee2808080808080
7ee28080808080808080808080cb7e6eb380808080808080808080477ee28080
8080804771c2808080808080808080808084437e25b380808080808080808047
ae808080808094555680808080808080808080808080b7637e27838080808080
1c6a7e7e6b34343434344c7e568080808080808080808080808080bf7e7e4a18
8080808080f86a7c7e7e7e7e7e7e7e4dd180808080808080808080808080808a
8080808080808080808080e8197e7e7e7e7e529a808080808080808080808080
8080808080808080808080808080808080808080808080808080808080808080
8080808080808080808080808080808080808080808080808080808080808080
8080808080808080808080808080808080808080808080808080808080808080
0000000000000000000000000000000080808080808080808080808080808080
8080808080808080808080808080808080808080808080808080808080808080
8080808080808080808080808080808080808080808080808080808080808080
4c87808080808080808080808080808080808080808080808080808080808080
8080fd7c7c16878080808080808080808080808080808080808080808080307d
80808080808080b83a7cf5808080808080808080808080808080808080808080
808080808080808080808080f67c0d8080808080808080808080808080808080
80808080808080808080808080808080b2771a80808080808080808080808080
808080808080808080808080808080808080808080447d9a8080808080808080
8080808080808080808080808080a6d5d5b980808080808080447d1680808080
808062658a808080808080808080808080fd6e7c7c7362178080808080e07d61
7c7c009a8080167cee80808080808080808080809f647f612f6a7f7d65b68480
808080ab3a7c7d168080f17c1f8080808080808080808080b87c3280809c0663
864a0d808080808086177d6da680f17c398080808080808080808080b87c0d80
8080808080451a80808080808080237d1380f27d468080808080808080808080
8080808080808080802b7d9a8080808080803c7c2c80f17c4580808080808080
5e9a8080808080808080808080b874488080808093fa77679380f17c45808080
808a337d3980808080808080808080808080fd7948cc808d417c4b998080f17c
4503b9b9d2447d519c8080808080808080808080808080fd747d1a9da3cc8080
80931c7c7c7c7d7c7c7c589980808080808080808080808080808080d1567d7c
80808080808080a80b0b0c700be7908080808080808080808080808080808080
8080808080808080808080808080808080808080808080808080808080808080
8080808080808080808080808080808080808080808080808080808080808080
8080808080808080808080808080808080808080808080808080808080808080
8080808080808080808080808080808080808080808080808080808080808080
0000000000000000000000000000000080808080808080808080808080808080
8080808080808080808080808080808080808080808080808080808080808080
8080808080808080808080808080808080808080808080808080808080808080
8080808080808080808080808080808080808080808080808080808080808080
8080808080808080808080808080808080808080808080808080808080808080
8080808080808080808080808080808080808080808080808080808080808080
8080808080808080808080808080808080808080808080808080808080808080
80808080808089cc8ba4297d7f7d34b180808080808080808080808080808080
80808080808080808080dc7d3d207c7c7d7c7c64c48580808080808080808080
8080808080808080808080808080c3776cdae4c5c5cf637c7cb7808080808080
327d2880808080808080808080808080808080077c4b9a808080b2397c69ab80
80808080aa727d1b808080808080808080808080808080bf7c7cc680808080a5
c07c7c088580808080667c4f808080808080808080808080808080803e7d3f85
8080808090637c7c0aa0808080667c4f80808080808080808080808080808080
808080808080808080207c7c7d644f4f4f797c25808080808080808080808080
80808080808080808080808080b87c29cb7c7c7c7c7d33898080808080808080
808080808080808080808080808080808095577d1580caf4f4c0808080808080
80808080808080808080808080808080808080808080227c7d80808080808080
7d1d808080808080808080808080808080808080808080808080b2707da08080
808080dc7d70ab80808080808080808080808080808080808080808080808024
80808080808080d47c7ddd808080808080808080808080808080808080808080
808080808080808080808080517cf28080808080808080808080808080808080
80808080808080808080808080808080f47c4f80808080808080808080808080
8080808080808080808080808080808080808080f47c25808080808080808080
808080808080808080808080808080808080808080808080bf48dd8080808080
0000000000000000000000000000000080808080808080808080808080808080
8080808080808080808080808080808080808080808080808080808080808080
8080808080808080808080808080808080808080808080808080808080808080
8080808080808080808080808080808080808080808080808080808080808080
8080808080808080808080808080808080808080808080808080808080808080
970a297d7f0ac291808080808080808080808080808080808080808080808080
808080801e7c7c7c7d7c7c64f885808080808080808080808080808080808080
80808080808080807c7c7c7c3e7c7c7c7cec8080808080808080808080808080
8080808080808080808080807c7c7c0785f47c7c7c69ab808080808080808080
808080808080808080808080808080527c68b6858082ab5d7c7d32ab80808080
397d7c2680808080808080808080808080801a7f7b088080808080f3797f7ddd
80808080dc7d7c5c93808080808080808080808080804e7d5180808080808080
f48080808080808091407c7cc6808080808080808080808080804e7df4808080
80c57c7df48080808080808080bf7c7cfa808080808080808080808080995f7d
8080808080c57d7ff48080808080808080807d7d048080808080808080808080
808080808080808080c57c7df48080808080808080807c7c3880808080808080
38808080808080808080808080b2707df48080808080808080807c7c38808080
801e7c68b080808080808080808080808080f07d528080808080808080807c7c
80808080b2747ddd808080808080808080808080808088686680808080808080
676cc28080808080f17d24a2808080808080808080808080808080287d1b8080
80808080097c6adba6808006705ea080808080808080808080808080808080aa
8080808080808080a3307c7c69e74f7031998080808080808080808080808080
8080808080808080808080808084b609097c33b68f8080808080808080808080
8080808080808080808080808080808080808080808080808080808080808080
8080808080808080808080808080808080808080808080808080808080808080
0000000000000000000000000000000080808080808080808080808080808080
8080808080808080808080808080808080808080808080808080808080808080
8080808080808080808080808080808080808080808080808080808080808080
8080808080808080808080808080808080808080808080808080808080808080
3f7f008080808080808080808080808080808080808080808080808080808080
808080c07f7f3f80808080808080808080808080808080808080808080808080
80808080808080007f7f7f808080808080808080808080808080808080808080
8080808080808080808080807f7f7f8080808080808080808080808080808080
808080808080808080808080808080807f7f7f80808080808080808080808080
80808080808080808080808080808080808080007f7f00808080808080808080
8080808080808080808080808080808080808080808080007f7f7f8080808080
7f7f7f808080808080808080808080808080808080808080808080007f7f7f80
808080007f7f7f80808080808080808080808080808080808080808080808000
80808080808080807f7f7f808080808080808080808080808080808080808080
8080808080808080808080807f7f7f8080808080808080808080808080808080
808080808080808080808080808080807f7f7f80808080808080808080808080
80808080808080808080808080808080808080807f7f7f808080808080808080
8080808080808080808080808080808080808080808080007f7f3f8080808080
7f7f7fc08080808080808080808080808080808080808080808080007f7f3f80
808080007f7f7f3f808080808080808080808080808080808080808080808000
8080808080808080c07f7f7fc080808080808080808080808080808080808080
8080808080808080808080808080007fc0808080808080808080808080808080
8080808080808080808080808080808080808080808080808080808080808080
8080808080808080808080808080808080808080808080808080808080808080
8080808080808080808080808080808080808080808080808080808080808080
0000000000000000000000000000000080808080808080808080808080808080
8080808080808080808080808080808080808080808080808080808080808080
8080808080808080808080808080808080808080808080808080808080808080
8080808080808080808080808080808080808080808080808080808080808080
7d5604b380808080808080808080808080808080808080808080808080808080
8080c6177c7d7c7d4b4b0ee6808080808080808080808080808080a9224b7d7e
808080808080808080d2e60e4b747d7e80808080808080808080808080808080
80808080808080808080808080808080804b7c2c808080808080808080808080
80808080808080808080808080808080808080809e6a5f958080808080808080
808080808080808080808080808080808080808080808080b27dfa8080808080
7c7d5f9580808080808080808080808080808080808080808ab3b3b3db7efb80
5f4be6e6224b7d5695808080808080808080808080808080808080d22c7d7c7d
547d40f09480808080802b7dbd8080808080808080808080808080808ab37d7e
8080b36a4be680808080808080808080808080808080808080808080808080a9
8080808080d26855948080808080808080808080808080808080808080808080
8080808080808080f06a4bbe8080808080808080808080808080808080808080
8080808080808080808080807c55948080808080808080808080808080808080
808080808080808080808080808080807d198080808080808080808080808080
808080808080dcf18080808080808080808080805469a9808080808080808080
37e6e695808080808080177dd28080808080808080808080a8742d9f80808080
8080940e557e7d7e7d2d4119186a7d7fd2808080808080808080808080d15469
80808080808080808ab2b2031740547d681717c7808080808080808080808080
8080808080808080808080808080808080808080808080808080808080808080
8080808080808080808080808080808080808080808080808080808080808080
8080808080808080808080808080808080808080808080808080808080808080
0000000000000000000000000000000080808080808080808080808080808080
8080808080808080808080808080808080808080808080808080808080808080
8080808080808080808080808080808080808080808080808080808080808080
8080808080808080808080808080808080808080808080808080808080808080
8080808080808080808080808080808080808080808080808080808080808080
8080808080808080808080808080808080808080808080808080808080808080
80808080808080f84d7f6512c080808080808080808080808080808080808080
80808080808080808080d97c6b58617d7c469880808080808080808080808080
8080808080808080808081a6d7822e4e9d808fc65f7d4d948080808080808080
d880808080808080808080808080897d7dcc9ca38080808086637d0980808080
8080407d0680808080808080808080808080812e7d6eaa8080808080808c6b7b
808080808080ca7d298080808080808080808080808080217d6e8e8080808080
717d5b86808080808080af7d7a8a80808080808080808080808080cb7d77d580
808080800f7d7dc8858080808080af7d7d8a808080808080808080808080809f
8080808080808080af7d7d7df69980808080f57d5d8680808080808080808080
80808080808080808080808092607e6f745c1f12e83b7e729c80808080808080
80808080808080808080808080808080801d7d77c31c57787d7d49ce80808080
808080808080808080808080808080808080808080ca7d7da68080b2b8b88580
15808080808080808080808080808080808080808080808080927d7dc2808080
80843f7d6e9e8080808080808080808080808080808080808080808080927d7d
808080808080f07d7dc280808080808080808080808080808080808080808080
8080808080808080808083747dd7808080808080808080808080808080808080
808080808080808080808080808080467d2a8080808080808080808080808080
80808080808080808080808080808080808080157d7e80808080808080808080
8080808080808080808080808080808080808080808080808080808080808080
0000000000000000000000000000000080808080808080808080808080808080
8080808080808080808080808080808080808080808080808080808080808080
8080808080808080808080808080808080808080808080808080808080808080
8080808080808080808080808080808080808080808080808080808080808080
8080808080808080808080808080808080808080808080808080808080808080
8080808080808080808080808080808080808080808080808080808080808080
8080808080808080808080808080808080808080808080808080808080808080
808080808080808080808080bcd099082727757e7e7e79ca8080808080808080
808080808080808080808080a7c7f1457c7e797e7e7e7e7e7e7e7ee880808080
80808080808080808080808080808001767e7e7e7e7e69404040f2e9e907e385
8080808080808080808080808080808080808f707e7e7e4bf2f2ad8080808080
80808080808080808080808080808080808080808080027e7e1ba38880808080
7ef3808080808080808080808080808080808080808080808080a2717ea48080
808091707e73a28080808080808080808080808080808080808080808080f67e
808080808080800b7e7eef808080808080808080808080808080808080808080
8080808080808080808080a8747e73a580808080808080808080808080808080
80808080808080808080808080808080f17e7e30948080808080808080808080
8080808080808080808080808080808080808080825c7e7e0c80808080808080
7e71bf80808080808080808080808080808080808080808080ad737e7dd88080
808085137e7e739080808080808080808080808080808080808080808080d37e
80808080808080854b7e7eef8280808080808080808080808080808080808080
808080808080808080808080d47e7e7eba808080808080808080808080808080
8080808080808080808080808080808084427f7e6d8e80808080808080808080
8080808080808080808080808080808080808080809b427e7ed2808080808080
80808080808080808080808080808080808080808080808080809c4166a78080
0000000000000000000000000000000080808080808080808080808080808080
8080808080808080808080808080808080808080808080808080808080808080
8080808080808080808080808080808080808080808080808080808080808080
8080808080808080808080808080808080808080808080808080808080808080
8080808080b01212a98c80808080808080808080808080808080808080808080
8080808080808092237a7d7d7d018c8080808080808080808080808080808080
80808080808080808080c6657d7d7d7d7d7d0580808080808080808080808080
8080808080808080808080808a00777d6debe6117c7de5808080808080808080
80808080808080808080808080808085237d7d6bbd808080277d358080808080
a07d3b80808080808080808080808080808084247d7d41ba80808080ab7d7f80
d73ee480a07d12808080808080808080808080808080d67d7d6cb78080808080
7d7d7d7d7d7d78a8ce7dde808080808080808080808080808080fb7d7d13d7d7
747d7d7d7d7d7d7d7d7d70a38cdc8e808080808080808080808080808fd45f7d
80ab517d7d7d7d7d7d7d7d7d3321cb8080808080808080808080808080808ad9
80808080b0397d7d73119090a6a7909083808080808080808080808080808080
8080808080808080377d7d51ba8080808080808080ba94808080808080808080
8080808080808080808080c8707d5b8d8080808080808080cf775dcd80808080
7d7df48080808080808080808080803f7d7bb58080808080808080b97c7d77da
80a61e5d7d3c8e808080808080808080808080117d7ce38080808080808080bb
7d797979797b7d765d8c80808080808080808080808080117d7d7653ef808080
97fc437d7d7d7d7d7d6437df80808080808080808080808080808093487d7d7d
80808080808087a5d8feca0aa598808080808080808080808080808080808080
8080808080808080808080808080808080808080808080808080808080808080
8080808080808080808080808080808080808080808080808080808080808080
8080808080808080808080808080808080808080808080808080808080808080
0000000000000000000000000000000080808080808080808080808080808080
8080808080808080808080808080808080808080808080808080808080808080
8080808080808080808080808080808080808080808080808080808080808080
8080808080808080808080808080808080808080808080808080808080808080
8080808080808080808080808080808080808080808080808080808080808080
db28808080808080808080808080808080808080808080808080808080808080
80808080fe6a8280808080808080808080808080808080808080808080808080
8080808080808080fe7eb3808080808080808080808080808080808080808080
808080808080808080808080d17eb380808080809f32a6808080808080808080
80808080808080808080808080808080b67ed78080808080d37ede8080808080
8228638d80808080808080808080808080808080846e3d8080808080b87e2080
8080808080f27eb780808080808080808080808080808080806c428080808080
80e97ee78080808080b27ef38080808080808080808080808080808080276b90
8080808080f27e7d7c7c3e341ccb6c5d87808080808080808080808080808080
8080808080808080de777e76333333537c7e7e7e8f8080808080808080808080
80808080808080808080808045727e628080808096f56f598880808080808080
80808080808080808080808080808080a5ae4f739b8080808080928e80808080
80808080808080808080808080808080808080808080047ee380808080808080
f480808080808080808080808080808080808080808080808080c37ef4808080
8080bd7ef480808080808080808080808080808080808080808080808080bd7e
808080808080e47f2e8080808080808080808080808080808080808080808080
80808080808080808080d37e3b80808080808080808080808080808080808080
80808080808080808080808080808a30f3808080808080808080808080808080
8080808080808080808080808080808080808080808080808080808080808080
8080808080808080808080808080808080808080808080808080808080808080
0000000000000000000000000000000080808080808080808080808080808080
8080808080808080808080808080808080808080808080808080808080808080
8080808080808080808080808080808080808080808080808080808080808080
8080808080808080808080808080808080808080808080808080808080808080
8080808080808080808080808080808080808080808080808080808080808080
8080808080808080808080808080808080808080808080808080808080808080
8080808080ac410c9f8080808080808080808080808080808080808080808080
808080808080aecdb0647e7e7012a68080808080808080808080808080808080
80808080808080808082457e717e7e7e7e7e66ab828080808080808080808080
80808080808080808080808080846d7e7e7e7e7c6f7e7e7e0295808080808080
7c7c2d828080808080808080808080808080b96a7e7e7e46c7e8797e7e1a8080
7e7e77d7577e7ef0808080808080808080808080808080387e7e7e7e57f8b34e
f77e7e44006c7e7e7e7e7e678580808080808080808080808080809f597e7e7e
808080808e477e77ae91036e757e7e4583808080808080808080808080808080
808080808080808080a6727e2d8c8080a8d8dc90808080808080808080808080
80808080808080808080808080801b7e7edf8080808080808080808080808080
80808080808080808080808080808080808086617e5292808080808080808080
8080808080808080808080808080808080808080808080e37e7e458080808080
9e617e5f9b8080808080808080808080808080808080808080808083337e72a2
8080808080ff7f7ecd8080808080808080808080808080808080808080808080
808080808080808080b5787e6eb6808080808080808080808080808080808080
80808080808080808080808080a9677e7e378b80808080808080808080808080
808080808080808080808080808080808080b0667e7ef1808080808080808080
808080808080808080808080808080808080808080808099fe6fee8080808080
8080808080808080808080808080808080808080808080808080808080808080
0000000000000000000000000000000080808080808080808080808080808080
8080808080808080808080808080808080808080808080808080808080808080
8080808080808080808080808080808080808080808080808080808080808080
8080808080808080808080808080808080808080808080808080808080808080
687c7c388080808080808080808080808080808080808080808080b2747d34b1
808080b8a6087c6ac28080808080808080808080808080808080808080808024
80808080808080808084307c6c93808080808080808080808080808080808080
8080808080808080808080808080b87c7ccc8080808080808080808080808080
808080808080808080808080808080808080802d7d0b80808080808080808080
8080808080808080808080808080808080808080808080c57c54968080808080
4e7d1d808080808080808080808080808080808080808080808080b2707df480
80808080e67d6680808080808080808080808080808080808080808080808080
83e15e7d7f7d340a347f67808080808080808080808080808080808080808080
80808080f57c7c7c537c7c7c7c7d668080808080808080808080808080808080
80808080808080d57c7c2bc587c5d937707d6680808080808080808080808080
8080808080808080808080f47c578d8080808080197d07808080808080808080
808080808080808080808080808080f47c1b8080808080804e7df48080808080
7c1f8080808080808080808080808080808080f47d69b18080808087537fea80
d1c61a7c63918080808080808080808080808080808080df7c7c459e8080891a
80b2397c7d7c7c63b28080808080808080808080808080808080808002637c64
80808080808086f53e7c33b08080808080808080808080808080808080808080
8080808080808080808080808080808080808080808080808080808080808080
8080808080808080808080808080808080808080808080808080808080808080
8080808080808080808080808080808080808080808080808080808080808080
8080808080808080808080808080808080808080808080808080808080808080
0000000000000000000000000000000080808080808080808080808080808080
8080808080808080808080808080808080808080808080808080808080808080
8080808080808080808080808080808080808080808080808080808080808080
b97ff28080808080808080808080808080808080808080808080808080808080
80808080b97f6280808080808080808080808080808080808080808080808080
808080808080808080f27f9d8080808080808080808080808080808080808080
80808080808080808080808080d67ff280808080808080808080808080808080
80808080808080808080808080808080809d7f46808080808080808080808080
80808080808080808080808080808080808080808080627f9d80808080808080
2a8080808080808080808080808080b90dd6d6b98080808080800d7f0d808080
8080d67f2a80808080808080808080808080b97f7f7f7f62b98080808080d67f
7fb980808080d67f2a808080808080808080808080804662b9f27f7f2a808080
808080d67f2a80808080d67f2a808080808080808080808080807f2a8080d67f
80d67f2a80808080467f9d808080f27f0d808080808080808080808080d67f2a
808080808080624680808080f27f2a8080807f7f9d8080808080808080808080
80808080808080808080f27fd6808080d67f2a8080f27f468080808080808080
80808080808080808080808080809d6262d680809d7f7fb92a7f7fd680808080
0d9d8080808080808080808080808080808080b97f7f2ad6d67f7f7f7f62f280
7f7f628080808080808080808080808080808080808080809d467f7f7f7f7f7f
80b92a2a7f7f0d8080808080808080808080808080808080808080808080d60d
80808080809df22a620d80808080808080808080808080808080808080808080
8080808080808080808080808080808080808080808080808080808080808080
8080808080808080808080808080808080808080808080808080808080808080
8080808080808080808080808080808080808080808080808080808080808080
8080808080808080808080808080808080808080808080808080808080808080
0000000000000000000000000000000080808080808080808080808080808080
8080808080808080808080808080808080808080808080808080808080808080
8080808080808080808080808080808080808080808080808080808080808080
8080808080808080808080808080808080808080808080808080808080808080
8080808080808080808080808080808080808080808080808080808080808080
7e6d18c580808080808080808080808080808080808080808080808080808080
7e1aa7d30a5a7e7d6d24d780808080808080808080808080808080b47c7e7f7e
808080833fe480808085b627587e7d760a808080808080808080808080808007
808080808080808088a380808080808086b5297e698080808080808080808080
80808080808080808080808080808080808080808080de7e2e80808080808080
7e0e8080808080808080808080808080808080808080808080808d5d75a68080
808080f07e178080808080808080808080808080808080808080808080808015
80808080808080a0726280808080808080808080808080808080808080808080
8080808080808088acacacac4b708c8080808080808080808080808080808080
80808080808080808088d54d7e7e7e7e7e7ec680808080808080808080808080
80808080808080808080808088267e7e542205052938a5808080808080808080
80808080808080808080808080808080fd7e31b3898080808080808080808080
8080808080808080808080808080808080808080e87e519b8080808080808080
74098a8086808080808080808080808080808080808080808d427e51bf808080
80808dff777e5f13fad78d808080808080808080808080808080808080b4467e
8080808080808080b1477c7e78527af683808080808080808080808080808080
8080808080808080808080808080c8497a7e7e7e0a8080808080808080808080
808080808080808080808080808080808080808087d74527cf80808080808080
8080808080808080808080808080808080808080808080808080808080808080
8080808080808080808080808080808080808080808080808080808080808080
0000000000000000000000000000000080808080808080808080808080808080
8080808080808080808080808080808080808080808080808080808080808080
8080808080808080808080808080808080808080808080808080808080808080
8080808080808080808080808080808080808080808080808080808080808080
8080808080808080808080808080808080808080808080808080808080808080
80808080808080bc458080808080808080808080808080808080808080808080
8080808080808080808080aa73b2808080808080808080808080808080808080
80808080808080808080d306808080956c3a8280808080808080808080808080
80808080808080808080808080802a01808080809a55d8808080808080808080
80808080808080808080808080808080808051db8080808080f8008080808080
80955ef480808080808080808080808080808080809e72db8080808080f06aa0
a88080808080fc709e80808080808080808080808080808080ba742a80808080
808006668f80808080809271ff83808080808080808080808080808080800a79
808080808080062580808080808080337e908080808080808080808080808080
808080808080829f9f9f57f18080808094e508693f8980808080808080808080
8080808080808080808087f84c7e7e62525352525a4200d98880808080808080
8080808080808080808080808080808085a27144dadaa58f8a80808080808080
8080808080808080808080808080808080808080809069258080808080808080
80808080808080808080808080808080808080808080808080800f2580808080
80a269db80808080808080808080808080808080808080808080808080803cdb
8080808080bd7e94808080808080808080808080808080808080808080808080
8080808080808080805b51848080808080808080808080808080808080808080
8080808080808080808080808026eb8080808080808080808080808080808080
8080808080808080808080808080808080808080808080808080808080808080
8080808080808080808080808080808080808080808080808080808080808080
0000000000000000000000000000000080808080808080808080808080808080
8080808080808080808080808080808080808080808080808080808080808080
8080808080808080808080808080808080808080808080808080808080808080
8080808080808080808080808080808080808080808080808080808080808080
43d0838080808080808080808080808080808080808080808080808080808080
7d7d7d7d7d7d8980808080808080808080808080808080808080808ed0d0d0d5
80b96d7b7d7d7d7d7d7d8980b8be8b8080808080808080808080808080808018
8080808080bc7d7d7d7d7d7d7d2184d3717d0d80808080808080808080808080
808080808080808080547d7d7d7d7d7c51c980137d7d780d8b80808080808080
7a0889808080808080808080cd747d7d420e7d208080a2477d7d7d7d13808080
7d7d7d7d7d7dd08080808080808080801c7d7d499b85b48f8080c57d7d7d7d7d
808080a96a7d7d7d7d7dd68080808080808080a1447d7da4808080808080a951
8080808080808080257d7d7d7d7d7e8080808080808080ce7d7d7daa80808080
7d7d7d538080808080808080922c7d7d7d7d7e8080808080808080ce7d7d7d53
808080831f7d7d7c7665aa80808080808084527d7d7d7e8080808080808080ce
8080808080808080c1727d7d7d7d5215e38080808080517d7d7d7e8080808080
7d7d2380808080808080808080cd7d7d7d7d7d7d746434b5b5b55a7d7d7d7f80
7d7d7d7d7d7dd0808080808080808080809d417d7d7d7d7d7d7d7d7d7d7d7d7d
7d7d7d7d7d7d7d7d7d52ac808080808080808080808098416a7d7d7d7d7d7d7d
80c16b787d7d7d7d7d7d7d7d64a68080808080808080808080808080c3657d7d
80808080808080f23d7d7d7d7d7d7d52a7808080808080808080808080808080
8080808080808080808080809bcece337d7decab808080808080808080808080
8080808080808080808080808080808080808080808080808080808080808080
8080808080808080808080808080808080808080808080808080808080808080
8080808080808080808080808080808080808080808080808080808080808080
0000000000000000000000000000000080808080808080808080808080808080
8080808080808080808080808080808080808080808080808080808080808080
8080808080808080808080808080808080808080808080808080808080808080
8080808080808080808080808080808080808080808080808080808080808080
8080808080808080808080808080808080808080808080808080808080808080
8080808080808080808080808080808080808080808080808080808080808080
8080808080808080808080808080808080808080808080808080808080808080
8080808080808080808080808080808080808080808080808080808080808080
80808080808080808080808080be7d7e7d7e7d2ddc8b80808095808080808080
18182380808080808080808080808080800e7c7d030317697c55e695800e8080
80809e037c7d73d2808080808080808080808080b27f7d0480808080e6376956
808080808080808094e64bfb808080808080808080808080037d548a80808080
177d2280808080808080808080808080808080808080808080808080177f4b80
80808080177ee680808080808080808080808080808080808080808080808080
8080808080808080177de6808080808080808080808080808080808080808080
808080808080808080808080db7e238080808080808080808080808080808080
80808080808080808080808080808080b27d4b80808080808080808080808080
8080808080808080808080808080808080808080804b4b808080808080808080
80808080808080808080808080808080808080808080808080fa5f9580808080
80e67c6980808080808080808080808080808080808080808080808080e67dc8
808080808080697e808080808080808080808080808080808080808080808080
80808080808080808080177da980808080808080808080808080808080808080
8080808080808080808080808080b27efb808080808080808080808080808080
8080808080808080808080808080808080809e695f9580808080808080808080
8080808080808080808080808080808080808080808080377db3808080808080
000000000000000000000000000000008080808080808080808080947cb38080
8080808080808080808080808080808080808080808080808080808080808080
8080808080808080808080808080808080808080808080808080808080808080
8080808080808080808080808080808080808080808080808080808080808080
8080808080808080808080808080808080808080808080808080808080808080
808080808080f35d808080808080808080808080808080808080808080808080
80808006669680808080147eb380808080808080808080808080808080808080
80808080808080387d9880808080f37e28808080808080808080808080808080
8080808080808080808080387ddb80808080d17e6ab380808080808080808080
808080808080808080808080808080ff7e0d8080808080207e5d8d8080808080
e67d688f808080808080808080808080808080dd7d4f8080808080cc7d7df280
80808080934a7d65808080808080808080808080808080917d4f808080808080
7e7eaf808080808080ae7e7e2a8780808080808080808080808080807d70a280
808080807d7d0280809aafaf236a7d7e7d988080808080808080808080808080
8080808080808080317d68502e687d7e7d7d7d7e769580808080808080808080
808080808080808080808080c5747d7e7d7d7d7e5b5b5321d480808080808080
8080808080808080808080808080808080667e2add0e0edd8080808080808080
808080808080808080808080808080808080808080557d198080808080808080
80808080808080808080808080808080808080808080808080097d2a80808080
80d07e7fbc808080808080808080808080808080808080808080808080097d5c
8080808080ae7d7edd8080808080808080808080808080808080808080808080
80808080808080808089577eb380808080808080808080808080808080808080
8080808080808080808080808080ea3a80808080808080808080808080808080
8080808080808080808080808080808080808080808080808080808080808080
8080808080808080808080808080808080808080808080808080808080808080
0000000000000000000000000000000080808080808080808080808080808080
8080808080808080808080808080808080808080808080808080808080808080
8080808080808080808080808080808080808080808080808080808080808080
8080808080808080808080808080808080808080808080808080808080808080
8080808080808080808080808080808080808080808080808080808080808080
81d8021d7e7e7e7f7e7fa0808080808080808080808080808080808080808080
80808082ec7d7d7d7d7d7d7d7d7da08080808080808080808080808080808080
808080808080809e7d7d7d7d7d7d7d7d6e018e80808080808080808080808080
8080808080808080808080e87d7d7d7d6b27787db88080808080808080808080
80808080808080808080808080808f577d7d77069b80367d3285808080808080
7d7da0808080808080808080808080808080987d7d7d3a8080809b5e7d028580
80808099477df5808080808080808080808080808080ea7d7d76c380808080fa
7dd8808080808080c37561ae8080808080808080808080808080147d7d3b8080
8080147d7dd880808080808080397d158080808080808080808080808080147d
808080808080147d7dd880808080808080dd7d648f8080808080808080808080
80808080808080808080147d7dd880808080808080dd7d7d9380808080808080
9380808080808080808080808080ed7d7dd880808080808080dd7d7d93808080
a0667d7d9380808080808080808080808080905b7dd880808080808080067d7d
e4ca80f8697d7d7d9380808080808080808080808080801a7d04808080808080
ed7d7d7d7d7766797d7d7d1f828080808080808080808080808080a1597848e4
8080808083f67d7d7d7d7d7d7d7d7ddf80808080808080808080808080808080
80808080808080808082f77d7d7d7d7d7d7da982808080808080808080808080
8080808080808080808080808080818585e32556d8b390808080808080808080
8080808080808080808080808080808080808080808080808080808080808080
8080808080808080808080808080808080808080808080808080808080808080
0000000000000000000000000000000080808080808080808080808080808080
8080808080808080808080808080808080808080808080808080808080808080
8080808080808080808080808080808080808080808080808080808080808080
8080808080808080808080808080808080808080808080808080808080808080
80808b7d5a808080808080808080808080808080808080808080808080808080
808080808080dc7c598080808080808080808080808080808080808080808080
808080808080808080807c7c4880808080808080808080808080808080808080
80808080808080808080808080987a4ccf808080808080808080808080808080
80808080808080808080808080808080801579cf808080808080808080808080
808080808080808080808080808080808080808080717ced8080808080808080
80808080808080808080808080808080808080808080808080717c4f80808080
80717c2080808080808080808080808080808080808080808080808080717cfe
80808080e77d7c65808080808080808080808080808080808080808080808080
80808080808080802b7f38b58080808080808080808080808080808080808080
808080808080808080808080647df98080808080808080808080808080808080
80808080808080808080808080808080647df980808080808080808080808080
8080808080808080808080808080808080808080647df9808080808080808080
808080808080808080808080808080808080808080808080647df98080808080
7c7d498080808080808080808080808080808080808080808080809c6b7d5580
808080e07c7df9808080808080808080808080808080808080808080808080e0
80808080808080e07c7df9808080808080808080808080808080808080808080
8080808080808080808080b27143c08080808080808080808080808080808080
8080808080808080808080808080808080808080808080808080808080808080
8080808080808080808080808080808080808080808080808080808080808080
8080808080808080808080808080808080808080808080808080808080808080
0000000000000000000000000000000080808080808080808080808080808080
8080808080808080808080808080808080808080808080808080808080808080
8080808080808080808080808080808080808080808080808080808080808080
8080808080808080808080808080808080808080808080808080808080808080
8080808080808080808080808080808080808080808080808080808080808080
8080808080808080808080808080808080808080808080808080808080808080
80808080808080d22c7e7d7e7d7e41f195808080808080808080808080808080
80808080808080808080a8737c7d7c7d7c7d7c7d378080808080808080808080
8080808080808080808080808080177e7d6a4b4be637697f4b80808080808080
808080808080808080808080808080808080ef7d7c41a9808080b217d1808080
fb808080808080808080808080808080808080808080804b7d7e558b80808080
177e7d7e7db3808080808080808080808080808080808080808080d17c7d7c55
80d2fa5f687d7c7d548a80808080808080808080808080808080808080808095
80808080c77e7d7e7d7e5ffb8080808080808080808080808080808080808080
8080808080808080407d7c5503b2948080808080808080808080808080808080
8080808080808080808080e67d7e229580808080808080808080808080808080
808080808080808080808080808080bd7c7d4b95808080808080808080808080
8080808080808080808080808080808080808080db7e7d048080808080808080
7d56a98080808080808080808080808080808080808080809e697c7d0e958080
80808a2c7c7d732380808080808080808080808080808080808080808080557e
8080808080808080d1607d7f7d2d2d8b80808080808080808080808080808080
80808080808080808080808080942b7d7c7d7c04808080808080808080808080
80808080808080808080808080808080808080d24b747d198080808080808080
80808080808080808080808080808080808080808080808080fa40dc80808080
8080808080808080808080808080808080808080808080808080808080808080
0000000000000000000000000000000080808080808080808080808080808080
8080808080808080808080808080808080808080808080808080808080808080
8080808080808080808080808080808080808080808080808080808080808080
8080808080808080808080808080808080808080808080808080808080808080
8080808080808080808080808080808080808080808080808080808080808080
80808080809e414b808080808080808080808080808080808080808080808080
808080808080808080037d4b8080808080808080808080808080808080808080
80808080808080808080808080177ee680808080808080808080808080808080
8080808080808080808080808080808080177de6808080808080808080808080
8080808080808080808080808080808080808080807d7ea98080808080808080
808080808080808080808080808080808080808080808080d27c7d8080808080
4b7c18808080808080808080808080808080808080808080808080804b7d1880
8080808a567ddc80808080808080808080808080808080808080808080808080
80808080808080b27d548a808080808080808080808080808080808080808080
8080808080808080808080f07e4b808080808080808080808080808080808080
808080808080808080808080808080177d228080808080808080808080808080
80808080808080808080808080808080808080177ee680808080808080808080
8080808080808080808080808080808080808080808080407de6808080808080
7de6808080808080808080808080808080808080808080808080807d7ee68080
8080807d7fa9808080808080808080808080808080808080808080808080807c
808080808080807c7d8080808080808080808080808080808080808080808080
80808080808080808080be7d2d80808080808080808080808080808080808080
8080808080808080808080808080e67cb3808080808080808080808080808080
8080808080808080808080808080808080808080808080808080808080808080
8080808080808080808080808080808080808080808080808080808080808080
0000000000000000000000000000000080808080808080808080808080808080
8080808080808080808080808080808080808080808080808080808080808080
8080808080808080808080808080808080808080808080808080808080808080
8080808080808080808080808080808080808080808080808080808080808080
8080808080808080808080808080808080808080808080808080808080808080
80808080a9f6597e7e7e7ee38080808080808080808080808080808080808080
80808080808080800c7d7d7d7d7d7d7732808080808080808080808080808080
8080808080808080808080dc797de3b73131507d74c080808080808080808080
808080808080808080808080808080ed7d7dc580808099332593808080808080
80808080808080808080808080808080808080df797dc5808080808080808080
b980808080808080808080808080808080808080808080800f7d198d80808080
a9637d7d77ef86808080808080808080808080808080808080808080d97d7d70
808080d85d7d7d7d7d7d649f8080808080808080808080808080808080808080
8080808080b04e7c7d7d7d7d7d7d7da380808080808080808080808080808080
8080808080808080b3627d7d3cc4c4d24d4d4d9c808080808080808080808080
8080808080808080808080a4607d7d27ba808080808080808080808080808080
808080808080808080808080808080ba7d7d3083808080808080808080808080
808080808080808080808080808080808080a55d7d2d80808080808080808080
80808080808080808080808080808080808080808080cb7d7de8808080808080
7d7d620cbf8c8080808080808080808080808080808080808080cb7d7d63a980
808080d6597d7d7d7d4119aaa98080808080808080808080808080808080b96e
80808080808080808de6687d7d7d7d7d7b1e9d83808080808080808080808080
808080808080808080808080808080f1f4637d7d7d3af4908080808080808080
8080808080808080808080808080808080808080808080808080808080808080
8080808080808080808080808080808080808080808080808080808080808080
0000000000000000000000000000000080808080808080808080808080808080
8080808080808080808080808080808080808080808080808080808080808080
8080808080808080808080808080808080808080808080808080808080808080
8080808080808080808080808080808080808080808080808080808080808080
8080808082908080808080808080808080808080808080808080808080808080
80808080808080cc303b80808080808080808080808080808080808080808080
0680808080808080808080f17e09808080808080808080808080808496808080
8080807e78c5808080808080808080f17eec808080808080808080808080800b
808080808080804c7e05808080808080808080f17e5580808080808080808080
8080808080808080808080ce7e4a808080808080808080f17e70ac8080808080
2d7e588c808080808080808080808090754f878080808080808080e67e7ee580
80808080af7e7e1b808080808080808080808080197ed6808080808080808080
8080808080808080885e7e70ce8080808080808080808080197e388080808080
b67e7eb0808080808080808080b07e7e4b8e80808080808080808080197e4e8f
80808080a37e7eb0808080808080808080832d7e7ea480808080808080808080
8080808080808080812d7eb080818c8c878c8c8c8180995a7e4cc78080808080
7e7e69808080808080808080801d7ef68dda7e7e4d7f7e7e171414617e7e1680
3d3d49607e7eeb80808080808080808080b57e604b7e53615a7e7e7e7e7e7e7e
8080808080808a9cb5b584808080808080808080808f4f7e32c5879b91c7c7fb
9580808080808080808080808080808080808080808080808080167e14808080
8080808080808080808080808080808080808080808080808080808080808aa3
8080808080808080808080808080808080808080808080808080808080808080
8080808080808080808080808080808080808080808080808080808080808080
8080808080808080808080808080808080808080808080808080808080808080
8080808080808080808080808080808080808080808080808080808080808080
0000000000000000000000000000000080808080808080808080808080808080
8080808080808080808080808080808080808080808080808080808080808080
8080808080808080808080808080808080808080808080808080808080808080
8080808080808080808080808080808080808080808080808080808080808080
8080808080808080808080808080808080808080808080808080808080808080
8080808080808080808080808080808080808080808080808080808080808080
80ac687d62f9f9b3808080808080d95364808080808080808080808080808080
8080808080dd7c7c7c7c7c75717070707070796bbd8080808080808080808080
808080808080808080dd7c7c7c7c7c7c7d7c7c7c7c7c37c08080808080808080
80808080808080808080808080bf457c7c5ba7a7a7a7dfb5a7a78b8080808080
80808080808080808080808080808080808091517c74cb808080808080808080
8080808080808080808080808080808080808080808080467c7cfa8080808080
fe7c7c718d80808080808080808080808080808080808080808080317c7c74df
80808080b2787c7c458880808080808080808080808080808080808080808098
808080808080808080e67c7c7d44888080808080808080808080808080808080
80808080808080808080808080801f7d7f7d458d808080808080808080808080
808080808080808080808080808080808080e77c7d7c7cfb9180808080808080
4691808080808080808080808080808080808080808083a57d7c7c7cda808080
80d8787c7c3092808080808080808080808080808080808080808082ee517c7c
8080808080800c7c7c7ceb918080808080808080808080808080808080808080
80808080808080808080a1697c7c7c2b80808080808080808080808080808080
8080808080808080808080808080800c7c7c7c598a8080808080808080808080
80808080808080808080808080808080808080a75d7c7c7ad980808080808080
808080808080808080808080808080808080808080808080cf59595580808080
8080808080808080808080808080808080808080808080808080808080808080
0000000000000000000000000000000080808080808080808080808080808080
8080808080808080808080808080808080808080808080808080808080808080
8080808080808080808080808080808080808080808080808080808080808080
8080808080808080808080808080808080808080808080808080808080808080
5a3ffda480808080808080808080808080808080808080808080808080808080
7d7d7d7d7d7d7d794c808080808080808080808080808080808080b3717e7e7f
80ef7d7de98c8c8cb10e617d7b71d88080808080808080808080808080806b7a
8080808080f57d539080808080808ef1277d61df808080808080808080808080
808080808080808080f57d1680808080808080809c2a7d6edb80808080808080
7df08080808080808080808080f57d1680808080808080808085b05a7be28080
80808085ad9480808080808080808080809272388980808080808080808080f0
80808080808080808080808080808080808080808080707dc380808080808080
7d1dac8080808080808080808080808080808080808080808080e9786a9b8080
8080809b4b7d3d8b808080808080808080808080808080808080808080808004
8080808080808080cd767d1c8b80808080808080808080808080808080808080
80808080808080808080808080c44a7d1c8b8080808080808080808080808080
808080808080808080808080808080808080c7627d1c8b808080808080808080
7d7d7d74d18c8080808080808080808080808080808080a6627d3a230ca1a19e
78266a787d7d7d7d7d43d0808080808080808080cd1c96808097c63a7d7d7d7d
7d7d7d72eb8080e9727d7d7d7d7d78878080808080808080b3e810c916707d7d
808080b03737f595808080809507777d7d7d7ab9808080808080808080802075
808080808080808080808080808080808080900730fbf9808080808080808080
8080808080808080808080808080808080808080808080808080808080808080
8080808080808080808080808080808080808080808080808080808080808080
8080808080808080808080808080808080808080808080808080808080808080
0000000000000000000000000000000080808080808080808080808080808080
8080808080808080808080808080808080808080808080808080808080808080
8080808080808080808080808080808080808080808080808080808080808080
8080808080808080808080808080808080808080808080808080808080808080
8080808080808080808080808080808080808080808080808080808080808080
8080808080808080808080808080808080808080808080808080808080808080
8080808080808080808080808080808080808080808080808080808080808080
8080808080808080a9141c587e7e7e7f1cd1d9141cbd80808080808080808080
808080808080808080808098717d76696969436a757d7d7d7e4f9a8080808080
747d7b2e8480808080808080808080d77d62b08080808080b0007d7d7e7d2680
80808080ad317d7d0480808080808080808080937d56808080808080808293fc
80808080808080808080da430080808080808080808080937d74ae8080808080
c87b7e88808080808080808080808080808080808080808080808080187e3380
8080808080257e25808080808080808080808080808080808080808080808080
808080808080808080ae7e78a580808080808080808080808080808080808080
80808080808080808080808080892b7dcd808080808080808080808080808080
808080808080808080808080808080808080807e6f9380808080808080808080
80808080808080808080808080808080808080355656577d7ddc828080808080
7d7d7d4980808080808080808080808080808080808080557d7d7e7d7d7d2793
808080a46d41c9f7808080808080808080808080808080808080809093a2f539
8080808080808080567ed0808080808080808080808080808080808080808080
808080808080808080808080287df68080808080808080808080808080808080
80808080808080808080808080808080f57df680808080808080808080808080
8080808080808080808080808080808080808080f57df6808080808080808080
808080808080808080808080808080808080808080808080a241c88080808080
0000000000000000000000000000000080808080808080808080808080808080
8080808080808080808080808080808080808080808080808080808080808080
8080808080808080808080808080808080808080808080808080808080808080
8080808080808080808080808080808080808080808080808080808080808080
8080808080808080808080808080808080808080808080808080808080808080
8080808080be515a8d8080808080808080808080808080808080808080808080
808080808080808080397c3d8680808080808080808080808080808080808080
80808080808080808080808086577c2980808080808080808080808080808080
80808080808080808080808080808080bf7d7c29808080808080808080808080
8080808080808080808080808080808080808080bf7d7c298080808080808080
808080808080808080808080808080808080808080808080287e7ded80808080
527d79bb808080808080808080808080808080808080808080808080287d7cc0
808080957c7d538080808080808080808080808080808080808080808080808b
80808080808080957c7d53808080808080808080808080808080808080808080
8080808080808080808080957d7f548080808080808080808080808080808080
808080808080808080808080808080957c7d5380808080808080808080808080
80808080808080808080808080808080808080957c7d53808080808080808080
8080808080808080808080808080808080808080808080957c7d278080808080
7d7f54808080808080808080808080808080808080808080808080957c7d5380
808080957c7d0380808080808080808080808080808080808080808080808095
80808080808080957c7dea808080808080808080808080808080808080808080
8080808080808080808080957c7dea8080808080808080808080808080808080
8080808080808080808080808080808436519280808080808080808080808080
8080808080808080808080808080808080808080808080808080808080808080
8080808080808080808080808080808080808080808080808080808080808080
0000000000000000000000000000000080808080808080808080808080808080
8080808080808080808080808080808080808080808080808080808080808080
8080808080808080808080808080808080808080808080808080808080808080
8080808080808080808080808080808080808080808080808080808080808080
7e2ab28080808080808080808080808080808080808080808080808080808080
8080802f7e7e753fa480808080808080808080808080808080808080808080bb
80808080808080367e696b7e72c6838080808080808080808080808080808080
8080808080808080808080367eee9be3737e3897808080808080808080808080
808080808080808080808080808080157eee80809ae2774d9480808080808080
80808080808080808080808080808080808080a17eee8080808094e8a8808080
8080808080808080808080808080808080808080808080806aee808080808080
904806808080808080808080808080808080808080808080808080801556a080
8080808080106794808080808080808080808080808080808080808080808080
808080808080808080c874128080808080808080808080808080808080808080
8080808080808080808080808080044990808080808080808080808080808080
80808080808080af4dfa8b808080808080809f62248080808080808080808080
80808080808080808080808c107a58d48f808080808080007fcf808080808080
c27e078080808080808080808080808080bf647e6e089480808080a5644f8780
7938e5a080366795808080808080808080808080808080f5457e7e3eb5808080
808080bb397b7e6800e37e008080808080808080808080808080808084e0336f
808080808080808080c6407e7e7e7e5d84808080808080808080808080808080
80808080808080808080808080808bc8e93c7e7eb78080808080808080808080
8080808080808080808080808080808080808080808080808080808080808080
8080808080808080808080808080808080808080808080808080808080808080
8080808080808080808080808080808080808080808080808080808080808080
0000000000000000000000000000000080808080808080808080808080808080
8080808080808080808080808080808080808080808080808080808080808080
8080808080808080808080808080808080808080808080808080808080808080
8080808080808080808080808080808080808080808080808080808080808080
5ec2808080808080808080808080808080808080808080808080808080808080
808089ff7e5f9f8080808080808080808080808080808080808080808080809d
8080808080802d7e7e7ec2808080808080808080808080808080808080808080
808080808080808080802d7e7e7e358080808080808080808080808080808080
80808080808080808080808080801e7e7e7e3580808080808080808080808080
808080808080808080808080808080808080aa737e7e35808080808080808080
8080808080808080808080808080808080808080808080337e7e66a280808080
7e7e7e408a808080808080808080808080808080808080808080801b7e7e7e07
808080b77e7e7e7eac80808080808080808080808080808080808080808080b7
80808080808080a96c7e7e7eac80808080808080808080808080808080808080
8080808080808080808080803a7e7e7eac808080808080808080808080808080
80808080808080808080808080808080d67e7e7eac8080808080808080808080
80808080808080808080808080808080808080808b4a7e7eac80808080808080
9b8080808080808080808080808080808080808080808080e3767e5797808080
3a7e7e509380808080808080808080808080808080808080808080803a7e7e5f
808080803a7e7e57978080808080808080808080808080808080808080808080
80808080808080803a7e7e599880808080808080808080808080808080808080
808080808080808080808080fd7f7ff280808080808080808080808080808080
8080808080808080808080808080808080808080808080808080808080808080
8080808080808080808080808080808080808080808080808080808080808080
8080808080808080808080808080808080808080808080808080808080808080
0000000000000000000000000000000080808080808080808080808080808080
8080808080808080808080808080808080808080808080808080808080808080
8080808080808080808080808080808080808080808080808080808080808080
8080808080808080808080808080808080808080808080808080808080808080
809f218080808080808080808080808080808080808080808080808080808080
8080808080175980808080808080808080808080808080808080808080808080
8080808080808080806705808080808080808080808080808080808080808080
8080808080808080808080808067ce8080808080808080808080808080808080
80808080808080808080808080808080896ac280808080808080808080808080
8080808080808080808080808080808080808080b67e80808080808080808080
808080808080808080808080808080808080808080808080b67e808080808080
dd7e8080808080808080808080808080808080808080808080808080b67e8080
80808080d47e8080808080808080808080808080808080808080808080808080
8080808080808080cd7f9f808080808080808080808080808080808080808080
808080808080808080808080b67ece8080808080808080808080808080808080
808080808080808080808080808080808769ce80808080808080808080808080
8080808080808080808080808080808080808080806700808080808080808080
8080808080808080808080808080808080808080808080808067258080808080
8017678080808080808080808080808080808080808080808080808080546780
8080808080ce6987808080808080808080808080808080808080808080808080
808080808080808080a67db68080808080808080808080808080808080808080
80808080808080808080808080807de580808080808080808080808080808080
8080808080808080808080808080808080808080808080808080808080808080
8080808080808080808080808080808080808080808080808080808080808080
8080808080808080808080808080808080808080808080808080808080808080
0000000000000000000000000000000080808080808080808080808080808080
8080808080808080808080808080808080808080808080808080808080808080
8080808080808080808080808080808080808080808080808080808080808080
8080808080808080808080808080808080808080808080808080808080808080
8080808080808080808080808080808080808080808080808080808080808080
8080808080808080808080808080808080808080808080808080808080808080
8080808080808080808080808080808080808080808080808080808080808080
80808080808080808083ea5d7f7e35e196808080808080808080808080808080
80808080808080808080808080de7e7e6f767e7e7555009c8080808080808080
78ab808080808080808080808080808080e27e579bc63d4c5e7e7e6f179b8080
8080a1c8f980808080808080808080808080808080ef7ee0808080808fa8697e
808080808080808080808080808080808080808080808080803b7ecc80808080
80a87efc80808080808080808080808080808080808080808080808080157ede
8080808080812e4b868080808080808080808080808080808080808080808080
80808080808080808080fa7ee680808080808080808080808080808080808080
80808080808080808080808080a1f37e4d5fa880808080808080808080808080
808080808080808080808080808080c73f727e7e7e78a8808080808080808080
80808080808080808080808080808080808080557e51787e7e0c808080808080
f77e068080808080808080808080808080808080808080063fcab1c7503a8380
8080808082284590808080808080808080808080808080808080808080808080
808080808080808080ab610c8080808080808080808080808080808080808080
8080808080808080808080808080ea69b3808080808080808080808080808080
8080808080808080808080808080808080809163218080808080808080808080
8080808080808080808080808080808080808080808080fc6480808080808080
8080808080808080808080808080808080808080808080808080808628808080
0000000000000000000000000000000080808080808080808080808080808080
8080808080808080808080808080808080808080808080808080808080808080
8080808080808080808080808080808080808080808080808080808080808080
8080808080808080808080808080808080808080808080808080808080808080
8080808080808080808080808080808080808080808080808080808080808080
8080808080808080808080808080808080808080808080808080808080808080
80808080337ec6808080808080257ff980808080808080808080808080808080
80808080808080b2797eea808080808080197e03808080808080808080808080
8080808080808080808080a5707e0c808080808080e97e588080808080808080
ba808080808080808080808080808080577e69d58080808080d47e618e808080
80897e7eba8080808080808080808080808080804e7e7e3a8880808080ae7e7e
7bff808080897e7e16808080808080808080808080808080f87e7e7e12808080
80357e7e7e76dc8080897e7e19808080808080808080808080808080966f7e7e
8080808080167e7e7e7e749b80a87e71e9808080808080808080808080808080
808080808080808080c67c7e7e7e7e74e4297e21808080808080808080808080
80808080808080808080808080804a7e7e27757e7e7d30c48080808080808080
808080808080808080808080808080808080147e7eeea31231e3808080808080
80808080808080808080808080808080808080808080037e7e4e808080808080
7e2e8080808080808080808080808080808080808080808080808b5b7e028080
808080fc7e1b8080808080808080808080808080808080808080808080808052
80808080808080f37e3980808080808080808080808080808080808080808080
8080808080808080808080f37e4e808080808080808080808080808080808080
808080808080808080808080808080f37e428080808080808080808080808080
80808080808080808080808080808080808080f3409b80808080808080808080
8080808080808080808080808080808080808080808080808080808080808080
0000000000000000000000000000000080808080808080808080808080808080
8080808080808080808080808080808080808080808080808080808080808080
8080808080808080808080808080808080808080808080808080808080808080
8080808080808080808080808080808080808080808080808080808080808080
e6a9808080808080808080808080808080808080808080808080808080808080
8080237d56d280808080808080808080808080808080808080808080808080e6
8080808080945f689f8080808080808080808080808080808080808080808080
808080808080808080a8744b8080808080808080808080808080808080808080
80808080808080808080808080802273a9808080808080808080808080808080
808080808080808080808080808080808080a97dc88080808080808080808080
80808080808080808080808080808080808080808080805469a9808080808080
227c0480808080808080808080808080808080808080808080808094602d8b80
8080808080407e95808080808080808080808080808080808080808080808080
808080808080808080b2694b9580808080808080808080808080808080808080
8080808a0418f1f0f1b3b3b39f80e67d04808080808080808080808080808080
80808080808080db7d7c7d7c7d7c7d7c694b5f7c7dd280808080808080808080
55fb8080808080808080804b23808080808080e6e6557e7d7e7d2db38b808080
80a8607d7f7d2d8080808080808080a88080808080808080808ab2ef407c7d7c
80808080808094027d7c7d808080808080808080808080808080808080808080
808080808080808080808080a9e6e68080808080808080808080808080808080
8080808080808080808080808080808080808080808080808080808080808080
8080808080808080808080808080808080808080808080808080808080808080
8080808080808080808080808080808080808080808080808080808080808080
8080808080808080808080808080808080808080808080808080808080808080
8080808080808080808080808080808080808080808080808080808080808080
0000000000000000000000000000000080808080808080808080808080808080
8080808080808080808080808080808080808080808080808080808080808080
8080808080808080808080808080808080808080808080808080808080808080
8080808080808080808080808080808080808080808080808080808080808080
80a0237e7f179780808080808080808080808080808080808080808080808080
8080808080c47d7d7d7d53978080808080808080808080808080808080808080
808080808080808080397d780718711b80808080808080808080808080808080
808080808080808080808080864077228080d40c808080808080808080808080
80808080808080808080808080808080b77d4287808080808080808080808080
8080808080808080808080808080808080808080b77d7db88080808080808080
80808080808080808080808080808080808080808080808093507dce80808080
b8487d68a4808080808080808080808080808080808080808080808080397d34
8080a91f7d7d7d7db2808080808080808080808080808080808080808080808b
80808080808a3e7d7d7d6b39a580808080808080808080808080808080808080
8080808080808080984e7d7d49d9a98080808080808080808080808080808080
8080808080808080808080809e7d7d568f808080808080808080808080808080
808080808080808080808080808080809e7d7d4d808080808080808080808080
8080808080808080808080808080808080808080935b7d76019a808080808080
7d7d7766e18080808080808080808080808080808080808080a55b7d7d4aca80
80808084017d7d7d78e08080808080808080808080808080808080808080a528
808080808080808083027d7d7d27808080808080808080808080808080808080
8080808080808080808080808082a6627deb8080808080808080808080808080
8080808080808080808080808080808080808080808080808080808080808080
8080808080808080808080808080808080808080808080808080808080808080
8080808080808080808080808080808080808080808080808080808080808080
0000000000000000000000000000000080808080808080808080808080808080
8080808080808080808080808080808080808080808080808080808080808080
8080808080808080808080808080808080808080808080808080808080808080
8080808080808080808080808080808080808080808080808080808080808080
8080808080808080808080808080808080808080808080808080808080808080
b3b3b3b3dc184123808080808080808080808080808080808080808080808080
8080d2407d7c7d7c7d7c7d5f958080808080808080808080808080808080809f
8080808080a837bde6e6bee69580e67db3808080808080808080808080808080
80808080808080808080bd80808080808080e67cb38080808080808080808080
80808080808080808080808080808080808080808080e67db380808080808080
2d80808080808080808080808080808080808080808080808080e67cdc808080
4b4b5f7c7d80808080808080808080808080808080808080808080808080e67d
80c77e5f4b4b607d7efb8080808080808080808080808080808080808080d24b
80808080a9687d94808094027d73a98080808080808080808080808080808080
8080808080808080e67d048080808080377d1880808080808080808080808080
808080808080808080808080e67cb380808080809417b3808080808080808080
80808080808080808080808080808080e67df180808080808080958080808080
8080374b80808080808080808080808080808080e67c418080808080808037d2
958080808080e65f95808080808080808080808080808080a97d7e9580808080
80944b7d2da980808080fb4c8080808080808080808080808080808080027d4b
808080808080942b7d7323e695e65f2280808080808080808080808080808080
808080808080808080808080d22c7f7d7f7d6aa9808080808080808080808080
80808080808080808080808080808080808ab2ef40039e808080808080808080
8080808080808080808080808080808080808080808080808080808080808080
8080808080808080808080808080808080808080808080808080808080808080
0000000000000000000000000000000080808080808080808080808080808080
8080808080808080808080808080808080808080808080808080808080808080
8080808080808080808080808080808080808080808080808080808080808080
8080808080808080808080808080808080808080808080808080808080808080
808089277d178080808080808080808080808080808080808080808080808080
808080808080c27c7c5e99808080808080808080808080808080808080808080
8080808080808080808d3b7c7c46808080808080808080808080808080808080
80808080808080808080808080da7c7c7c0c8080808080808080808080808080
80808080808080808080808080808080800e7c7c78c680808080808080808080
8080808080808080808080808080808080808080a7657c7c4180808080808080
8a8080808080808080808080808080808080808080808080537c7c7cc5808080
7d7c7cf980808080808080808080808080808080808080808080808e627c7c6b
808093497d7c43868080808080808080808080808080808080808080808080cd
808080808080ac7d7f7d3c808080808080808080808080808080808080808080
80808080808080808080f97c7d7c1e8080808080808080808080808080808080
8080808080808080808080808084407c7d7cce80808080808080808080808080
8080808080808080808080808080808080f47c7c7d5484808080808080808080
808080808080808080808080808080808080808080407c7c7def808080808080
4880808080808080808080808080808080808080808080809f6e7c7c7dc88080
457c7c7cfd80808080808080808080808080808080808080808080800c7c7c7c
80808080f47c7c7ca28080808080808080808080808080808080808080808080
8080808080808080b27369ee8580808080808080808080808080808080808080
8080808080808080808080808080808080808080808080808080808080808080
8080808080808080808080808080808080808080808080808080808080808080
8080808080808080808080808080808080808080808080808080808080808080
0000000000000000000000000000000080808080808080808080808080808080
8080808080808080808080808080808080808080808080808080808080808080
8080808080808080808080808080808080808080808080808080808080808080
c4d35e80808080808080808080808080808080808080808080b5397f622ecc80
72f28780808bdf808080808080808080808080808080808080808080fa733aca
8080985ef28780808080808080808080808080808080808080808080808080e1
808080808080275b988080808080808080808080808080808080808080808080
808080808080808080825fc78080808080808080808080808080808080808080
80808080808080808080808080d479ac80808080808080808080808080808080
8080808080808080808080808080808080253680808080808080808080808080
808080808080808080808080808080808080808080255a808080808080808080
8080808080808080808080808080808080808080808080808025718b80808080
80a67ec180808080808080808080808080808080808080808080808080e17ec1
8080808080813525808094e6cfc8808080808080808080808080808080808080
80808080808080808080df7dbbf7727676721f94808080808080808080808080
8080808080808080808080808080854f7e73f48580a35f3b8080808080808080
bf8080808080808080808080808080808080925a7ed180808080e7739c808080
b880b27ea5808080808080808080808080808080809048625674ce808080a07e
809d277e7d66714084808080808080808080808080808080ba4a63aa9e5675dd
e68180808080838cde2d099680808080808080808080808080a0c5387406a880
8080808080808080808080808080808080808080808080808080808080b67051
8080808080808080808080808080808080808080808080808080808080808080
8080808080808080808080808080808080808080808080808080808080808080
8080808080808080808080808080808080808080808080808080808080808080
8080808080808080808080808080808080808080808080808080808080808080
0000000000000000000000000000000080808080808080808080808080808080
8080808080808080808080808080808080808080808080808080808080808080
8080808080808080808080808080808080808080808080808080808080808080
8080808080808080808080808080808080808080808080808080808080808080
8080808080808080808080808080808080808080808080808080808080808080
8080808080808080808080808080808080808080808080808080808080808080
8080935628e48380808081d205ef848080808080808080808080808080808080
808080808080a47d7d7dff8480808b7d7d7dd580808080808080808080808080
80808080808080808080ef7d7d7d7da580808a6e7d7d67b88080808080808080
c080808080808080808080808080057d7d7d7da5808080107d7d7d3680808080
7d7d7d7d428b808080808080808080808080a47d7d7d7da5808080ba7d7d7d69
7d51d5e57d7d7d7d7da5808080808080808080808080a47d7d7d7d4ad5848098
7d7d7d7d7d7e7d7d7d7d7d7d7d0d80808080808080808080808087387d7d7d7d
808080853b7d7d7d7d7e7d7d7d7d7d7d7dea80808080808080808080808080c1
8080808080808080347d7d7d7d7e7d7d7d7d7d7d7da580808080808080808080
8080808080808080808080802f7e7f7e7e747272725c157278a3808080808080
80808080808080808080808080808080bc7d7d7d3f86808080808080b4808080
8080808080808080808080808080808080808080cd7d7d7d1180808080808080
7daa80808080808080808080808080808080808080808080347d7d7d5a898080
bc7d7d7d7d6280808080808080808080808080808080808080808080177d7d7d
80808080bc7d7d7d7d7ee3808080808080808080808080808080808080808080
8080808080808080a5667d7d7d7efa8080808080808080808080808080808080
80808080808080808080808080d37d7d7d7e8c80808080808080808080808080
8080808080808080808080808080808080848b207d7e80808080808080808080
8080808080808080808080808080808080808080808080808080808080808080
0000000000000000000000000000000080808080808080808080808080808080
8080808080808080808080808080808080808080808080808080808080808080
8080808080808080808080808080808080808080808080808080808080808080
8080808080808080808080808080808080808080808080808080808080808080
8080808080808080808080808080808080808080808080808080808080808080
80b38b808080808080808055f180808080808080808080808080808080808080
80808080d27cb380808080808080807c69808080808080808080808080808080
8080808080808080237db380808080808080807d7f8080808080808080808080
8080808080808080808080945f7cb380808080808080a97c7d80808080808080
7d8080808080808080808080808080b27e7db380808080808080e67d7f808080
8080e67d7e8080808080808080808080808080b27d7cb380808080808080e67c
808080808080bd7c7d80808080808080808080808003b4b27e7db38080808080
7e7d1880808080808080e67d7e8080808080808080808080801741b3557cdc80
808094547d7c41a9808080808080e67c7d808080808080808080808080944b7d
80808080808080b27e7d7e7d5604b3b3b3037e7d418080808080808080808080
80808080808080808080808a557c7d7c7d7c7d7c7d7c7d68b380808080808080
80808080808080808080808080808080377d7ee60e4b747d7e7d6ad280808080
8080808080808080808080808080808080808080e67c7d808080a8b2b2b29e80
8080808080808080808080808080808080808080808080804b7d188080808080
e77d7f80808080808080808080808080808080808080808080808080fa7c6980
80808080e67c7d80808080808080808080808080808080808080808080808080
8080808080808080e77d2d808080808080808080808080808080808080808080
808080808080808080808080bd2c8a8080808080808080808080808080808080
8080808080808080808080808080808080808080808080808080808080808080
8080808080808080808080808080808080808080808080808080808080808080
0000000000000000000000000000000080808080808080808080808080808080
8080808080808080808080808080808080808080808080808080808080808080
8080808080808080808080808080808080808080808080808080808080808080
8080808080808080808080808080808080808080808080808080808080808080
9c8080808080808080808080808080808080808080808080ba761ca380808080
80197d7dff8080808080808080808080808080808080808080808080b67a7d59
808080808089437d76b580808080808080808080808080808080808080808080
8080808080808080808092487e07808080808080808080808080808080808080
8080808080808080808080808080809e717ee480808080808080808080808080
8080808080808080808080808080808080808080e97d37878080808080808080
3f808080808080808080808080808080808080808080808080397dcf80808080
8080cf7d74ae8080808080808080808080808080808080808080808080a25806
809ba980808088377e5980808080808080808080808080808080808080808080
80808080c85971560c9080ce7d7e808080808080808080808080808080808080
80808080808080805f7d7d26180780b6777ebd80808080808080808080808080
8080808080808080808080cc7d7d5f8c80808080347e43808080808080808080
80808080808080808080808080808080577d7d9480808080e37e438080808080
3e7e438080808080808080808080808080808080057e7e9480808080087f4480
1ccf267d7d5f008080808080808080808080808080808080b67a7dcc858082d8
8097617d7e7d7d7d4ac888808080808080808080808080808080808080127d7d
80808080808092c9415748ba8580808080808080808080808080808080808080
8080808080808080808080808080808080808080808080808080808080808080
8080808080808080808080808080808080808080808080808080808080808080
8080808080808080808080808080808080808080808080808080808080808080
8080808080808080808080808080808080808080808080808080808080808080
0000000000000000000000000000000080808080808080808080808080808080
8080808080808080808080808080808080808080808080808080808080808080
8080808080808080808080808080808080808080808080808080808080808080
8080808080808080808080808080808080808080808080808080808080808080
8080808080808080808080808080808080808080808080808080808080808080
8080808080808080808080808080808080808080808080808080808080808080
808080808080a0bc2e5351515151515103bcbc99808080808080808080808080
8080808080808080809c537d7d7e7d7d7d7d7d7d7d7d7d4a8080808080808080
80808080808080808080808080327d7d7d7e7d7d7d7d7d7d7d7d7d7e80808080
8080808080808080808080808080808080327d7d70db9d9d9de33232323232db
808080808080808080808080808080808080808080207d7d70dd808080808080
7d7e7d7268dada9b80808080808080808080808080808080809d7d7d7d7e0698
767d7d7d7d7e7d7d7d7d7d54dd808080808080808080808080808080d0ed7d7d
80137d7d7d7d7d7d7d7e7d7d7d7d7d7df88080808080808080808080808baef4
80808080e97e7f7e6015c880808080fc1b7e7e7ef98080808080808080808080
80808080808080800b7d7d61b18080808080808083acacac9580808080808080
8080808080808080808080807d7d74b080808080808080808080808080808080
841171c3808080808080808080808080367d76c080808080808080808080c880
c2f73333377d7dcb808080808080808080808080e87d7d70c880808080808080
7d7d7d7d7d7e7d7d7d7d56a48080808080808080808080809f44727d68333333
8080912323627d7d7d7f483323de8a808080808080808080808080808080237d
808080808080808080aabbefdfbb988b80808080808080808080808080808080
8080808080808080808080808080808080808080808080808080808080808080
8080808080808080808080808080808080808080808080808080808080808080
8080808080808080808080808080808080808080808080808080808080808080
0000000000000000000000000000000080808080808080808080808080808080
8080808080808080808080808080808080808080808080808080808080808080
8080808080808080808080808080808080808080808080808080808080808080
8080808080808080808080808080808080808080808080808080808080808080
8080808080808080808080808080808080808080808080808080808080808080
8080808080808080808080808080808080808080808080808080808080808080
73722bf7bf828080808080808080808080808080808080808080b2cd89808080
80808087eb00637f7e4cf7988095b1808080808080808080808080808080e24a
8080808080808080808092ca1f717e6a57687e3b9e8080808080808080808080
8080808080808080808080808080808080a2e95d7b7e7e7e5992808080808080
7e7e3b808080808080808080808080808080808080808080c222797e7e479280
80808082237e70b9808080808080808080808080808080808080808080809f44
808080808080808085217e5e8080808080808080808080808080808080808080
8080808080809add315a06eba2cc7872a2808080808080808080808080808080
808080808080808080e66c7e705f6b7e7371787ef58080808080808080808080
808080808080808080808080e8697a0e9f8096ba10497e7e4680808080808080
808080808080808080808080808080812f7e048080808080808fd51792808080
80808080808080808080808080808080808080897e7eec808080808080808080
c08080808080808080808080808080808080808080808081307e51a180808080
80cf677e7a36e28e8080808080808080808080808080808080808080ad697e64
8080808080809c0e707e7e5e17f5e79b9b9c8080808080808080808080808080
8080808080808080808080809ee4387175777d7a797280808080808080808080
808080808080808080808080808080808080808094a2c1b1ae80808080808080
8080808080808080808080808080808080808080808080808080808080808080
8080808080808080808080808080808080808080808080808080808080808080
0000000000000000000000000000000080808080808080808080808080808080
8080808080808080808080808080808080808080808080808080808080808080
8080808080808080808080808080808080808080808080808080808080808080
8080808080808080808080808080808080808080808080808080808080808080
1aa6808080808080808080808080808080808080808080808080808080808080
808097c63169d180808080808080808080808080808080808080808080cd7157
808080808080808080f36031151212b480808080808080808080808080808080
8080808080808080808080808080abea38214f5d808080808080808080808080
80808080808080808080808080808080808080808080be788b80808080808080
c480808080808080808080808080808080808080808080808080be7cb5808080
8080be7e1280808080808080808080808080808080808080808080808080be7d
7e627e56d38ebe7eeb80808080808080808080808080808080819fb7a08d9f84
7a33db9797c6d4277b611a7ec6808080808080808080808080808080c1357e7e
8080b57fee80808080808080a11a5c4c968080808080808080808080808080e9
8080808080806652898080808080808080808080808080808080808080808080
808080808080808080a87adf8080808080808080808080808080808080808080
80808080808080808080808080c57ebe80808080808080808080808080808080
80808080808080808080808080808080809178ca808080808080808080808080
8080808080809f81808080808080808080808080808076358080808080808080
692192808080808082ce6c8e8080808080808080808080808080406592818080
80808087016a6a28d5b78ca0da7ef28080808080808080808080808080808939
808080808080808080a8ed30777e6c7462028480808080808080808080808080
8080808080808080808080808080808080808080808080808080808080808080
8080808080808080808080808080808080808080808080808080808080808080
8080808080808080808080808080808080808080808080808080808080808080
0000000000000000000000000000000080808080808080808080808080808080
8080808080808080808080808080808080808080808080808080808080808080
8080808080808080808080808080808080808080808080808080808080808080
594e908080808080808080808080808080808080808080808080808080808080
80808080587d4d91808080808080808080808080808080808080808080808080
80808080808080800b7b7d4d9180808080808080808080808080808080808080
80808080808080808080808080157d7d08808080808080808080808080808080
8080808080808080808080808080808080a76e7d509480808080808080808080
80808080808080808080808080808080808080808080157d7d51808080808080
7d7f808080808080808080808080808080808080808080808080a4717d7e8080
8080806b7d7e808080808080808080808085b2b2b2b2b2a6808080808080806b
7d468d808080806b7d7e8080808080808080809efe3b7d7d7d7d7d6c34c48080
80808e287d7d10808080800c7d7e8080808080808080fe5e7d773000143f4c7d
f0808080808080bd7d7d2e80808080507d7e80808080808080807d7d57ec8080
8080567df0808080808080bd7d7d2e808080806b7d7e80808080808080807d7d
808080808080d77df0808080808080247d7d2e808080a4717d7e808080808080
4f848080808080808080f07d1d80808080c0357465fd998080d5687d7de78080
167a7d7d99808080808080808080d17d73aa8080d7747d65f280808080507d7d
f0f053727d7d4fd88180808080808080808081df7d64ea38753514b4808080a4
557d7d7d7d7d7d7d5207d0808080808080808080808080819a4f7d7d2cf6f0f0
80808080990101010101019b848080808080808080808080808080808087d707
8080808080808080808080808080808080808080808080808080808080808080
8080808080808080808080808080808080808080808080808080808080808080
8080808080808080808080808080808080808080808080808080808080808080
8080808080808080808080808080808080808080808080808080808080808080
0000000000000000000000000000000080808080808080808080808080808080
8080808080808080808080808080808080808080808080808080808080808080
8080808080808080808080808080808080808080808080808080808080808080
8080808080808080808080808080808080808080808080808080808080808080
8080808080808080808080808080808080808080808080808080808080808080
808a017d65e8849d8a8080808080808080808080808080808080808080808080
808080808dfa7d7c7c7c337cd580808080808080808080808080808080808080
80808080808080800f7c7db8147c7d7cfb808080808080808080808080808080
808080808080808080808080287c198086e67d7c76b380808080808080808080
808080808080808080808080808080db7d4f8d8080d47f7d7d2a808080808080
7c298080808080808080808080808080808080577c29808080c1777c7c298080
8080807c7c739a808080808080808080808080808080807c7cd280808080e47c
7db980808080807d7d7da9808080808080808080808080808080807c7cb98080
8080807c7cb980808080807c7c7c0d808080808080808080808080808080807d
808080808080807c7cb9808080808028607c6580808080808080808080808080
80808080808080808080807c7cb9808080808080287c7d808080808080808080
8080808080808080808080808080803e7df8808080808080287d7e8080808080
b87c7d80808080808080808080808080808080c17c29808080808080dd7c7d80
808080801c7c7d808080808080808080808080808080809c7c458a8080808080
99517e3fc2938090327d338080808080808080808080808080808083317c3380
80808080809c517c7c6129577c6a968080808080808080808080808080808080
8080808080808080808099567c7c7d7c7c038080808080808080808080808080
8080808080808080808080808080808fe7317d70c18780808080808080808080
8080808080808080808080808080808080808080808080808080808080808080
8080808080808080808080808080808080808080808080808080808080808080
0000000000000000000000000000000080808080808080808080808080808080
8080808080808080808080808080808080808080808080808080808080808080
8080808080808080808080808080808080808080808080808080808080808080
8080808080808080808080808080808080808080808080808080808080808080
8080808080808080808080808080808080808080808080808080808080808080
8080808080808080800d7ddc8080808080808080808080808080808080808080
80e16113808080808080808098717c4493808080808080808080808080808080
8080808080437c7da0808080808080809b7d7c7cb98080808080808080808080
808080808080808080e67c7d0c8080808080808089327c7cb980808080808080
f8808080808080808080808080b77c7d4b90808080808080800c7c7cb9808080
800c7c7c458080808080808080808080809f577f7d9d808080808080800d7d7d
80808080809f7c7c4580808080808080808080808080aa7d7c9d808080808080
7c7cb9808080808080806c7c6ab98080808080808080808080809b7d7ccf8d80
8080800c7c7c25b0cf0c0c0c0c0d3d7c7cd58080808080808080808080808932
808080808080800d7d7d7d7d7f7d7d7d7d7f7d7d7dd680808080808080808080
80808080808080808080800c7c7c7c735756727c7c7d7c7c69b9808080808080
8080808080808080808080808080809f5c7c51b29f9fb1b7b7b84343cb808080
8080808080808080808080808080808080808080f07c6ac98080808080808080
808080808080808080808080808080808080808080808080f07c7c6180808080
ca727c79e58080808080808080808080808080808080808080808080f07d7d62
80808080d8767c7cf18080808080808080808080808080808080808080808080
8080808080808080e31a7c6aa680808080808080808080808080808080808080
80808080808080808080808080d47c1280808080808080808080808080808080
8080808080808080808080808080808080808080808080808080808080808080
8080808080808080808080808080808080808080808080808080808080808080
0000000000000000000000000000000080808080808080808080808080808080
8080808080808080808080808080808080808080808080808080808080808080
8080808080808080808080808080808080808080808080808080808080808080
8080808080808080808080808080808080808080808080808080808080808080
8080808080808080808080808080808080808080808080808080808080808080
8080e77ecd808080808080808080808080808080808080808080808080808080
808080808080597d4b8080808080808080808080808080808080808080808080
80808080808080808080477d7e80808080808080808080808080808080808080
8080808080808080808080808080e07d7e808080808080808080808080808080
808080808080808080808080808080808080c9777e8080808080808080808080
8080808080808080808080808080808080808080808080657ea3808080808080
7e7280808080808080808080808080808080808080808080808080027e228080
8080808a737ce4808080808080808080808080808080808080808080808080ed
8080808080808080ff7dee808080808080808080808080808080808080808080
808080808080808080808080807ef48080808080808080808080808080808080
80808080808080808080808080808080807d688a808080808080808080808080
8080808080808080808080808080808080808080806c7de28080808080808080
80808080808080808080808080808080808080808080808080ee7d3280808080
80832a5a808080808080808080808080808080808080808080808080808b7d5a
80808080808010669d8080808080808080808080808080808080808080808080
80808080808080808080107dd580808080808080808080808080808080808080
8080808080808080808080808080105d88808080808080808080808080808080
8080808080808080808080808080808080864420808080808080808080808080
8080808080808080808080808080808080808080808080808080808080808080
8080808080808080808080808080808080808080808080808080808080808080
0000000000000000000000000000000080808080808080808080808080808080
8080808080808080808080808080808080808080808080808080808080808080
8080808080808080808080808080808080808080808080808080808080808080
8080808080808080808080808080808080808080808080808080808080808080
8080808080808080808080808080808080808080808080808080808080808080
8080808080808080808080808080808080808080808080808080808080808080
8080808080808080808080808080808080808080808080808080808080808080
80808080808080809b2343231dc99b8080808080808080808080808080808080
8080808080808080808080841e7d7d7d7d7e7238bc8080808080808080808080
828080808080808080808080808080bf7e7225ff45597d7d7833b28080808080
be567e7df48080808080808080808080808080ec7e3580808080d0237a7d6af4
808080808087367e7edf8080808080808080808080808d207e35808080808080
7e7d2cb7a0808080808087497d00808080808080808080808080ff7e7f64a680
808085207e7d7d7d6e3ae690a0a5c54f7d00808080808080808080808080aa7d
80808080808080e67e7d7d7d7d7e7d5e757d7e7d79d680808080808080808080
80808080808080808080808c647d56e9c8085c7d7d7d7e63e080808080808080
80808080808080808080808080808080dc7e7ebf80808080aedbbb8080808080
808080808080808080808080808080808080808087497d338080808080808080
ff808080808080808080808080808080808080808080808080d57d6b9c808080
80804a7d11808080808080808080808080808080808080808080808080906e7d
808080808080107e71af80808080808080808080808080808080808080808080
80808080808080808080d1757d36808080808080808080808080808080808080
8080808080808080808080808080800a7d7eae80808080808080808080808080
80808080808080808080808080808080808080c85f7e1b808080808080808080
808080808080808080808080808080808080808080808080c643bb8080808080
0000000000000000000000000000000080808080808080808080808080808080
8080808080808080808080808080808080808080808080808080808080808080
8080808080808080808080808080808080808080808080808080808080808080
8080808080808080808080808080808080808080808080808080808080808080
8080808080808080808080808080808080808080808080808080808080808080
8080808080808080808080808080808080808080808080808080808080808080
fb88808080808080808080808080808080808080808080808080808080808080
808080d5614ae7d4808080808080808080808080808080808080808080808022
8080808080808080baca6c705f2ba89280808080808080808080808080808080
80808080808080808080808080a48eb9217d7f7006c0b1808080808080808080
662080808080808080808080808080808080808095c4407d7d7d735554e28080
80809b9bf9d4a4808080808080808080808080808080808080808080d01f6667
8080808080808080b9defeab8080808080808080808080808080808080808080
80808080808080808080808080b04ad580808080808080808080808080808080
80808080808080808080808080808080a3736d8e808080808080808080808080
808080808080808080808080808080808080a541527f34a48080808080808080
808080808080808080808080808080808080808080800e37bfbfa08080808080
80808080808080808080808080808080808080808080808080894c1580808080
8084de7e808080808080808080808080808080808080808080808080808e617e
8080808080808b5c808080808080808080808080808080808080808080808080
80808080808080808080bf7e2d96808080808080808080808080808080808080
8080808080808080808080808080a0607dfd8280808080808080808080808080
80808080808080808080808080808080808080a4487d96808080808080808080
8080808080808080808080808080808080808080808080808702848080808080
8080808080808080808080808080808080808080808080808080808080808080
0000000000000000000000000000000080808080808080808080808080808080
8080808080808080808080808080808080808080808080808080808080808080
8080808080808080808080808080808080808080808080808080808080808080
8080808080808080808080808080808080808080808080808080808080808080
8080808080808080808080808080808080808080808080808080808080808080
8080808080808080808080808080808080808080808080808080808080808080
8080808080808080808080808080808080808080808080808080808080808080
80808080808080808080808080808080808080c00000007f3fc0808080808080
7fc08080808080808080808080808080c000007f7f7f7f7f7f7f7f7f7f008080
0000c0c08080808080808080808080808080c03f7f7f7f7f7f7f7f7f7f7f7f7f
808080808080808080808080808080808080808080007f7f7f7f7f7f7f7f0000
c080808080808080808080808080808080808080808080c07f7f7f7f7f3fc080
7f7f7fc08080808080808080808080808080808080808080808080007f7f7f7f
8080807f7f7f0080808080808080808080808080808080808080808080808000
808080808080c07f7f7f00808080808080808080808080808080808080808080
80808080808080808080007f7f7f008080808080808080808080808080808080
8080808080808080808080808080807f7f7f0080808080808080808080808080
808080808080808080808080808080808080803f7f7f00808080808080808080
8080808080808080808080808080808080808080808080007f7f3f8080808080
3f7f7f7f8080808080808080808080808080808080808080808080c07f7f7f00
80808080c07f7f7f808080808080808080808080808080808080808080808080
8080808080808080807f7f7f3f80808080808080808080808080808080808080
808080808080808080808080803f7f7f7f008080808080808080808080808080
8080808080808080808080808080808080803f7f7f0080808080808080808080
80808080808080808080808080808080808080808080c07f7f00808080808080
0000000000000000000000000000000080808080808080808080808080808080
8080808080808080808080808080808080808080808080808080808080808080
8080808080808080808080808080808080808080808080808080808080808080
8080808080808080808080808080808080808080808080808080808080808080
8080808080808080808080808080808080808080808080808080808080808080
80808080afafab80808080808080808080808080808080808080808080808080
808dc1154f4f4f507d7d79ec8980808080808080808080808080808080808080
8080808099557d7e7d7d7d7e7d7d7d7e38898080808080808080808080808080
8080808080808080217e5e17c4d4ddbcffff477e7e4bb7808080808080808080
808080808080808080808080537d1b8080808080808093477d7d0a8080808080
7d7de980808080808080808080808080537d71ca80808080808080917d7d0a80
8080a8657e158080808080808080808080808080207d7d65a2808080808080e6
7d7d6bc8a2894f7e4693808080808080808080808080808099347e7e7e19a680
80808091006a7d7e70577d5391808080808080808080808080808080808d0b60
8080808080808080808dcd647d7d7d65e6808080808080808080808080808080
808080808080808080808080808080f77e7e7e7e7e7e2ac68080808080808080
7d7d6826808080808080808080808080808095787d53c0f3397d7d7e66029a80
1fffdd527d7d7d008080808080808080808080808080b87e7d75db878dae2277
647e7e7e7e7e7e7f7e71068080808080808080808080808080808f647d7d7d4c
808080808ffb4e4f4e4e4e0cf39b8080808080808080808080808080808080a2
8080808080808080808080808080808080808080808080808080808080808080
8080808080808080808080808080808080808080808080808080808080808080
8080808080808080808080808080808080808080808080808080808080808080
8080808080808080808080808080808080808080808080808080808080808080
8080808080808080808080808080808080808080808080808080808080808080
0000000000000000000000000000000080808080808080808080808080808080
8080808080808080808080808080808080808080808080808080808080808080
8080808080808080808080808080808080808080808080808080808080808080
8080808080808080808080808080808080808080808080808080808080808080
8080808080808080808080808080808080808080808080808080808080808080
8080808080808080808080808080808080808080808080808080808080808080
8080808080829bdb0c472c4c7e0e808080808080808080808080808080808080
80808080808080809d427a6d6d3919cad15ec480808080808080808080808080
8080808080808080808080808bd1f38080808080804426808080808080808080
808080808080808080808080808080808080808080808080801f558080808080
800276a280808080808080808080808080808080808080808080808080f35c87
8080808095762880808080808080808080808080808080808080808080808080
80800b3d80808080e37e0380808080808080808080808080808080808080c50a
808080808080d965d5808080eb7ed28080808080808080808080808080808080
80808080808080808080b97e1a80808b64448280808080808080808080808080
8080808080808080808080808080b97f4f8981017eee80808080808080808080
808080808080808080808080808080808080b97e2f3c377e4180808080808080
80808080808080808080808080808080808080808080b97e129613f491808080
e380808080808080808080808080808080808080808080808080b97ee3808080
8080b97e2780808080808080808080808080808080808080808080808080b97e
8080808080808868078080808080808080808080808080808080808080808080
80808080808080808080b47be380808080808080808080808080808080808080
8080808080808080808080808080a976e3808080808080808080808080808080
8080808080808080808080808080808080808065fe8080808080808080808080
8080808080808080808080808080808080808080808080808080808080808080
0000000000000000000000000000000080808080808080808080808080808080
8080808080808080808080808080808080808080808080808080808080808080
8080808080808080808080808080808080808080808080808080808080808080
b780808080808080808080808080808080808080808080808080808080808080
ab2a7d7c298080808080808080808080808080808080808080808080808bd740
808084e5697c7d79ef8080808080808080808080808080808080808080808080
80808080809b0a7c7c7c63f38080808080808080808080808080808080808080
808080808080808080167c7c13f0d78080808080808080808080808080808080
808080808080808080808080fd7f770489808080808080808080808080808080
80808080808080808080808080808087447d3080808080808080808080808080
80808080808080808080808080808080808080957c7d89808080808080808080
8980808080808080808080808080808080808080808080957c7de28080808080
9b547d7d49fb0314637d128080808080808080808080808080808084367d7604
80808080809bfc677c7c7d7c7c7c1b8080808080808080808080808080808080
8080808080808080808080117c7c6c56feca8780808080808080808080808080
80808080808080808080808080809c677c0c8e80808080808080808080808080
fc8080808080808080808080808080808080aa7c74b280808080808080808080
8080809b72d480808080808080808080808080808080aa7d75b28080808080be
727c7d5fff9f96967c3082808080808080808080808080808080aa7c7c5312a4
80808080aaee3e7c7c7c7c7d7c7c968080808080808080808080808080808406
8080808080808080808080bb131b7c7d7c368480808080808080808080808080
8080808080808080808080808080808080808080808080808080808080808080
8080808080808080808080808080808080808080808080808080808080808080
8080808080808080808080808080808080808080808080808080808080808080
8080808080808080808080808080808080808080808080808080808080808080
0000000000000000000000000000000080808080808080808080808080808080
8080808080808080808080808080808080808080808080808080808080808080
8080808080808080808080808080808080808080808080808080808080808080
8080808080808080808080808080808080808080808080808080808080808080
8080808080808080808080808080808080808080808080808080808080808080
8080808080808080808080808080808080808080808080808080808080808080
8080808080808080808080808080808080808080808080808080808080808080
808080808187ccc6f4d502ebdf02020229546c11727f45c48080808080808080
80808080808080808c7d7d7d7d7d7d7d7d7d7d7d7d7d7d7d7d7d78fd80808080
808080808080808080808080bc7d7d7d7d716e716b6b6b0aefefefefefefbc80
80808080808080808080808080808080832a727d6fb092a28080808080808080
808080808080808080808080808080808080808080800d7d7ded808080808080
6c7d6fcb808bacacacd6af808080808080808080808080808080bc5b7d70ca80
80809cb22d7d7d6e2e417d7d7d7d609680808080808080808080808080808094
808080809f345d7d7d7d7d7d7d7d7d7d7d7d4e99808080808080808080808080
8080808080808080e37d7d7d7d7d7d7d7d7d6d1b00c48a808080808080808080
80808080808080808080808082bdbdbdbdbd0e467d7d6dab8080808080808080
16808080808080808080808080808080808080808080808b1e7d7d2f8f808080
808b1f7d70cf808080808080808080808080808080808080808080808be27d7d
8080808080808a4d7d71a1808080808080808080808080808080808080808080
8080808080808080808080bc6a7dd78080808080808080808080808080808080
80808080808080808080808080808080dc7d75d1808080808080808080808080
8080808080808080808080808080808080808080ad6a7d77cf80808080808080
7d938080808080808080808080808080808080808080808080b46c7d79928080
8080808080808080808080808080808080808080808080808080808080801b7d
0000000000000000000000000000000080808080808080808080808080808080
8080808080808080808080808080808080808080808080808080808080808080
8080808080808080808080808080808080808080808080808080808080808080
8080808080808080808080808080808080808080808080808080808080808080
8080808080808080808080808080808080808080808080808080808080808080
8080d15b80808080808080808080808080808080808080808080808080808080
808080808080105a808080808080808080808080808080808080808080808080
80808080808080808080105a80808bf993808080808080808080808080808080
8080808080808080808080808080105a8080c87ea58080808080808080808080
808080808080808080808080808080808080105a8080c87ea580808080808080
0c8080808080808080808080808080808080808080802b418080e37ee6808080
8080be7b5f8880808080808080808080808080808080808080806b008080cf7e
80802456eeee077a7e0480808080808080808080808080808080808080806b00
808080808080107e7e7f7e7e7e6c808080808080808080808080808080808080
808080808080808080801168bbbbd5457e6d8080808080808080808080808080
8080808080808080808080808080106ea0808084cc3980808080808080808080
8080808080808080808080808080808080801071a48080808080808080808080
80808080808080808080808080808080808080808080107eb780808080808080
d180808080808080808080808080808080808080808080808080107eb7808080
8080b67e1180808080808080808080808080808080808080808080808080d77e
808080808080b67e118080808080808080808080808080808080808080808080
808080808080808080808c611180808080808080808080808080808080808080
808080808080808080808080808080f8f2808080808080808080808080808080
8080808080808080808080808080808080808080808080808080808080808080
8080808080808080808080808080808080808080808080808080808080808080
0000000000000000000000000000000080808080808080808080808080808080
8080808080808080808080808080808080808080808080808080808080808080
8080808080808080808080808080808080808080808080808080808080808080
a88080808080808080808080808080808080808080808080808013e582808080
8080047c55808080808080808080808080808080808080808080808080802f7c
808080808080830f7a1385808080808080808080808080808080808080808080
808080808080808080808080e27cd08080808080808080808080808080808080
808080808080809394808080808080808e5d2580808080808080808080808080
808080808080808080802d6c6cff8a808080808080ee73ca8080808080808080
80808080808080808080808080bd787c7c7c6cbc808080808080451780808080
80808c63ac808080808080808080808080c57954c2287c478b80808080802372
7fbf808080808059228080808080808080808080808071468082267c31808080
808080cd7d3b8080808080155180808080808080808080808080721780809349
80800373ae80808d625c80808080803b51808080808080808080808080802446
8080808080809a7c4e8c8080536da980808080f9518080808080808080808080
80808080808080808080882a7cf78080ef7cce80808080405180808080808080
e98080808080808080808080808080b77c7acf80ef7cce808080806651808080
8d1a672f80808080808080808080808080808085bc6d5da8247cce808080047a
7d7c6c3b417c62dc8080808080808080808080808080808080f97c7c7d7ce180
8082e45f1d0e5b7c730eae808080808080808080808080808080808080d77c7c
8080808080808080808080808080808080808080808080808080808080808080
8080808080808080808080808080808080808080808080808080808080808080
8080808080808080808080808080808080808080808080808080808080808080
8080808080808080808080808080808080808080808080808080808080808080
8080808080808080808080808080808080808080808080808080808080808080
0000000000000000000000000000000080808080808080808080808080808080
8080808080808080808080808080808080808080808080808080808080808080
8080808080808080808080808080808080808080808080808080808080808080
8080808080808080808080808080808080808080808080808080808080808080
8080808080808080808080808080808080808080808080808080808080808080
8080808080808080808080808080808080808080808080808080808080808080
9d687d08d98080808080808080808080808080808080808080808080ae7f378d
8080808080ae787d6ee580808080808080808080808080808080808080808080
80808080808080808080cf677d4d8b808080808080add4898080808080808080
699a808080808080808080808080803a66d6d5808080808080ce7639b6808080
80808097500e07838080808080808080808080b9671cbf80808080808080b723
8080808080808080c37d7daf8080808080808080808080800d7d568080808080
d57d3cb38080808080808080c37d7daf808080808080808080808080017d5fbb
808080808a4d6fa6af80808080808085137d7dc5808080808080808080808080
8080808080808080802f7b573bbbbd80808ce3447d7d7dc48080808080808080
808080808080808080808080801e7d7d7d7c7c79797a7d7d7d7cfc8180808080
8580808080808080808080808080808080af2a7d7d476b7d7d7d7d7d42f58080
808080808080808080808080808080808080808080a7387db6868c8f8ffd149a
0b808080808080808080808080808080808080808080808080c87d318c808080
8098687d42808080808080808080808080808080808080808080808080c87d6d
808080808080053a4b8080808080808080808080808080808080808080808080
80808080808080808080dc277980808080808080808080808080808080808080
8080808080808080808080808080808c02808080808080808080808080808080
8080808080808080808080808080808080808080808080808080808080808080
8080808080808080808080808080808080808080808080808080808080808080
0000000000000000000000000000000080808080808080808080808080808080
8080808080808080808080808080808080808080808080808080808080808080
8080808080808080808080808080808080808080808080808080808080808080
8080808080808080808080808080808080808080808080808080808080808080
8080808080808080808080808080808080808080808080808080808080808080
8080c0003f7f007f000000c08080808080808080808080808080808080808080
8080808080c07f7f7f7f7f7f7f3f7f7fc0808080808080808080808080808080
8080808080808080c07f7f7f7f7f7f7f7f7f7f7f008080808080808080808080
808080808080808080808080007f7f7f3f0080c000000000c080808080808080
80808080808080808080808080808080007f7f7f008080808080808080808080
0080808080808080808080808080808080808080c07f7f7f3f0000c080808080
7f7f7f7f7fc0808080808080808080808080808080808080803f7f7f7f7f7f7f
8080807f7f7f7f7f7f7f00808080808080808080808080808080808080c03f7f
8080808080c03f7f7f7f7f7f7f7f7f8080808080808080808080808080808080
8080808080808080803f7f7f7f7f7f7f7f7f3f80808080808080808080808080
808080808080808080808080007f7f7f7f000000000080808080808080808080
808080808080808080808080808080803f7f7f7fc08080808080808080808080
c0808080808080808080808080808080808080807f7f7f7f8080808080808080
7fc0803f7f008080808080808080808080808080808080807f7f7f7f80808080
807f7f7f7f7f3f7f7f3f008080808080808080808080808080808080007f7f7f
8080808080007f7f7f7f7f7f7f7f808080808080808080808080808080808080
80808080808080808080c07f7f7f7f7f7f7f8080808080808080808080808080
808080808080808080808080808080c0007f7f7f3f8080808080808080808080
8080808080808080808080808080808080808080808080808080808080808080
8080808080808080808080808080808080808080808080808080808080808080
0000000000000000000000000000000080808080808080808080808080808080
8080808080808080808080808080808080808080808080808080808080808080
8080808080808080808080808080808080808080808080808080808080808080
8080808080808080808080808080808080808080808080808080808080808080
8080808080808080808080808080808080808080808080808080808080808080
808080808080948e808080808080808080808080808080808080808080808080
808080abdcdcdcdcb9046859ef80808080808080808080808080808080808080
808080808095097b7e7e7e7e7c7e7e7e7c1f8680808080808080808080808080
808080808080808083327e72450505486a7e7e7e7e7e4da58080808080808080
5f9180808080808080808080017e34a680808080a0480afc48607e60a0808080
8080c3797ef7858080808080808080f1706b8880808080808084808084a16f7e
80808080808080e27e7ebf80808080808080807e7ed480808080808080808080
8080808080808080808080846c7e5080808080808080807e7ec4808080808080
7ec98080808080808080808080808080f57c7e80808080808080807e7ec48080
808080427e008080808080808080808080808080ae747e808080808080808078
808080808080800d7e779580808080808080808080808080c37e7f8080808080
7e7e238080808080808080a4687e5ecc838080808080808080808081ca7e7f80
e30639787e5e9e808080808080808080944f7e7e40f1a88080808080808080df
7e7e7e7e7e7e7e7c229c8080808080808080808080890b697e7e7348060606be
80b5dbfa3a3a3a543a3a2cb78080808080808080808080808080809bfe787e7e
80808080808080808080808b8080808080808080808080808080808080808080
8080808080808080808080808080808080808080808080808080808080808080
8080808080808080808080808080808080808080808080808080808080808080
8080808080808080808080808080808080808080808080808080808080808080
8080808080808080808080808080808080808080808080808080808080808080
0000000000000000000000000000000080808080808080808080808080808080
8080808080808080808080808080808080808080808080808080808080808080
8080808080808080808080808080808080808080808080808080808080808080
8080808080808080808080808080808080808080808080808080808080808080
8080808080808080808080808080808080808080808080808080808080808080
8080808080808080808080808080808080808080808080808080808080808080
8080808080808080808080808080808080808080808080808080808080808080
8080808080808080808080808080ac8d8d908080808080808080808080808080
7d358080808080808080808080809400376a71504f7c7b7b74657b7b7b5e8080
8d8d8d8d8c80808080808080808098e42037797e7e7e7e7e7e7e7e7e7e7e7e7e
808080808080808080808080808080808080ea7f7e7e7e7e6f0af30de3d88d8d
80808080808080808080808080808080808080808080797e7e6d28b68d808080
5f9b8080808080808080808080808080808080808080808080807e7e6db68080
8080e97e7f12808080808080808080808080808080808080808080808080307e
808080808080801f7e5eaa808080808080808080808080808080808080808080
8080808080808080808080c16e7e5f9a80808080808080808080808080808080
80808080808080808080808080808080cd7d7e529b8080808080808080808080
808080808080808080808080808080808080808080dc7c7e3f85808080808080
7e73cb80808080808080808080808080808080808080808080803b7e7e0b8080
808080a3657e6498808080808080808080808080808080808080808080808e3e
8080808080808080b87e7e509880808080808080808080808080808080808080
8080808080808080808080808f077e7e43838080808080808080808080808080
80808080808080808080808080808080808f257e7eee80808080808080808080
808080808080808080808080808080808080808080809f327e41808080808080
80808080808080808080808080808080808080808080808080808080c4ab8080
0000000000000000000000000000000080808080808080808080808080808080
8080808080808080808080808080808080808080808080808080808080808080
8080808080808080808080808080808080808080808080808080808080808080
8080808080808080808080808080808080808080808080808080808080808080
7e7e7e7ed6808080808080808080808080808080808080808080808080808080
f620787c7d7d7d7d7ada80808080808080808080808080808080808080808007
8080e7687d7d7d7d7d7d7d7d7d588080808080808080808080808080808080ad
8080808080806a7d7d7d7d2ab1b0607d7d7b1080808080808080808080808080
808080808080808080157b7d7d2ab186808092367d7d7bdf8080808080808080
75a880808080808080808080aa757d7d5d9a8080808080bd7d7d7d61d8808080
9b617d7d7df680808080808080808080f57d7d5daa80808080808087097d7d7d
8080808080ba7d7d7df680808080808080808080f57d7d1c8080808080808080
80808080808080808088317d7d1780808080808080808080f57d7d1c80808080
777d7d1c80808080808080808080ba7d7d7880808080808080808080597d7d1c
808080805c7d7d1c80808080808080808080f87d7d1a80808080808080808080
8080808080808080f57d7d2e868080808080808080801b7d7d50808080808080
7df680808080808080808080f57d7d7d068780808080808080801b7d7d208080
80a1587d76ad80808080808080808080e67c7d7d7dc386808080808080801b7d
2e161600a8587d7d71808080808080808080808080147b7d7d7d069b87808080
7d7d7d7d7d7d7d7d7d7d7d73e980808080808080808080808080577b7d7d7d7d
808080adf5371c525d7d7d7a7d7d7d6580808080808080808080808080808019
808080808080808080808080dffbfbd36a0b2180808080808080808080808080
8080808080808080808080808080808080808080808080808080808080808080
8080808080808080808080808080808080808080808080808080808080808080
8080808080808080808080808080808080808080808080808080808080808080
0000000000000000000000000000000080808080808080808080808080808080
8080808080808080808080808080808080808080808080808080808080808080
8080808080808080808080808080808080808080808080808080808080808080
8080808080808080808080808080808080808080808080808080808080808080
7f7e7e7e7e7e7108af8080808080808080808080808080808080808080808080
b6437d6a5a3f07677d7d7d7d64a180808080808080808080808080808088024a
8080808f327d11a58080809f3d7c7d7d70ab8080808080808080808080808080
808080808080801e7d0d83808080808080c43636d28080808080808080808080
80808080808080808080d5713686808080808080808080808080808080808080
80808080808080808080808080802a7df5808080808080808080808080808080
8080808080808080808080808080808080802a7db08080808080808080808080
808080808080808080808080808080808080808080802a7db080808080808080
26808080808080808080808080808080808080808080808080802a7dfb808080
80808c4b408a808080808080808080808080808080808080808080808080d87d
808080808080803c7df285808080808080808080808080808080808080808080
8080808080808080808080d17d7d8c8080808080808080808080808080808080
31a08080808080808080808080808082127d3d8680808080869102b684808080
5249e6577d389880808080808080808080808080a56c7dff8087f914427d7d7d
7d7d6ada8780808d4a7da48080808080808080808080808080ff7b76263a7d7d
9d047b7d7d7d6e1daf808ae96f7da4808080808080808080808080808080717d
80808080067d7bd8b65f7d7d6e5b5f7d7d2e9680808080808080808080808080
80808080808080f97a7dd380808cec6a7d7d7d68b28480808080808080808080
8080808080808080808080808080808080808080808080808080808080808080
8080808080808080808080808080808080808080808080808080808080808080
8080808080808080808080808080808080808080808080808080808080808080
0000000000000000000000000000000080808080808080808080808080808080
8080808080808080808080808080808080808080808080808080808080808080
8080808080808080808080808080808080808080808080808080808080808080
8080808080808080808080808080808080808080808080808080808080808080
8080808080808080808080808080808080808080808080808080808080808080
8080808080808080808080808080808080808080808080808080808080808080
808080800a7f7e6678501aad8080808080808080808080808080808080808080
808080808080809f557e7e7e7e7e7e4da8808080808080808080808080808080
8080808080808080808080fd7e7e7e6c7e7e7e7e529180808080808080808080
808080808080808080808080808080287e7e179aa8187e7e7ee2808080808080
7cb580808080808080808080808080808080804d7e7e4f8a80ac4a7e7e268080
7e7e7e7e3d808080808080808080808080808080808080fd7e7e7e3408d3727e
497e7e7e7e7e51b883808080808080808080808080808080808080bf7e7e7e7e
80808080dc6e7e7e7e64d8808080808080808080808080808080808080808081
808080808080808080bd7e7e7e78e78080808080808080808080808080808080
8080808080808080808080808082267d7e7e78db808080808080808080808080
80808080808080808080808080808080808080f12a7e7e66e480808080808080
7e63df80808080808080808080808080808080808080808090657e7e7ddf8080
80944a7e7e7e64a6808080808080808080808080808080808080808080057e7e
808080808080954a7e7e7e418080808080808080808080808080808080808080
8080808080808080808080da727e7e76db808080808080808080808080808080
808080808080808080808080808080800d7e7e7e72a380808080808080808080
808080808080808080808080808080808080808097397e7e5680808080808080
8080808080808080808080808080808080808080808080808098777e37808080
8080808080808080808080808080808080808080808080808080808080808080
0000000000000000000000000000000080808080808080808080808080808080
8080808080808080808080808080808080808080808080808080808080808080
8080808080808080808080808080808080808080808080808080808080808080
8080808080808080808080808080808080808080808080808080808080808080
8080808080808080808080808080808080808080808080808080808080808080
80808080e97f5b97808080808080808080808080808080808080808080808080
80808080808080801e7d7daa8080808080808080808080808080808080808080
8080808080808080808080801e7d7dc380808080808080808080808080808080
808080808080808080808080808080801e7d7d20808080808080808080808080
80808080808080808080808080808080808080801e7d7d208080808080808080
8080808080808080808080808080808080808080808080801e7d7d2080808080
1e7d7d208080808080808080808080808080808080808080808080801e7d7d20
8080808f5a7d7dd6808080808080808080808080808080808080808080808080
80808080808080977d7d7daa8080808080808080808080808080808080808080
8080808080808080808080977d7d7daa80808080808080808080808080808080
808080808080808080808080808080977d7d7daa808080808080808080808080
80808080808080808080808080808080808080977d7d7daa8080808080808080
80808080808080808080808080808080808080808080808b4d7d7daa80808080
1e7d7dc08080808080808080808080808080808080808080808080801e7d7daa
80808080ca7d7d4b8c8080808080808080808080808080808080808080808080
808080808080808089407d208080808080808080808080808080808080808080
80808080808080808080808080307d7195808080808080808080808080808080
8080808080808080808080808080808080152aef828080808080808080808080
8080808080808080808080808080808080808080808080808080808080808080
8080808080808080808080808080808080808080808080808080808080808080
0000000000000000000000000000000080808080808080808080808080808080
8080808080808080808080808080808080808080808080808080808080808080
8080808080808080808080808080808080808080808080808080808080808080
8080808080808080808080808080808080808080808080808080808080808080
8080808080808080808080808080808080808080808080808080808080808080
8080808080808080808080808080808080808080808080808080808080808080
8080808080808080808080808080808080808080808080808080808080808080
80808080808080935662a6808080808080808080808080808080808080808080
8080808080808080808080a0757d5fb099998d998b8080809399998e80808080
4d5d54f6808080808080808080808080177d7d7d7d7d517d471d07c1667d7d11
c8c8a69580988b8080808080808080808080808090357d7d7d7d7e7d7d7d665b
39878080808080808080808080808080808080808080808080ae6f7d38c8c8c8
8080c87d7dfc808080808080808080808080808080808080808080808080e57d
808080808080ad6b7d1180808080808080808080808080808080808080808080
808080808080bf27eeee0f797d40eeeeeedf8080808080808080808080808080
80808080808080808080d77d7d7d7d7d7d7d7e7d7d7cd2808080808080808080
80808080808080808080808080808080d11538767e7e747267e9808080808080
8080808080808080808080808080808080808080808080cc7a7d8d8080808080
597dde80808080808080808080808080808080808080808080808080597d8d80
80808080597d0580808080808080808080808080808080808080808080808080
8080808080808080367d62808080808080808080808080808080808080808080
808080808080808080808080e07d7e8080808080808080808080808080808080
80808080808080808080808080808080e07d7e80808080808080808080808080
8080808080808080808080808080808080808080e07d7e808080808080808080
808080808080808080808080808080808080808080808080b372d18080808080
0000000000000000000000000000000080808080808080808080808080808080
8080808080808080808080808080808080808080808080808080808080808080
8080808080808080808080808080808080808080808080808080808080808080
8080808080808080808080808080808080808080808080808080808080808080
7e662fb680808080808080808080808080808080808080808080808080808080
8080bb727e75516cc28080808080808080808080808080808080808080808004
808080808080167e13a1b54e6ca9808080808080808080808080808080808080
80808080808080808080f172a08080885a358080808080808080808080808080
8080808080808080808080808080cb6ca0808082e9c880808080808080808080
808080808080808080808080808080808080d05e209080808080808080808080
8080808080808080808080808080808080808080808080177e578a8080808080
ac757e7a0f88808080808080808080808080808080808080808080982d7e59be
80808080407e7e7e7e0380808080808080808080808080808080808080808080
808080808081fe2f1765246f60ad808080808080808080808080808080808080
8080808080808080ad2a7e649c80808080808080808080808080808080808080
808080808080808080808080067e148980808080808080808080808080808080
80808080808080808080808080808080335c8880808080808080808080808080
80808080808080808080808080808080808080806f3880808080808080808080
8480808080808aa3808080808080808080808080808080801a7ec08080808080
802e7e7e148380808080f8228c808080808080808080808080808080947e4fd7
808080808091467e7e61d9988ca450759c808080808080808080808080808080
8080808080808080808087d06a7f7e7471777f3d808080808080808080808080
8080808080808080808080808080808080808080808080808080808080808080
8080808080808080808080808080808080808080808080808080808080808080
8080808080808080808080808080808080808080808080808080808080808080
0000000000000000000000000000000080808080808080808080808080808080
8080808080808080808080808080808080808080808080808080808080808080
8080808080808080808080808080808080808080808080808080808080808080
8080808080808080808080808080808080808080808080808080808080808080
8080808080808080808080808080808080808080808080808080808080808080
8080808080808080808080808080808080808080808080808080808080808080
8080808080808080808080808080808080808080808080808080808080808080
808080808080808080808090ba0c0c0c00a58480808080808080808080808080
8080808080808080808080808080d0577d7d7d7d7d7d42f6af80808080808080
736cbf808080808080808080808080808022777bfcaa9494a11b657d46e68080
80808080fe7d7280808080808080808080808080b3747de980808080808086e9
8080808080808080f27d7f80808080808080808080808080c87d478580808080
8c6374a3808080808080808093c0e780808080808080808080808080c87d4080
8080808080097dff808080808080808080808080808080808080808080808080
808080808080808080830e7df880808080808080808080808080808080808080
80808080808080808080808080809b557dc58080808080808080808080808080
808080808080808080808080808080808080809c3766f8808080808080808080
42808080808080808080808080808080808080808080808083347a2096808080
697d7d7d7a1a8d808080808080808080808080af92808080808080a090cf4f7d
1a0f0dc5d3d3d3d3027dc5808080808080808080808080736a01496464645f6b
97808f80808080808080808093a4848080808080808080808080807d650f56db
80808080808080808080808080808080808080808080808080808080808080a4
8080808080808080808080808080808080808080808080808080808080808080
8080808080808080808080808080808080808080808080808080808080808080
8080808080808080808080808080808080808080808080808080808080808080
0000000000000000000000000000000080808080808080808080808080808080
8080808080808080808080808080808080808080808080808080808080808080
8080808080808080808080808080808080808080808080808080808080808080
8080808080808080808080808080808080808080808080808080808080808080
8080808080808080808080808080808080808080808080808080808080808080
8080808080808080808080808080808080808080808080808080808080808080
8080808082fe7f4ac68080808080808080808080808080808080808080808080
80808080808080808a7d7d7d6fc8808080808080808080808080808080808080
8080808080808080808080808d7d26417d729180808080808080808080808080
80808080808080808080808080808080f77dbc87347d4ab48080808080808080
74c2808080808080808080808080808080808080197dbc808ee77853c8808080
691db4127d689080808080808080808080808080808080802f7d69fb8980067a
875c7d7d7d7d79507d75b68080808080808080808080808080808080b47d7d7d
80808080808d3a7c7d7d707d7d5c808080808080808080808080808080808080
80808080808080808080800b7d7dafdcdcab8080808080808080808080808080
808080808080808080808080808080840d7d2480808080808080808080808080
8080808080808080808080808080808080808080b67d7cd28080808080808080
a8808080808080808080808080808080808080808080808092597d1e80808080
8080627d19808080808080808080808080808080808080808080808080cd7772
808080808080e67d5f8880808080808080808080808080808080808080808080
80808080808080808080957d7d8b808080808080808080808080808080808080
808080808080808080808080b6f6ba7d7df68080808080808080808080808080
80808080808080808080808080808080a76e7d7d7dab80808080808080808080
808080808080808080808080808080808080808080c4487d2b82808080808080
8080808080808080808080808080808080808080808080808080808080808080
0000000000000000000000000000000080808080808080808080808080808080
8080808080808080808080808080808080808080808080808080808080808080
8080808080808080808080808080808080808080808080808080808080808080
8080808080808080808080808080808080808080808080808080808080808080
8080808080808080808080808080808080808080808080808080808080808080
8080808080808080808080808080808080808080808080808080808080808080
8080808080808080808080808080808080808080808080808080808080808080
8080808080800a7e7f7e7e7e4ff6a08080808080808080808080808080808080
808080808080808080a5647d7d7d7d7d7d7d6f6a6a6a6af4ca80808080808080
7d7de180808080808080808080e07d7d7d7d7d7d7d7d7d7d7d7d7d7d743f9d80
7d7d7d7d7d78d480808080808080808080975e7d7d7d7d7d7d7d7d7d7d7d7d7d
8080cbe7e7e7e75d03d6808080808080808080808080547d7d7d7d115b5b747d
7d7d7d48d6808080808080808080808080808080808080808080547d7d7d7d8f
808082057d7d7d7d4b9580808080808080808080808080808080808080800d7d
80808080808080b67d7d7d7d7d43998080808080808080808080808080808080
80808080808080808080808a0b617d7d7d7d4299808080808080808080808080
8080808080808080808080808080808080af667d7d7d7d3e8080808080808080
7b108880808080808080808080808080808080808080ae797d7d7d74d7808080
d97d7d7d7d7dd2808080808080808080808080808080808080808025797d7d7d
8080808085177d7d7d7d78d98080808080808080808080808080808080808080
80808080808080808089417d7d7d7d73dd808080808080808080808080808080
8080808080808080808080808080c1677d7d7d7d408080808080808080808080
8080808080808080808080808080808080809a547d7d7d70d780808080808080
8080808080808080808080808080808080808080808080ce7d7d7d2180808080
8080808080808080808080808080808080808080808080808080808cf77dfc90
0000000000000000000000000000000080808080808080808080808080808080
8080808080808080808080808080808080808080808080808080808080808080
8080808080808080808080808080808080808080808080808080808080808080
8080808080808080808080808080808080808080808080808080808080808080
8080808080808080808080808080808080808080808080808080808080808080
8080808080808080808080808080808080808080808080808080808080808080
8080808080808080808080808080808080808080808080808080808080808080
80808080808080808080b16cce88808eb32efb80808080808080808080808080
8080808080808080808080808080237c7c493e537c7c7d808080808080808080
8080808080808080808080808080808080a6777c7c7d7c7c7c7c7d8080808080
957c7dea8080808080808080808080808080808080aa7c7c7c7d571ae27c7dc7
80808080957d7feb8080808080808080808080808080808080aa7c6caaaa9280
80137c6880808080957c7dea8080808080808080808080808080808080bc7d69
8080808080137c6880808080957c7dea80808080808080808080808080808080
808080808080808080137c6880808080957c63d0808080808080808080808080
80808080808080808080808080137c68808080808c13aa808080808080808080
8080808080808080808080808080808080137d69808080808080808080808080
808080808080808080808080808080808080808080137c688080808080808080
80808080808080808080808080808080808080808080808080137c6880808080
80137c6880808080808080808080808080808080808080808080808080137c68
8080808080517d69808080808080808080808080808080808080808080808080
8080808080808080807c7c688080808080808080808080808080808080808080
808080808080808080808080807c7c6880808080808080808080808080808080
80808080808080808080808080808080807c7c68808080808080808080808080
8080808080808080808080808080808080808080802459af8080808080808080
0000000000000000000000000000000080808080808080808080808080808080
8080808080808080808080808080808080808080808080808080808080808080
8080808080808080808080808080808080808080808080808080808080808080
8080808080808080808080808080808080808080808080808080808080808080
7346d280808080808080808080808080808080808080808080830c28cf808080
808f7e7e7e7e7dd88380808080808080808080808080808080808080808f7e7e
808080808084064f7e7e7e7eb280808080808080808080808080808080808080
808080808080808080808089e96e7e7e30888080808080808080808080808080
80808080808080808080808080808080809e7b7e7f1180808080808080808080
80808080808080808080808080808080808080808080af617e56938080808080
177f6b808080808080808080808080808080808080808080808080e77b7e4780
80808080067e6b80808080808080808080808080808080808080808080808080
2b45e49180808080a8627bc38080808080808080808080808080808080808080
808080e77e7e7e79cb80808080357bc68080808080808080808080808080808a
808080808080806a7e7e7e7e5d93808080356b80808080808080808080808080
80808080808080808080806a5827747e7eec808080356b808080808080808080
8080808080808080808080808080806a4d8ac9727e3a82808a4c6b8080808080
7e7ee7808080808080808080808080808080802e7edc80f77e7e8688067f6280
7e7e7e7e7d3584808080808080808080808080808080809a7e7ae9137e7ec82f
9b386a7e7e7e7e7e0680808080808080808080808080808080808084377e7e7e
8080808080809e0516696ec88380808080808080808080808080808080808080
8080808080808080808080808080808080808080808080808080808080808080
8080808080808080808080808080808080808080808080808080808080808080
8080808080808080808080808080808080808080808080808080808080808080
8080808080808080808080808080808080808080808080808080808080808080
0000000000000000000000000000000080808080808080808080808080808080
8080808080808080808080808080808080808080808080808080808080808080
8080808080808080808080808080808080808080808080808080808080808080
8080808080808080808080808080808080808080808080808080808080808080
7e7e7e24df9080808080808080808080808080808080808088034009b7929282
617e7e7e7e7e7e7e7e4f17a980808080808080808080808080808080327e7e7e
808080c2777e14c1c11b517e7e7e7e3e80808080808080808080808080808080
80808080808080d97e7ef280808092af267e6ec5808080808080808080808080
8080808080808080808080d97e7ef28080808080829d98808080808080808080
808080808080808080808080808080d97e7a8880808080808080808080808080
80808080808080808080808080808080808080d97e7ef2808080808080808080
8080808080808080808080808080808080808080808080ca7a7e3c8080808080
e67b7e3b808080808080808080808080808080808080808080808080617e78c3
8080808080737e659d8080808080808080808080808080808080808080808080
808080808080808080737e7e539b808080808080808080808080808080808080
80808080808080808080808080c17e7e7e7b7a7a7a7a64ae8380808080808080
62ae80808080808080808080808080809b117e7e7e7f7e7e7e7e7e7ec4808080
7e7e7e7e7e1a80808080808080808080808080d0747e7e7e7e7e7e7e7e7e7e7e
80a9367e7e7e7e7e7e1a80808080808080808080808e1a717e7e5a2ae26f7e7e
9580808080808dd77c7e7e7e7e1a808080808080808080808c2e7e7e5cf29880
d207a380808080808080808096157e7e589b80808080808080808080d27e33b9
8080808080808080808080808080808080808080808080808080808080808080
8080808080808080808080808080808080808080808080808080808080808080
8080808080808080808080808080808080808080808080808080808080808080
8080808080808080808080808080808080808080808080808080808080808080
0000000000000000000000000000000080808080808080808080808080808080
8080808080808080808080808080808080808080808080808080808080808080
8080808080808080808080808080808080808080808080808080808080808080
8080808080808080808080808080808080808080808080808080808080808080
8080808080808080808080808080808080808080808080808080808080808080
8080808080808080808080808080808080808080808080808080808080808080
8080808080808080808080808080808080808080808080808080808080808080
8080808080808080808080918091809ea7c03cdb808080808080808080808080
8080808080808080808080809f393957395739707e7e7e448080808080808080
80808080808080808080808080808080097e7e797979346270557ef880808080
808f3778be808080808080808080808080808080177e75808080808080bb7e39
808080808080b47951958080808080808080808080808080c67e7cca80808080
a3727ef880808080808080307edb8080808080808080808080808080ab7e7ee3
80808080803d7e4f80808080808080abde8b8080808080808080808080808080
808080808080808080367e4f8080808080808080808080808080808080808080
80808080808080808080808080d17e4f80808080808080808080808080808080
8080808080808080808080808080808080d17e4f808080808080808080808080
808080808080808080808080808080808080808080d17e4f8080808080808080
bc808080808080808080808080808080808080808080808080be785a8f808080
8080637e2480808080808080808080808080808080808080808080808080637e
808080808080637e288080808080808080808080808080808080808080808080
80808080808080808080637e2880808080808080808080808080808080808080
8080808080808080808080808080277e588d8080808080808080808080808080
808080808080808080808080808080808080f77e7e9680808080808080808080
8080808080808080808080808080808080808080808096553584808080808080
0000000000000000000000000000000080808080808080808080808080808080
8080808080808080808080808080808080808080808080808080808080808080
8080808080808080808080808080808080808080808080808080808080808080
8080808080808080808080808080808080808080808080808080808080808080
8080808080808080808080808080808080808080808080808080808080808080
e280cb8680808080808080808080808080808080808080808080808080808080
f47e7e795080de6e43ef8f808080808080808080808080808080808093de3239
80808080db797e75d1808099377645ebb2948080808080808080808080808080
808080808080808080b5327e7dfd818080d65d7e7e66d4928080808080808080
eb808080808080808080808080808803717e4abe808084f6597e7e0580808080
80b1517e76ac80808080808080808080808080809d5c7e70be808080ad557e74
7e4691808080b77e7edf8080808080808080808080808080809b5d7e719f8080
8080808a4d7e4caaa710697e5b9b808080808080808080808080808080809c5a
8080808080808080985f7e69747e7e78f3808080808080808080808080808080
8080808080808080808089f34f7e7e7e7528d4a6808080808080808080808080
80808080808080808080808081d053746d23667e6c8e80808080808080808080
80808080808080808080808080808088027e61a58080e37e7ee3808080808080
7ee08080808080808080808080808080808080b37e2a828080808c657ec78080
8080927e7ed08080808080808080808080808080808080467ed180808080927e
743781808080ce7e56858080808080808080808080808080808080f77e038080
80808080327efe8280985f7dc0808080808080808080808080808080808080bf
80808080808080809b597e31f75e6ed780808080808080808080808080808080
8080808080808080808080808099e544441a9280808080808080808080808080
8080808080808080808080808080808080808080808080808080808080808080
8080808080808080808080808080808080808080808080808080808080808080
0000000000000000000000000000000080808080808080808080808080808080
8080808080808080808080808080808080808080808080808080808080808080
8080808080808080808080808080808080808080808080808080808080808080
8080808080808080808080808080808080808080808080808080808080808080
8080808080808080808080808080808080808080808080808080808080808080
7ec38080808080808080808a8380808080808080808080808080808080808080
8083257d7d3c8580808080808080a363bd808080808080808080808080809956
8080808080987d7d7d7db18080808080809e347d368680808080808080808080
808080808080808080883c7d7d7dc8808080808080007d7d7da5808080808080
7dc8808080808080808080808080be697d7d29808080808080287d7d7da58080
80287d7d7d1d80808080808080808080808080287d7d428b8080808080287d7d
7d6e6b200f497d7d7d1d80808080808080808080808080287d7d7d2708b3a980
3b7d7d7d7d7e7d7d7d7d7d7d7d1d80808080808080808080808080fb7d7d7d7d
80808080347d7d7d7d7e7d7d7d7d7d7d7d1d8080808080808080808080808085
8080808080808080f67e7f7e79797e7e7e7e7e7e7e7a98808080808080808080
808080808080808080808494c87d7d7d11b42b677d7d7d7d6ad5808080808080
80808080808080808080808080809f5f627d7d7dc7808089e030593793808080
80808080808080808080808080808080808080117d7d7d7d9980808080808080
648a8080808080808080808080808080808080808080808e2c7d7d7df0808080
80187d7d7db580808080808080808080808080808080808080808080ab6c7d7d
80808080808a537d7dd880808080808080808080808080808080808080808080
808080808080808080804d7d7d8d808080808080808080808080808080808080
8080808080808080808080808080137d4a878080808080808080808080808080
8080808080808080808080808080808080808080808080808080808080808080
8080808080808080808080808080808080808080808080808080808080808080
0000000000000000000000000000000080808080808080808080808080808080
8080808080808080808080808080808080808080808080808080808080808080
8080808080808080808080808080808080808080808080808080808080808080
8080808080808080808080808080808080808080808080808080808080808080
8080808080808080808080808080808080808080808080808080808080808080
8080808080808080808080808080808080808080808080808080808080808080
8080808080808080808080808080808080808080808080808080808080808080
80808080808080808fe5c48ce5e5422e7f182afda58080808080808080808080
8080808080808080808080912a7d6c4e7d7d7d7d7d7d7d7ddd80808080808080
838080808080808080808080808080dc7d7d7d7d7d7d7d7d7d7d7d7ddd808080
8884a280808080808080808080808080808080dc7d7d7d7d7d7d447d2c25539e
fc80808080808080808080808080808080808080808080964e7d7d7d1abd98bd
a2567d7d7696808080808080808080808080808080808080808080803f7d7d7d
8080808080097d7d7d0880808080808080808080808080808080808080808080
808080808080808080c3757d7d58a98080808080808080808080808080808080
8080808080808080808080808080e17d7d7d5a80808080808080808080808080
808080808080808080808080808080808080994c7d7d76e88380808080808080
3980808080808080808080808080808080808080808080ed7d7d7d7deb808080
80667d7d398080808080808080808080808080808080808080808084ed777d7d
8080808080667d7d398080808080808080808080808080808080808080808080
808080808080808080407d7d73c9808080808080808080808080808080808080
80808080808080808080808080ca7b7d7dda8080808080808080808080808080
808080808080808080808080808080808080307d7d2d80808080808080808080
80808080808080808080808080808080808080808080b17d6ec3808080808080
8080808080808080808080808080808080808080808080808080967d39808080
0000000000000000000000000000000080808080808080808080808080808080
8080808080808080808080808080808080808080808080808080808080808080
8080808080808080808080808080808080808080808080808080808080808080
8080808080808080808080808080808080808080808080808080808080808080
8080808080808080808080808080808080808080808080808080808080808080
8080808092257d7d7d7f7d7d1cc4808080808080808080808080808080808080
8080808080808080ea7c7c7c7c7d7c7c7c6df080808080808080808080808080
808080808080808080808080ea7c7ca89595a620676707808080808080808080
80808080808080808080808080808080ea7c7cb0808080808080808080808080
808080808080808080808080808080808080808092507c5fa480808080808080
7c37a480808080808080808080808080808080808080808080a3737d1d998080
727c7c7c7c7d5fff9480808080808080808080808080808080808080a4e66d7c
80954a7c7d571ad419587c7c1980808080808080808080808080808080809319
0deb8080a3617c7cfa9280808092247ce4808080808080808080808bab808080
80808080a35f63e9fa7d60a48080808080808080808080808080808080808087
808080808080808080a03d7d7c7cdc8080808080808080808080808080808080
80808080808080808080808080808e217c7cd588808080808080808080808080
80808080808080808080808080808080808080ea7c7c7c45b780808080808080
546cc58480808080808080808080808080808080808080927c7c7c7c6cd98080
c47c7c39a9597ce580808080808080808080808080808080808080803f7d75cc
8080808084067b7c40f07c6aab80808080808080808080808080808080808080
80808080808080808080067c7d7c7c7cd5808080808080808080808080808080
808080808080808080808080808084f03f7c7c7cd58080808080808080808080
8080808080808080808080808080808080808080808080808080808080808080
8080808080808080808080808080808080808080808080808080808080808080
0000000000000000000000000000000080808080808080808080808080808080
8080808080808080808080808080808080808080808080808080808080808080
8080808080808080808080808080808080808080808080808080808080808080
47868080808080808080808080808080808080808080808081dd7e2ead808080
8a4ee0487dcf808080808080808080808080808080808080808080808b7d7d7d
80808080808080287d66a1808080808080808080808080808080808080808080
8080808080808080808080c76c7dce8080808080808080808080808080808080
80808080808080808080808080808080127d2980808080808080808080808080
8080808080808080808080808080808080808080bc7d6e9e8080808080808080
808080808080808080808080808080808080808080808080bc7d7da580808080
bc7d7d1d808080808080808080808080808080808080808080808080bc7d7d12
80808080bc7e7e1e80808080808080808080808080809d1b4acc808080808080
7d7d7dd280808080bc7d7d1d808080808080808080808080809f5c7e7e51d281
ef7d58e008677d5192808080bc7d7d0c80808080808080808080808095597d7d
808080801c7d428080a0567e10808080bc7d7da5808080808080808080808080
8080808080808080007d428080809f767a258080d97d699c8080808080808080
808080808080808080808080893c6fe68e8080f47d6d9cc86c7d078080808080
67b7808080808080808080808080808080007d7d2fb580807d7d606d7d65a180
7d7d7d69ef8080808080808080808080808080808087107d7d7026557d7d7d7d
b104727e7804f48980808080808080808080808080808080808086f4687d7d7e
8080808080808080808080808080808080808080808080808080808080808080
8080808080808080808080808080808080808080808080808080808080808080
8080808080808080808080808080808080808080808080808080808080808080
8080808080808080808080808080808080808080808080808080808080808080
8080808080808080808080808080808080808080808080808080808080808080
0000000000000000000000000000000080808080808080808080808080808080
8080808080808080808080808080808080808080808080808080808080808080
8080808080808080808080808080808080808080808080808080808080808080
8080808080808080808080808080808080808080808080808080808080808080
8080808080808080808080808080808080808080808080808080808080808080
80557df680808080808080808080808080808080808080808080808080577ef7
8080808080557df6808080808080808080808080808080808080808080808080
808080808080808080557d0a8a80808080808080808080808080808080808080
80808080808080808080808080557d7d06808080808080808080808080808080
8080808080808080808080808080808080dd7d7d7e8080808080808080808080
80808080808080808080808080808080808080808083e77d7f27808080808080
7e7d48ab80808080808080808080808080808080808080808080b5587e55ab80
808080077e7d7dcf808080808080808080808080808080808080808080808007
80808080808080e9737e7e7e9480808080808080808080808080808080808080
8080808080808080808080bf5f7d7d2b8b808080808080808080808080808080
808080808080808080808080808080077e7d7dcf808080808080808080808080
808080808080808080808080808080808080808a487d7d709380808080808080
578080808080808080808080808080808080808080808080f97d7d7de0808080
806d7d7d770580808080808080808080808080808080808080808080807d7d7d
8080808080b97d7d7d1c80808080808080808080808080808080808080808080
808080808080808080b97d7d7d1c808080808080808080808080808080808080
808080808080808080808080808db940c9a48080808080808080808080808080
8080808080808080808080808080808080808080808080808080808080808080
8080808080808080808080808080808080808080808080808080808080808080
8080808080808080808080808080808080808080808080808080808080808080
0000000000000000000000000000000080808080808080808080808080808080
8080808080808080808080808080808080808080808080808080808080808080
8080808080808080808080808080808080808080808080808080808080808080
8080808080808080808080808080808080808080808080808080808080808080
8080808080808080808080808080808080808080808080808080808080808080
911c7e7e7e44f395808080808080808080808080808080808080808080808080
808080811f7d7d787b7d7d4bc180808080808080808080808080808080808080
80808080808080947d76f5a9c413717d79098880808080808080808080808080
808080808080808080808092777af38280809d1d727ded808080808080808080
80808080808080808080808080808080ea7d7dad80808080a411968080808080
8080808080808080808080808080808080808080875b7d7019ef868080808080
7d7d786f148080808080808080808080808080808080808080af667d7d7dd480
df787d7d357c7d7d6f8080808080808080808080808080808080808080e37a7d
808080ce7c7d38b2818484ac8480808080808080808080808080808080808080
80808080808080f97d648e808080808080808080808080808080808080808080
80808080808080808080805b7dfe808080808080808080808080808080808080
ec8080808080808080808080808080557d028080808080808080808080808080
808080276ca080808080808080808080808080f87d60808080808080808080dd
80808080808080327dc180808080808080808080808080c67d7af88280808080
864b7d731e918080808080326b9f8080808080808080808080808086257d7daf
80808080809323787d5815dbdada0a6b5b808080808080808080808080808080
808080808080808080808098126b7d7e7d7d7d7d228080808080808080808080
8080808080808080808080808080808080a00619467d25fb9a80808080808080
8080808080808080808080808080808080808080808080808080808080808080
8080808080808080808080808080808080808080808080808080808080808080
0000000000000000000000000000000080808080808080808080808080808080
8080808080808080808080808080808080808080808080808080808080808080
8080808080808080808080808080808080808080808080808080808080808080
808080808080808080808080808080808080808080cf600d8e80808080808080
7ee38080808080808080808080808080808080808080808080f57d7d3a808080
808080a87478b480808080808080808080808080808080808080808080a4f32b
8080808080808080ad7d5b9f8080808080808080808080808080808080808080
808080808080808080808080802b7ef785808080808080808080808080808080
808080808080808080808080808080808089547de78080808080808080808080
80808080808080808080808080808080808080808080ab644493808080808080
7d42808080808080808080808080808080808080808080808080802e7d158080
808080802e7f97808080808080808080808080808080808080808080808080e4
397d7d7757b58080077e3480808080808080808080808080808080808ebbe1b2
808080c47d2ceb587e6bd880077e438080808080808080808080808080808080
808080808080802d7d0880991a7d7bd8077e4380808080808080808080808080
8080808080808080808080e27d08808080f66d6b167e43808080808080808080
808080808080808080808080808080977e09808080801a7e7e7fe38080808080
7dff8080808080808080808080808080808080b5753794948d80fc7d7d508f80
7e7d7d71ee85808080808080808080808080808080808080fe7d7d7d602f717d
80de5e7d7e7d23a9808080808080808080808080808080808080808085587d7d
8080808080808080808080808080808080808080808080808080808080808080
8080808080808080808080808080808080808080808080808080808080808080
8080808080808080808080808080808080808080808080808080808080808080
8080808080808080808080808080808080808080808080808080808080808080
8080808080808080808080808080808080808080808080808080808080808080
0000000000000000000000000000000080808080808080808080808080808080
8080808080808080808080808080808080808080808080808080808080808080
8080808080808080808080808080808080808080808080808080808080808080
8080808080808080808080808080808080808080808080808080808080808080
8080808080808080808080808080808080808080808080808080808080808080
8080808080808080808080808080808080808080808080808080808080808080
82f99f80bb766073f48680808080808080808080808080808080808080808080
8080808095645b91991e88df3f15828080808080808080808080808080808080
808080808080808080ac644685bd8080b8152d8e808080808080808080808080
8080808080808080808080808080cb4bc2808080809948d68080808080808080
0b8080808080808080808080808080808080ae6673ab808080800afd80808080
8080808a64d88080808080808080808080808080808080d47c15808080808649
80ee6042c4828080e0618480808080808080808080808080808080800b7d1892
808080808080c7797f17bc9c9465b18080808080808080808080808080808080
80808080808080808080804a764e5d7d4e79a980808080808080808080808080
8080808080808080808080808080800e760790fb44ea80808080808080808080
8080808080808080808080808080808080808085467eee808080808080808080
838080808080808080808080808080808080808080808080996d7a9d80808080
80808074f080808080808080808080808080808080808080808080808098525b
80808080808080fc74c080808080808080808080808080808080808080808080
8080808080808080808080842469de8080808080808080808080808080808080
80808080808080808080808080808080895e5380808080808080808080808080
808080808080808080808080808080808080808080fd53808080808080808080
8080808080808080808080808080808080808080808080808082da9880808080
8080808080808080808080808080808080808080808080808080808080808080
0000000000000000000000000000000080808080808080808080808080808080
8080808080808080808080808080808080808080808080808080808080808080
8080808080808080808080808080808080808080808080808080808080808080
8080808080808080808080808080808080808080808080808080808080808080
8080808080808080808080808080808080808080808080808080808080808080
808080a6fd1e1efdfdfdee808080808080808080808080808080808080808080
808080808080d37b7e7e7f7e7e7e7e1d80808080808080808080808080808080
80808080808080808010777e7e7e7e7e7e7e7e2c808080808080808080808080
808080808080808080808080805e7e7e7e7e7e7e7e7ee8888080808080808080
80808080808080808080808080808080805e7e7e7e7e7e3805998a8080808080
78f5808080808080808080808080808080808080805e7e7e7e7e7e6838808080
7e7e7e7e7e5880808080808080808080808080808080808080ef7e7e7e7e7e7e
805e7e7e7e7e7e7e72d880808080808080808080808080808080808080037e7e
808080809a667e7e6c4d7e71d980808080808080808080808080808080808080
8080808080808080007e7e7e1991c1b480808080808080808080808080808080
808080808080808080808080647e7e7eb5808080808080808080808080808080
80808080808080808080808080808080097e7e7ecd8080808080808080808080
8080918080808080808080808080808080808080e27e7e7e67a8808080808080
7e7e3603b21d4f0e80808080808080808080808080808080a3697e7e7e188980
80d47b7e7e7e7e7e7e7e7e74bf80808080808080808080808080808080507e7e
80808080808008757e7e7e7e7e7e7e7eea808080808080808080808080808080
8080808080808080808080a45d7a7e7e7e7e7e6bb18080808080808080808080
8080808080808080808080808080808080a05d7e7e6bed808080808080808080
8080808080808080808080808080808080808080808080808080808080808080
8080808080808080808080808080808080808080808080808080808080808080
0000000000000000000000000000000080808080808080808080808080808080
8080808080808080808080808080808080808080808080808080808080808080
8080808080808080808080808080808080808080808080808080808080808080
8080808080808080808080808080808080808080808080808080808080808080
807d7d7ddc808080808080808080808080808080808080808080808080808080
80808080807b7b7b3e8080808080808080808080808080808080808080808080
8080808080808080807b7b7b3e80808080808080808080808080808080808080
808080808080808080808080807b7b7b3e808080808080808080808080808080
80808080808080808080808080808080807b7b7b3e8080808080808080808080
8080808080808080808080808080808080808098437d7d7d3f80808080808080
3e80808080808080808080808080808080808080808080be7d7b7b7b3e808080
7d7b7b7bb3808080808080808080808080808080808080808080800d7d7b7b7b
8080805c7d7b7b7ba0808080808080808080808080808080808080808080805c
808080808080805d7f7d7d2e8c80808080808080808080808080808080808080
80808080808080808080805c7d7b7b7ba0808080808080808080808080808080
8080808080808080808080808080805c7d7b7b7ba08080808080808080808080
808080808080808080808080808080808080805c7d7b7b7ba080808080808080
94808080808080808080808080808080808080808080805c7d7b7b7ba0808080
7d7b65a080808080808080808080808080808080808080808080fe7d7f7d7d4e
80df3c7b7d7b5d8080808080808080808080808080808080808080808080fe7b
80808080803c7b7b7d5335808080808080808080808080808080808080808080
808080808080808080d97b7b19a3988080808080808080808080808080808080
8080808080808080808080808080808080808080808080808080808080808080
8080808080808080808080808080808080808080808080808080808080808080
8080808080808080808080808080808080808080808080808080808080808080
0000000000000000000000000000000080808080808080808080808080808080
8080808080808080808080808080808080808080808080808080808080808080
8080808080808080808080808080808080808080808080808080808080808080
8080808080808080808080808080808080808080808080808080808080808080
8080808080808080808080808080808080808080808080808080808080808080
7da5808080808080808080808080808080808080808080808080808080808080
80c77c7d7c35bf8080bfbf808080808080808080808080808080808080c87d7f
8080808080942e6d7c7c5e908057723680808080808080808080808080808080
8080808080808080808080107c7c7c3f81dc527d109580808080808080808080
80808080808080808080808080808080ec7c7c7d1080944e7c53de8080808080
04767c53a58680808080808080808080808080808f5c7c7d6da080947c7c63a0
7c7cc98080047c7c7ca5808080808080808080808080958080437c7d7c168b80
3fed537f7d7dc98080c87d7d7d368080808080808080808080a94e1180c77c7d
80b3677d7c7c7c7d7c7cf3aac9fc7c7c7c72bf80808080808080808080c87d7f
808080808080196d7c7c7c7d7c7c725e7c7c7c7c7c7cc9808080808080808080
8080808080808080808080107c7c7c7d7c7c7c7d7c7c7c7c7c7cc98080808080
f7858080808080808080808080808080106d7d7f7d7d7d7f7d7d7d7d7d20aa80
1ab38a9f80808080808080808080808080808080809e0a5e7c7c7c7d7c673d52
7c7c7c7d8080808080808080808080808080808080808080808085207c7c7c7d
80057d7f7d7d7d4080808080808080808080808080808080808080808080f77d
80808080802e7c7d7c7c72ce8080808080808080808080808080808080808080
808080808080808080bd5c7d7c5de78080808080808080808080808080808080
80808080808080808080808080808fec3e908080808080808080808080808080
8080808080808080808080808080808080808080808080808080808080808080
8080808080808080808080808080808080808080808080808080808080808080
0000000000000000000000000000000080808080808080808080808080808080
8080808080808080808080808080808080808080808080808080808080808080
8080808080808080808080808080808080808080808080808080808080808080
8080808080808080808080808080808080808080808080808080808080808080
8080808080808080808080808080808080808080808080808080808080808080
8080808080808b85d67596808080808080808080808080808080808080808080
808080808080808080804b3170d0808080808080808080808080808080808080
80808080808080808080808080807c7c38808080808080808080808080808080
8080808080808080808080808080808080807c7c388080808080808080808080
808080808080808080808080808080808080808080ea7c7c0380808080808080
808080808080808080808080808080808080808080808080b2747d65a0808080
5b7d57c4808080808080808080808080808080808080808080808080f17d7c05
808080ef7c7d9580808080808080808080808080808080808080808080808093
80808080808080377c7d80808080808080808080808080808080808080808080
8080808080808080808080387d7f808080808080808080808080808080808080
808080808080808080808080808089447c1f8080808080808080808080808080
808080808080808080808080808080808080ad7c639180808080808080808080
80808080808080808080808080808080808080808080ad7c2180808080808080
af80808080808080808080808080808080808080808080808080167cb9808080
8080207caf80808080808080808080808080808080808080808080808080217d
808080808080207caf8080808080808080808080808080808080808080808080
808080808080808080936c7caf80808080808080808080808080808080808080
8080808080808080808080808082f40985808080808080808080808080808080
8080808080808080808080808080808080808080808080808080808080808080
8080808080808080808080808080808080808080808080808080808080808080
0000000000000000000000000000000080808080808080808080808080808080
8080808080808080808080808080808080808080808080808080808080808080
8080808080808080808080808080808080808080808080808080808080808080
8080808080808080808080808080808080808080808080808080808080808080
8080808080808080808080808080808080808080808080808080808080808080
8080808080808080808080808080808080808080808080808080808080808080
808080808083ad08a69292929292b9089b808080808080808080808080808080
808080808080808080a97d7d7d7d7d7d7d7d7d7d7e8080808080808080808080
80808080808080808080808080a97d7d7d7d7d7d7d7d7d7d7f80808080808080
80808080808080808080808080808080809e687d7d7d7d5421c11d36c9808080
80808080808080808080808080808080808080808080bc697d7d78b980808080
7d7d3b8080808080808080808080808080808080808080808080b4777d7d748c
989898dd7d7d790e0ef198848080808080808080808080808080808080808342
7d7d7d7d7d7d7d7d7d7d7d7d7d7d709e8080808080808080808d989898989898
8080ae1b42577d7d7d7d7d7d7d7d7d7d57eeb480808080808080808080286d7d
80808080808080808095bbbbc5304266717d7d7dd98080808080808080808080
8080808080808080808080808080808080808a9d277d7d7dd980808080808080
d98080808080808080808080808080808080808080808080de7d7d7dd9808080
b7737d7dd9808080808080808080808080808080808080808080808082667d7d
80808080de7d7d7dd98080808080808080808080808080808080808080808080
8080808080808080de7d7d7dd980808080808080808080808080808080808080
808080808080808080808080946a7d7dd9808080808080808080808080808080
8080808080808080808080808080808080667d7dd98080808080808080808080
808080808080808080808080808080808080808080c407fa8680808080808080
8080808080808080808080808080808080808080808080808080808080808080
0000000000000000000000000000000080808080808080808080808080808080
8080808080808080808080808080808080808080808080808080808080808080
8080808080808080808080808080808080808080808080808080808080808080
8080808080808080808080808080808080808080808080808080808080808080
71d7848080808080808080808080808080808080808080800277711d95808080
329080a9737d289380808080808080808080808080808080808084187d5e4671
8080f86bb4808080a74f7d12808080808080808080808080808080808080ed7e
80808080808080808080808080957073c8808080808080808080808080808080
808080808080808080808080808080808080c773519580808080808080808080
8080808080808080808080808080808080808080808080117d51948080808080
d97e6e95808080808080808080808080808080808080808080808092617e0880
80808080854a7ded808080808080808080808080808080808080808080808080
808080808080808080367e078080808080808080808080808080808080808080
80808080808080808080808080017df480808080808080808080808080808080
8080808080808080808080808080808080db7d1a808080808080808080808080
8080808080808080808080808c9393938c80808080017d6e9b80808080808080
808080808080808080808080808080c2637d7d7d64fca88080357d6e9b808080
6d7e7dda8080808080808080808080808080854a7e7e3f3a7f7e7e19854a7e0d
8080fd7d7d7e11838080808080808080808080808080927e7d4b838292ec5f7a
297b7d534847797d7d509480808080808080808080808080808083127d62b288
8080808080d64f7d7e7d7d2ffc95808080808080808080808080808080808094
8080808080808080808080808080808080808080808080808080808080808080
8080808080808080808080808080808080808080808080808080808080808080
8080808080808080808080808080808080808080808080808080808080808080
8080808080808080808080808080808080808080808080808080808080808080
0000000000000000000000000000000080808080808080808080808080808080
8080808080808080808080808080808080808080808080808080808080808080
8080808080808080808080808080808080808080808080808080808080808080
8080808080808080808080808080808080808080808080808080808080808080
8080808080808080808080808080808080808080808080808080808080808080
8080808080808080808080808080808080808080808080808080808080808080
80808080808088f9757f7f76faa6828080808080808080808080808080808080
808080808080808080831b7d7d7d7d7d7d7d30b9808080808080808080808080
80808080808080808080808080e97d7d7d787a7d7d7d7d3f8180808080808080
7d8680808080808080808080808080808e3b7d7d1b80a5ef52757d7dfe818080
80800d7d7d868080808080808080808080808080f47d7d628f808080800b7a7d
8e8080808080966e7dc980808080808080808080808080995b7d7dcc80808080
7d7d7d7d41a080808080956b7df280808080808080808080808080167d7d7d5d
8080811f7d7d7d7d7d2ba8828080fe7d7dbd8080808080808080808080808466
80808080808080c9707d7d7d7d7d7d1fb7e0537d7d8680808080808080808080
8080808080808080808080803c7d7d567d7d7d7d7d7d7d7d0582808080808080
80808080808080808080808080808080d77d7dc19640687c7d752ee183808080
80808080808080808080808080808080808080809c6b5e95808080d1d6b68080
8080808080808080808080808080808080808080808080808062609780808080
80407d2880808080808080808080808080808080808080808080808080fb7dc8
80808080a16d7d28808080808080808080808080808080808080808080808080
8080808080808080d17d7d288080808080808080808080808080808080808080
808080808080808080808080d17d7d2880808080808080808080808080808080
80808080808080808080808080808080ae7269e1808080808080808080808080
8080808080808080808080808080808080808080808080808080808080808080
0000000000000000000000000000000080808080808080808080808080808080
